FILE erhfs.txt TRANSLATED FROM RME FILE erhfs.mm_
CREATED   18 May 2017 11:08:15  BY METRANS 20 Nov 90   
1 1  1.000000000000000e+00
2 2  1.000000000000000e+00
3 3  1.000000000000000e+00
4 4  1.000000000000000e+00
5 5  1.000000000000000e+00
6 6  1.000000000000000e+00
7 7  1.000000000000000e+00
8 8  1.000000000000000e+00
9 9  1.000000000000000e+00
10 10  1.000000000000000e+00
11 11  1.000000000000000e+00
12 12  1.000000000000000e+00
13 13  1.000000000000000e+00
14 14  1.000000000000000e+00
15 15  1.000000000000000e+00
16 16  1.000000000000000e+00
17 17  1.000000000000000e+00
18 18  1.000000000000000e+00
19 19  1.000000000000000e+00
20 20  1.000000000000000e+00
21 21  1.000000000000000e+00
22 22  1.000000000000000e+00
23 23  1.000000000000000e+00
24 24  1.000000000000000e+00
25 25  1.000000000000000e+00
26 26  1.000000000000000e+00
27 27  1.000000000000000e+00
28 28  1.000000000000000e+00
29 29  1.000000000000000e+00
30 30  1.000000000000000e+00
31 31  1.000000000000000e+00
32 32  1.000000000000000e+00
33 33  1.000000000000000e+00
34 34  1.000000000000000e+00
35 35  1.000000000000000e+00
36 36  1.000000000000000e+00
37 37  1.000000000000000e+00
38 38  1.000000000000000e+00
39 39  1.000000000000000e+00
40 40  1.000000000000000e+00
41 41  1.000000000000000e+00
42 42  1.000000000000000e+00
43 43  1.000000000000000e+00
44 44  1.000000000000000e+00
45 45  1.000000000000000e+00
46 46  1.000000000000000e+00
47 47  1.000000000000000e+00
48 48  1.000000000000000e+00
49 49  1.000000000000000e+00
50 50  1.000000000000000e+00
51 51  1.000000000000000e+00
52 52  1.000000000000000e+00
53 53  1.000000000000000e+00
54 54  1.000000000000000e+00
55 55  1.000000000000000e+00
56 56  1.000000000000000e+00
57 57  1.000000000000000e+00
58 58  1.000000000000000e+00
59 59  1.000000000000000e+00
60 60  1.000000000000000e+00
61 61  1.000000000000000e+00
62 62  1.000000000000000e+00
63 63  1.000000000000000e+00
64 64  1.000000000000000e+00
65 65  1.000000000000000e+00
66 66  1.000000000000000e+00
67 67  1.000000000000000e+00
68 68  1.000000000000000e+00
69 69  1.000000000000000e+00
70 70  1.000000000000000e+00
71 71  1.000000000000000e+00
72 72  1.000000000000000e+00
73 73  1.000000000000000e+00
74 74  1.000000000000000e+00
75 75  1.000000000000000e+00
76 76  1.000000000000000e+00
77 77  1.000000000000000e+00
78 78  1.000000000000000e+00
79 79  1.000000000000000e+00
80 80  1.000000000000000e+00
81 81  1.000000000000000e+00
82 82  1.000000000000000e+00
83 83  1.000000000000000e+00
84 84  1.000000000000000e+00
85 85  1.000000000000000e+00
86 86  1.000000000000000e+00
87 87  1.000000000000000e+00
88 88  1.000000000000000e+00
89 89  1.000000000000000e+00
90 90  1.000000000000000e+00
91 91  1.000000000000000e+00
92 92  1.000000000000000e+00
93 93  1.000000000000000e+00
94 94  1.000000000000000e+00
95 95  1.000000000000000e+00
96 96  1.000000000000000e+00
97 97  1.000000000000000e+00
98 98  1.000000000000000e+00
99 99  1.000000000000000e+00
100 100  1.000000000000000e+00
101 101  1.000000000000000e+00
102 102  1.000000000000000e+00
103 103  1.000000000000000e+00
104 104  1.000000000000000e+00
105 105  1.000000000000000e+00
106 106  1.000000000000000e+00
107 107  1.000000000000000e+00
108 108  1.000000000000000e+00
109 109  1.000000000000000e+00
110 110  1.000000000000000e+00
111 111  1.000000000000000e+00
112 112  1.000000000000000e+00
113 113  1.000000000000000e+00
114 114  1.000000000000000e+00
115 115  1.000000000000000e+00
116 116  1.000000000000000e+00
117 117  1.000000000000000e+00
118 118  1.000000000000000e+00
119 119  1.000000000000000e+00
120 120  1.000000000000000e+00
121 121  1.000000000000000e+00
122 122  1.000000000000000e+00
123 123  1.000000000000000e+00
124 124  1.000000000000000e+00
125 125  1.000000000000000e+00
126 126  1.000000000000000e+00
127 127  1.000000000000000e+00
128 128  1.000000000000000e+00
129 129  1.000000000000000e+00
130 130  1.000000000000000e+00
131 131  1.000000000000000e+00
132 132  1.000000000000000e+00
133 133  1.000000000000000e+00
134 134  1.000000000000000e+00
135 135  1.000000000000000e+00
136 136  1.000000000000000e+00
137 137  1.000000000000000e+00
138 138  1.000000000000000e+00
139 139  1.000000000000000e+00
140 140  1.000000000000000e+00
141 141  1.000000000000000e+00
142 142  1.000000000000000e+00
143 143  1.000000000000000e+00
144 144  1.000000000000000e+00
145 145  1.000000000000000e+00
146 146  1.000000000000000e+00
147 147  1.000000000000000e+00
148 148  1.000000000000000e+00
149 149  1.000000000000000e+00
150 150  1.000000000000000e+00
151 151  1.000000000000000e+00
152 152  1.000000000000000e+00
153 153  1.000000000000000e+00
154 154  1.000000000000000e+00
155 155  1.000000000000000e+00
156 156  1.000000000000000e+00
157 157  1.000000000000000e+00
158 158  1.000000000000000e+00
159 159  1.000000000000000e+00
160 160  1.000000000000000e+00
161 161  1.000000000000000e+00
162 162  1.000000000000000e+00
163 163  1.000000000000000e+00
164 164  1.000000000000000e+00
165 165  1.000000000000000e+00
166 166  1.000000000000000e+00
167 167  1.000000000000000e+00
168 168  1.000000000000000e+00
169 169  1.000000000000000e+00
170 170  1.000000000000000e+00
171 171  1.000000000000000e+00
172 172  1.000000000000000e+00
173 173  1.000000000000000e+00
174 174  1.000000000000000e+00
175 175  1.000000000000000e+00
176 176  1.000000000000000e+00
177 177  1.000000000000000e+00
178 178  1.000000000000000e+00
179 179  1.000000000000000e+00
180 180  1.000000000000000e+00
181 181  1.000000000000000e+00
182 182  1.000000000000000e+00
183 183  1.000000000000000e+00
184 184  1.000000000000000e+00
185 185  1.000000000000000e+00
186 186  1.000000000000000e+00
187 187  1.000000000000000e+00
188 188  1.000000000000000e+00
189 189  1.000000000000000e+00
190 190  1.000000000000000e+00
191 191  1.000000000000000e+00
192 192  1.000000000000000e+00
193 193  1.000000000000000e+00
194 194  1.000000000000000e+00
195 195  1.000000000000000e+00
196 196  1.000000000000000e+00
197 197  1.000000000000000e+00
198 198  1.000000000000000e+00
199 199  1.000000000000000e+00
200 200  1.000000000000000e+00
201 201  1.000000000000000e+00
202 202  1.000000000000000e+00
203 203  1.000000000000000e+00
204 204  1.000000000000000e+00
205 205  1.000000000000000e+00
206 206  1.000000000000000e+00
207 207  1.000000000000000e+00
208 208  1.000000000000000e+00
209 209  1.000000000000000e+00
210 210  1.000000000000000e+00
211 211  1.000000000000000e+00
212 212  1.000000000000000e+00
213 213  1.000000000000000e+00
214 214  1.000000000000000e+00
215 215  1.000000000000000e+00
216 216  1.000000000000000e+00
217 217  1.000000000000000e+00
218 218  1.000000000000000e+00
219 219  1.000000000000000e+00
220 220  1.000000000000000e+00
221 221  1.000000000000000e+00
222 222  1.000000000000000e+00
223 223  1.000000000000000e+00
224 224  1.000000000000000e+00
225 225  1.000000000000000e+00
226 226  1.000000000000000e+00
227 227  1.000000000000000e+00
228 228  1.000000000000000e+00
229 229  1.000000000000000e+00
230 230  1.000000000000000e+00
231 231  1.000000000000000e+00
232 232  1.000000000000000e+00
233 233  1.000000000000000e+00
234 234  1.000000000000000e+00
235 235  1.000000000000000e+00
236 236  1.000000000000000e+00
237 237  1.000000000000000e+00
238 238  1.000000000000000e+00
239 239  1.000000000000000e+00
240 240  1.000000000000000e+00
1 1 -2.239945179775368e-01
2 2 -2.239945179775368e-01
3 3 -2.239945179775368e-01
4 4 -2.239945179775368e-01
5 5 -2.239945179775368e-01
6 6 -2.239945179775368e-01
7 7 -2.239945179775368e-01
8 8 -2.239945179775368e-01
9 9 -2.239945179775368e-01
10 10 -2.239945179775368e-01
11 11 -2.239945179775368e-01
12 12 -2.239945179775368e-01
13 13 -2.239945179775368e-01
14 14 -2.239945179775368e-01
15 15 -2.239945179775368e-01
16 16 -2.239945179775368e-01
17 17 -2.261959894428867e-01
18 18 -2.261959894428867e-01
19 19 -2.261959894428867e-01
20 20 -2.261959894428867e-01
21 21 -2.261959894428867e-01
22 22 -2.261959894428867e-01
23 23 -2.261959894428867e-01
24 24 -2.261959894428867e-01
25 25 -2.239945179775368e-01
26 26 -2.239945179775368e-01
27 27 -2.239945179775368e-01
28 28 -2.239945179775368e-01
29 29 -2.239945179775368e-01
30 30 -2.239945179775368e-01
31 31 -2.239945179775368e-01
32 32 -2.239945179775368e-01
33 33 -2.261959894428867e-01
34 34 -2.261959894428867e-01
35 35 -2.261959894428867e-01
36 36 -2.261959894428867e-01
37 37 -2.261959894428867e-01
38 38 -2.261959894428867e-01
39 39 -2.261959894428867e-01
40 40 -2.261959894428867e-01
41 41 -2.239945179775368e-01
42 42 -2.239945179775368e-01
43 43 -2.239945179775368e-01
44 44 -2.239945179775368e-01
45 45 -2.239945179775368e-01
46 46 -2.239945179775368e-01
47 47 -2.239945179775368e-01
48 48 -2.239945179775368e-01
49 49 -2.261959894428867e-01
50 50 -2.261959894428867e-01
51 51 -2.261959894428867e-01
52 52 -2.261959894428867e-01
53 53 -2.261959894428867e-01
54 54 -2.261959894428867e-01
55 55 -2.261959894428867e-01
56 56 -2.261959894428867e-01
57 57 -2.239945179775368e-01
58 58 -2.239945179775368e-01
59 59 -2.239945179775368e-01
60 60 -2.239945179775368e-01
61 61 -2.239945179775368e-01
62 62 -2.239945179775368e-01
63 63 -2.239945179775368e-01
64 64 -2.239945179775368e-01
65 65 -2.261959894428867e-01
66 66 -2.261959894428867e-01
67 67 -2.261959894428867e-01
68 68 -2.261959894428867e-01
69 69 -2.261959894428867e-01
70 70 -2.261959894428867e-01
71 71 -2.261959894428867e-01
72 72 -2.261959894428867e-01
73 73 -2.239945179775368e-01
74 74 -2.239945179775368e-01
75 75 -2.239945179775368e-01
76 76 -2.239945179775368e-01
77 77 -2.239945179775368e-01
78 78 -2.239945179775368e-01
79 79 -2.239945179775368e-01
80 80 -2.239945179775368e-01
81 81 -2.261959894428867e-01
82 82 -2.261959894428867e-01
83 83 -2.261959894428867e-01
84 84 -2.261959894428867e-01
85 85 -2.261959894428867e-01
86 86 -2.261959894428867e-01
87 87 -2.261959894428867e-01
88 88 -2.261959894428867e-01
89 89 -2.239945179775368e-01
90 90 -2.239945179775368e-01
91 91 -2.239945179775368e-01
92 92 -2.239945179775368e-01
93 93 -2.239945179775368e-01
94 94 -2.239945179775368e-01
95 95 -2.239945179775368e-01
96 96 -2.239945179775368e-01
97 97 -2.261959894428867e-01
98 98 -2.261959894428867e-01
99 99 -2.261959894428867e-01
100 100 -2.261959894428867e-01
101 101 -2.261959894428867e-01
102 102 -2.261959894428867e-01
103 103 -2.261959894428867e-01
104 104 -2.261959894428867e-01
105 105 -2.239945179775368e-01
106 106 -2.239945179775368e-01
107 107 -2.239945179775368e-01
108 108 -2.239945179775368e-01
109 109 -2.239945179775368e-01
110 110 -2.239945179775368e-01
111 111 -2.239945179775368e-01
112 112 -2.239945179775368e-01
113 113 -2.261959894428867e-01
114 114 -2.261959894428867e-01
115 115 -2.261959894428867e-01
116 116 -2.261959894428867e-01
117 117 -2.261959894428867e-01
118 118 -2.261959894428867e-01
119 119 -2.261959894428867e-01
120 120 -2.261959894428867e-01
121 121 -2.239945179775368e-01
122 122 -2.239945179775368e-01
123 123 -2.239945179775368e-01
124 124 -2.239945179775368e-01
125 125 -2.239945179775368e-01
126 126 -2.239945179775368e-01
127 127 -2.239945179775368e-01
128 128 -2.239945179775368e-01
129 129 -2.261959894428867e-01
130 130 -2.261959894428867e-01
131 131 -2.261959894428867e-01
132 132 -2.261959894428867e-01
133 133 -2.261959894428867e-01
134 134 -2.261959894428867e-01
135 135 -2.261959894428867e-01
136 136 -2.261959894428867e-01
137 137 -2.239945179775368e-01
138 138 -2.239945179775368e-01
139 139 -2.239945179775368e-01
140 140 -2.239945179775368e-01
141 141 -2.239945179775368e-01
142 142 -2.239945179775368e-01
143 143 -2.239945179775368e-01
144 144 -2.239945179775368e-01
145 145 -2.261959894428867e-01
146 146 -2.261959894428867e-01
147 147 -2.261959894428867e-01
148 148 -2.261959894428867e-01
149 149 -2.261959894428867e-01
150 150 -2.261959894428867e-01
151 151 -2.261959894428867e-01
152 152 -2.261959894428867e-01
153 153 -2.239945179775368e-01
154 154 -2.239945179775368e-01
155 155 -2.239945179775368e-01
156 156 -2.239945179775368e-01
157 157 -2.239945179775368e-01
158 158 -2.239945179775368e-01
159 159 -2.239945179775368e-01
160 160 -2.239945179775368e-01
161 161 -2.261959894428867e-01
162 162 -2.261959894428867e-01
163 163 -2.261959894428867e-01
164 164 -2.261959894428867e-01
165 165 -2.261959894428867e-01
166 166 -2.261959894428867e-01
167 167 -2.261959894428867e-01
168 168 -2.261959894428867e-01
169 169 -2.239945179775368e-01
170 170 -2.239945179775368e-01
171 171 -2.239945179775368e-01
172 172 -2.239945179775368e-01
173 173 -2.239945179775368e-01
174 174 -2.239945179775368e-01
175 175 -2.239945179775368e-01
176 176 -2.239945179775368e-01
177 177 -2.261959894428867e-01
178 178 -2.261959894428867e-01
179 179 -2.261959894428867e-01
180 180 -2.261959894428867e-01
181 181 -2.261959894428867e-01
182 182 -2.261959894428867e-01
183 183 -2.261959894428867e-01
184 184 -2.261959894428867e-01
185 185 -2.239945179775368e-01
186 186 -2.239945179775368e-01
187 187 -2.239945179775368e-01
188 188 -2.239945179775368e-01
189 189 -2.239945179775368e-01
190 190 -2.239945179775368e-01
191 191 -2.239945179775368e-01
192 192 -2.239945179775368e-01
193 193 -2.261959894428867e-01
194 194 -2.261959894428867e-01
195 195 -2.261959894428867e-01
196 196 -2.261959894428867e-01
197 197 -2.261959894428867e-01
198 198 -2.261959894428867e-01
199 199 -2.261959894428867e-01
200 200 -2.261959894428867e-01
201 201 -2.239945179775368e-01
202 202 -2.239945179775368e-01
203 203 -2.239945179775368e-01
204 204 -2.239945179775368e-01
205 205 -2.239945179775368e-01
206 206 -2.239945179775368e-01
207 207 -2.239945179775368e-01
208 208 -2.239945179775368e-01
209 209 -2.261959894428867e-01
210 210 -2.261959894428867e-01
211 211 -2.261959894428867e-01
212 212 -2.261959894428867e-01
213 213 -2.261959894428867e-01
214 214 -2.261959894428867e-01
215 215 -2.261959894428867e-01
216 216 -2.261959894428867e-01
217 217 -2.239945179775368e-01
218 218 -2.239945179775368e-01
219 219 -2.239945179775368e-01
220 220 -2.239945179775368e-01
221 221 -2.239945179775368e-01
222 222 -2.239945179775368e-01
223 223 -2.239945179775368e-01
224 224 -2.239945179775368e-01
225 225 -2.261959894428867e-01
226 226 -2.261959894428867e-01
227 227 -2.261959894428867e-01
228 228 -2.261959894428867e-01
229 229 -2.261959894428867e-01
230 230 -2.261959894428867e-01
231 231 -2.261959894428867e-01
232 232 -2.261959894428867e-01
233 233 -2.239945179775368e-01
234 234 -2.239945179775368e-01
235 235 -2.239945179775368e-01
236 236 -2.239945179775368e-01
237 237 -2.239945179775368e-01
238 238 -2.239945179775368e-01
239 239 -2.239945179775368e-01
240 240 -2.239945179775368e-01
1 1 -8.366002411081830e-02
2 2 -8.366002411081830e-02
3 3 -8.366002411081830e-02
4 4 -8.366002411081830e-02
5 5 -8.366002411081830e-02
6 6 -8.366002411081830e-02
7 7 -8.366002411081830e-02
8 8 -8.366002411081830e-02
9 9 -8.366002411081830e-02
10 10 -8.366002411081830e-02
11 11 -8.366002411081830e-02
12 12 -8.366002411081830e-02
13 13 -8.366002411081830e-02
14 14 -8.366002411081830e-02
15 15 -8.366002411081830e-02
16 16 -8.366002411081830e-02
17 17 -8.633870653751008e-02
18 18 -8.633870653751008e-02
19 19 -8.633870653751008e-02
20 20 -8.633870653751008e-02
21 21 -8.633870653751008e-02
22 22 -8.633870653751008e-02
23 23 -8.633870653751008e-02
24 24 -8.633870653751008e-02
25 25 -8.366002411081830e-02
26 26 -8.366002411081830e-02
27 27 -8.366002411081830e-02
28 28 -8.366002411081830e-02
29 29 -8.366002411081830e-02
30 30 -8.366002411081830e-02
31 31 -8.366002411081830e-02
32 32 -8.366002411081830e-02
33 33 -8.633870653751008e-02
34 34 -8.633870653751008e-02
35 35 -8.633870653751008e-02
36 36 -8.633870653751008e-02
37 37 -8.633870653751008e-02
38 38 -8.633870653751008e-02
39 39 -8.633870653751008e-02
40 40 -8.633870653751008e-02
41 41 -8.366002411081830e-02
42 42 -8.366002411081830e-02
43 43 -8.366002411081830e-02
44 44 -8.366002411081830e-02
45 45 -8.366002411081830e-02
46 46 -8.366002411081830e-02
47 47 -8.366002411081830e-02
48 48 -8.366002411081830e-02
49 49 -8.633870653751008e-02
50 50 -8.633870653751008e-02
51 51 -8.633870653751008e-02
52 52 -8.633870653751008e-02
53 53 -8.633870653751008e-02
54 54 -8.633870653751008e-02
55 55 -8.633870653751008e-02
56 56 -8.633870653751008e-02
57 57 -8.366002411081830e-02
58 58 -8.366002411081830e-02
59 59 -8.366002411081830e-02
60 60 -8.366002411081830e-02
61 61 -8.366002411081830e-02
62 62 -8.366002411081830e-02
63 63 -8.366002411081830e-02
64 64 -8.366002411081830e-02
65 65 -8.633870653751008e-02
66 66 -8.633870653751008e-02
67 67 -8.633870653751008e-02
68 68 -8.633870653751008e-02
69 69 -8.633870653751008e-02
70 70 -8.633870653751008e-02
71 71 -8.633870653751008e-02
72 72 -8.633870653751008e-02
73 73 -8.366002411081830e-02
74 74 -8.366002411081830e-02
75 75 -8.366002411081830e-02
76 76 -8.366002411081830e-02
77 77 -8.366002411081830e-02
78 78 -8.366002411081830e-02
79 79 -8.366002411081830e-02
80 80 -8.366002411081830e-02
81 81 -8.633870653751008e-02
82 82 -8.633870653751008e-02
83 83 -8.633870653751008e-02
84 84 -8.633870653751008e-02
85 85 -8.633870653751008e-02
86 86 -8.633870653751008e-02
87 87 -8.633870653751008e-02
88 88 -8.633870653751008e-02
89 89 -8.366002411081830e-02
90 90 -8.366002411081830e-02
91 91 -8.366002411081830e-02
92 92 -8.366002411081830e-02
93 93 -8.366002411081830e-02
94 94 -8.366002411081830e-02
95 95 -8.366002411081830e-02
96 96 -8.366002411081830e-02
97 97 -8.633870653751008e-02
98 98 -8.633870653751008e-02
99 99 -8.633870653751008e-02
100 100 -8.633870653751008e-02
101 101 -8.633870653751008e-02
102 102 -8.633870653751008e-02
103 103 -8.633870653751008e-02
104 104 -8.633870653751008e-02
105 105 -8.366002411081830e-02
106 106 -8.366002411081830e-02
107 107 -8.366002411081830e-02
108 108 -8.366002411081830e-02
109 109 -8.366002411081830e-02
110 110 -8.366002411081830e-02
111 111 -8.366002411081830e-02
112 112 -8.366002411081830e-02
113 113 -8.633870653751008e-02
114 114 -8.633870653751008e-02
115 115 -8.633870653751008e-02
116 116 -8.633870653751008e-02
117 117 -8.633870653751008e-02
118 118 -8.633870653751008e-02
119 119 -8.633870653751008e-02
120 120 -8.633870653751008e-02
121 121 -8.366002411081830e-02
122 122 -8.366002411081830e-02
123 123 -8.366002411081830e-02
124 124 -8.366002411081830e-02
125 125 -8.366002411081830e-02
126 126 -8.366002411081830e-02
127 127 -8.366002411081830e-02
128 128 -8.366002411081830e-02
129 129 -8.633870653751008e-02
130 130 -8.633870653751008e-02
131 131 -8.633870653751008e-02
132 132 -8.633870653751008e-02
133 133 -8.633870653751008e-02
134 134 -8.633870653751008e-02
135 135 -8.633870653751008e-02
136 136 -8.633870653751008e-02
137 137 -8.366002411081830e-02
138 138 -8.366002411081830e-02
139 139 -8.366002411081830e-02
140 140 -8.366002411081830e-02
141 141 -8.366002411081830e-02
142 142 -8.366002411081830e-02
143 143 -8.366002411081830e-02
144 144 -8.366002411081830e-02
145 145 -8.633870653751008e-02
146 146 -8.633870653751008e-02
147 147 -8.633870653751008e-02
148 148 -8.633870653751008e-02
149 149 -8.633870653751008e-02
150 150 -8.633870653751008e-02
151 151 -8.633870653751008e-02
152 152 -8.633870653751008e-02
153 153 -8.366002411081830e-02
154 154 -8.366002411081830e-02
155 155 -8.366002411081830e-02
156 156 -8.366002411081830e-02
157 157 -8.366002411081830e-02
158 158 -8.366002411081830e-02
159 159 -8.366002411081830e-02
160 160 -8.366002411081830e-02
161 161 -8.633870653751008e-02
162 162 -8.633870653751008e-02
163 163 -8.633870653751008e-02
164 164 -8.633870653751008e-02
165 165 -8.633870653751008e-02
166 166 -8.633870653751008e-02
167 167 -8.633870653751008e-02
168 168 -8.633870653751008e-02
169 169 -8.366002411081830e-02
170 170 -8.366002411081830e-02
171 171 -8.366002411081830e-02
172 172 -8.366002411081830e-02
173 173 -8.366002411081830e-02
174 174 -8.366002411081830e-02
175 175 -8.366002411081830e-02
176 176 -8.366002411081830e-02
177 177 -8.633870653751008e-02
178 178 -8.633870653751008e-02
179 179 -8.633870653751008e-02
180 180 -8.633870653751008e-02
181 181 -8.633870653751008e-02
182 182 -8.633870653751008e-02
183 183 -8.633870653751008e-02
184 184 -8.633870653751008e-02
185 185 -8.366002411081830e-02
186 186 -8.366002411081830e-02
187 187 -8.366002411081830e-02
188 188 -8.366002411081830e-02
189 189 -8.366002411081830e-02
190 190 -8.366002411081830e-02
191 191 -8.366002411081830e-02
192 192 -8.366002411081830e-02
193 193 -8.633870653751008e-02
194 194 -8.633870653751008e-02
195 195 -8.633870653751008e-02
196 196 -8.633870653751008e-02
197 197 -8.633870653751008e-02
198 198 -8.633870653751008e-02
199 199 -8.633870653751008e-02
200 200 -8.633870653751008e-02
201 201 -8.366002411081830e-02
202 202 -8.366002411081830e-02
203 203 -8.366002411081830e-02
204 204 -8.366002411081830e-02
205 205 -8.366002411081830e-02
206 206 -8.366002411081830e-02
207 207 -8.366002411081830e-02
208 208 -8.366002411081830e-02
209 209 -8.633870653751008e-02
210 210 -8.633870653751008e-02
211 211 -8.633870653751008e-02
212 212 -8.633870653751008e-02
213 213 -8.633870653751008e-02
214 214 -8.633870653751008e-02
215 215 -8.633870653751008e-02
216 216 -8.633870653751008e-02
217 217 -8.366002411081830e-02
218 218 -8.366002411081830e-02
219 219 -8.366002411081830e-02
220 220 -8.366002411081830e-02
221 221 -8.366002411081830e-02
222 222 -8.366002411081830e-02
223 223 -8.366002411081830e-02
224 224 -8.366002411081830e-02
225 225 -8.633870653751008e-02
226 226 -8.633870653751008e-02
227 227 -8.633870653751008e-02
228 228 -8.633870653751008e-02
229 229 -8.633870653751008e-02
230 230 -8.633870653751008e-02
231 231 -8.633870653751008e-02
232 232 -8.633870653751008e-02
233 233 -8.366002411081830e-02
234 234 -8.366002411081830e-02
235 235 -8.366002411081830e-02
236 236 -8.366002411081830e-02
237 237 -8.366002411081830e-02
238 238 -8.366002411081830e-02
239 239 -8.366002411081830e-02
240 240 -8.366002411081830e-02
1 1  2.481562721342090e-02
2 2  2.481562721342090e-02
3 3  2.481562721342090e-02
4 4  2.481562721342090e-02
5 5  2.481562721342090e-02
6 6  2.481562721342090e-02
7 7  2.481562721342090e-02
8 8  2.481562721342090e-02
9 9  2.481562721342090e-02
10 10  2.481562721342090e-02
11 11  2.481562721342090e-02
12 12  2.481562721342090e-02
13 13  2.481562721342090e-02
14 14  2.481562721342090e-02
15 15  2.481562721342090e-02
16 16  2.481562721342090e-02
17 17  2.404915275884265e-02
18 18  2.404915275884265e-02
19 19  2.404915275884265e-02
20 20  2.404915275884265e-02
21 21  2.404915275884265e-02
22 22  2.404915275884265e-02
23 23  2.404915275884265e-02
24 24  2.404915275884265e-02
25 25  2.481562721342090e-02
26 26  2.481562721342090e-02
27 27  2.481562721342090e-02
28 28  2.481562721342090e-02
29 29  2.481562721342090e-02
30 30  2.481562721342090e-02
31 31  2.481562721342090e-02
32 32  2.481562721342090e-02
33 33  2.404915275884265e-02
34 34  2.404915275884265e-02
35 35  2.404915275884265e-02
36 36  2.404915275884265e-02
37 37  2.404915275884265e-02
38 38  2.404915275884265e-02
39 39  2.404915275884265e-02
40 40  2.404915275884265e-02
41 41  2.481562721342090e-02
42 42  2.481562721342090e-02
43 43  2.481562721342090e-02
44 44  2.481562721342090e-02
45 45  2.481562721342090e-02
46 46  2.481562721342090e-02
47 47  2.481562721342090e-02
48 48  2.481562721342090e-02
49 49  2.404915275884265e-02
50 50  2.404915275884265e-02
51 51  2.404915275884265e-02
52 52  2.404915275884265e-02
53 53  2.404915275884265e-02
54 54  2.404915275884265e-02
55 55  2.404915275884265e-02
56 56  2.404915275884265e-02
57 57  2.481562721342090e-02
58 58  2.481562721342090e-02
59 59  2.481562721342090e-02
60 60  2.481562721342090e-02
61 61  2.481562721342090e-02
62 62  2.481562721342090e-02
63 63  2.481562721342090e-02
64 64  2.481562721342090e-02
65 65  2.404915275884265e-02
66 66  2.404915275884265e-02
67 67  2.404915275884265e-02
68 68  2.404915275884265e-02
69 69  2.404915275884265e-02
70 70  2.404915275884265e-02
71 71  2.404915275884265e-02
72 72  2.404915275884265e-02
73 73  2.481562721342090e-02
74 74  2.481562721342090e-02
75 75  2.481562721342090e-02
76 76  2.481562721342090e-02
77 77  2.481562721342090e-02
78 78  2.481562721342090e-02
79 79  2.481562721342090e-02
80 80  2.481562721342090e-02
81 81  2.404915275884265e-02
82 82  2.404915275884265e-02
83 83  2.404915275884265e-02
84 84  2.404915275884265e-02
85 85  2.404915275884265e-02
86 86  2.404915275884265e-02
87 87  2.404915275884265e-02
88 88  2.404915275884265e-02
89 89  2.481562721342090e-02
90 90  2.481562721342090e-02
91 91  2.481562721342090e-02
92 92  2.481562721342090e-02
93 93  2.481562721342090e-02
94 94  2.481562721342090e-02
95 95  2.481562721342090e-02
96 96  2.481562721342090e-02
97 97  2.404915275884265e-02
98 98  2.404915275884265e-02
99 99  2.404915275884265e-02
100 100  2.404915275884265e-02
101 101  2.404915275884265e-02
102 102  2.404915275884265e-02
103 103  2.404915275884265e-02
104 104  2.404915275884265e-02
105 105  2.481562721342090e-02
106 106  2.481562721342090e-02
107 107  2.481562721342090e-02
108 108  2.481562721342090e-02
109 109  2.481562721342090e-02
110 110  2.481562721342090e-02
111 111  2.481562721342090e-02
112 112  2.481562721342090e-02
113 113  2.404915275884265e-02
114 114  2.404915275884265e-02
115 115  2.404915275884265e-02
116 116  2.404915275884265e-02
117 117  2.404915275884265e-02
118 118  2.404915275884265e-02
119 119  2.404915275884265e-02
120 120  2.404915275884265e-02
121 121  2.481562721342090e-02
122 122  2.481562721342090e-02
123 123  2.481562721342090e-02
124 124  2.481562721342090e-02
125 125  2.481562721342090e-02
126 126  2.481562721342090e-02
127 127  2.481562721342090e-02
128 128  2.481562721342090e-02
129 129  2.404915275884265e-02
130 130  2.404915275884265e-02
131 131  2.404915275884265e-02
132 132  2.404915275884265e-02
133 133  2.404915275884265e-02
134 134  2.404915275884265e-02
135 135  2.404915275884265e-02
136 136  2.404915275884265e-02
137 137  2.481562721342090e-02
138 138  2.481562721342090e-02
139 139  2.481562721342090e-02
140 140  2.481562721342090e-02
141 141  2.481562721342090e-02
142 142  2.481562721342090e-02
143 143  2.481562721342090e-02
144 144  2.481562721342090e-02
145 145  2.404915275884265e-02
146 146  2.404915275884265e-02
147 147  2.404915275884265e-02
148 148  2.404915275884265e-02
149 149  2.404915275884265e-02
150 150  2.404915275884265e-02
151 151  2.404915275884265e-02
152 152  2.404915275884265e-02
153 153  2.481562721342090e-02
154 154  2.481562721342090e-02
155 155  2.481562721342090e-02
156 156  2.481562721342090e-02
157 157  2.481562721342090e-02
158 158  2.481562721342090e-02
159 159  2.481562721342090e-02
160 160  2.481562721342090e-02
161 161  2.404915275884265e-02
162 162  2.404915275884265e-02
163 163  2.404915275884265e-02
164 164  2.404915275884265e-02
165 165  2.404915275884265e-02
166 166  2.404915275884265e-02
167 167  2.404915275884265e-02
168 168  2.404915275884265e-02
169 169  2.481562721342090e-02
170 170  2.481562721342090e-02
171 171  2.481562721342090e-02
172 172  2.481562721342090e-02
173 173  2.481562721342090e-02
174 174  2.481562721342090e-02
175 175  2.481562721342090e-02
176 176  2.481562721342090e-02
177 177  2.404915275884265e-02
178 178  2.404915275884265e-02
179 179  2.404915275884265e-02
180 180  2.404915275884265e-02
181 181  2.404915275884265e-02
182 182  2.404915275884265e-02
183 183  2.404915275884265e-02
184 184  2.404915275884265e-02
185 185  2.481562721342090e-02
186 186  2.481562721342090e-02
187 187  2.481562721342090e-02
188 188  2.481562721342090e-02
189 189  2.481562721342090e-02
190 190  2.481562721342090e-02
191 191  2.481562721342090e-02
192 192  2.481562721342090e-02
193 193  2.404915275884265e-02
194 194  2.404915275884265e-02
195 195  2.404915275884265e-02
196 196  2.404915275884265e-02
197 197  2.404915275884265e-02
198 198  2.404915275884265e-02
199 199  2.404915275884265e-02
200 200  2.404915275884265e-02
201 201  2.481562721342090e-02
202 202  2.481562721342090e-02
203 203  2.481562721342090e-02
204 204  2.481562721342090e-02
205 205  2.481562721342090e-02
206 206  2.481562721342090e-02
207 207  2.481562721342090e-02
208 208  2.481562721342090e-02
209 209  2.404915275884265e-02
210 210  2.404915275884265e-02
211 211  2.404915275884265e-02
212 212  2.404915275884265e-02
213 213  2.404915275884265e-02
214 214  2.404915275884265e-02
215 215  2.404915275884265e-02
216 216  2.404915275884265e-02
217 217  2.481562721342090e-02
218 218  2.481562721342090e-02
219 219  2.481562721342090e-02
220 220  2.481562721342090e-02
221 221  2.481562721342090e-02
222 222  2.481562721342090e-02
223 223  2.481562721342090e-02
224 224  2.481562721342090e-02
225 225  2.404915275884265e-02
226 226  2.404915275884265e-02
227 227  2.404915275884265e-02
228 228  2.404915275884265e-02
229 229  2.404915275884265e-02
230 230  2.404915275884265e-02
231 231  2.404915275884265e-02
232 232  2.404915275884265e-02
233 233  2.481562721342090e-02
234 234  2.481562721342090e-02
235 235  2.481562721342090e-02
236 236  2.481562721342090e-02
237 237  2.481562721342090e-02
238 238  2.481562721342090e-02
239 239  2.481562721342090e-02
240 240  2.481562721342090e-02
1 1  1.195890347511778e+01
2 2  1.195890347511778e+01
3 3  1.195890347511778e+01
4 4  1.195890347511778e+01
5 5  1.195890347511778e+01
6 6  1.195890347511778e+01
7 7  1.195890347511778e+01
8 8  1.195890347511778e+01
9 9  1.195890347511778e+01
10 10  1.195890347511778e+01
11 11  1.195890347511778e+01
12 12  1.195890347511778e+01
13 13  1.195890347511778e+01
14 14  1.195890347511778e+01
15 15  1.195890347511778e+01
16 16  1.195890347511778e+01
17 17  1.165246851267049e+01
18 18  1.165246851267049e+01
19 19  1.165246851267049e+01
20 20  1.165246851267049e+01
21 21  1.165246851267049e+01
22 22  1.165246851267049e+01
23 23  1.165246851267049e+01
24 24  1.165246851267049e+01
25 25  1.195890347511778e+01
26 26  1.195890347511778e+01
27 27  1.195890347511778e+01
28 28  1.195890347511778e+01
29 29  1.195890347511778e+01
30 30  1.195890347511778e+01
31 31  1.195890347511778e+01
32 32  1.195890347511778e+01
33 33  1.165246851267049e+01
34 34  1.165246851267049e+01
35 35  1.165246851267049e+01
36 36  1.165246851267049e+01
37 37  1.165246851267049e+01
38 38  1.165246851267049e+01
39 39  1.165246851267049e+01
40 40  1.165246851267049e+01
41 41  1.195890347511778e+01
42 42  1.195890347511778e+01
43 43  1.195890347511778e+01
44 44  1.195890347511778e+01
45 45  1.195890347511778e+01
46 46  1.195890347511778e+01
47 47  1.195890347511778e+01
48 48  1.195890347511778e+01
49 49  1.165246851267049e+01
50 50  1.165246851267049e+01
51 51  1.165246851267049e+01
52 52  1.165246851267049e+01
53 53  1.165246851267049e+01
54 54  1.165246851267049e+01
55 55  1.165246851267049e+01
56 56  1.165246851267049e+01
57 57  1.195890347511778e+01
58 58  1.195890347511778e+01
59 59  1.195890347511778e+01
60 60  1.195890347511778e+01
61 61  1.195890347511778e+01
62 62  1.195890347511778e+01
63 63  1.195890347511778e+01
64 64  1.195890347511778e+01
65 65  1.165246851267049e+01
66 66  1.165246851267049e+01
67 67  1.165246851267049e+01
68 68  1.165246851267049e+01
69 69  1.165246851267049e+01
70 70  1.165246851267049e+01
71 71  1.165246851267049e+01
72 72  1.165246851267049e+01
73 73  1.195890347511778e+01
74 74  1.195890347511778e+01
75 75  1.195890347511778e+01
76 76  1.195890347511778e+01
77 77  1.195890347511778e+01
78 78  1.195890347511778e+01
79 79  1.195890347511778e+01
80 80  1.195890347511778e+01
81 81  1.165246851267049e+01
82 82  1.165246851267049e+01
83 83  1.165246851267049e+01
84 84  1.165246851267049e+01
85 85  1.165246851267049e+01
86 86  1.165246851267049e+01
87 87  1.165246851267049e+01
88 88  1.165246851267049e+01
89 89  1.195890347511778e+01
90 90  1.195890347511778e+01
91 91  1.195890347511778e+01
92 92  1.195890347511778e+01
93 93  1.195890347511778e+01
94 94  1.195890347511778e+01
95 95  1.195890347511778e+01
96 96  1.195890347511778e+01
97 97  1.165246851267049e+01
98 98  1.165246851267049e+01
99 99  1.165246851267049e+01
100 100  1.165246851267049e+01
101 101  1.165246851267049e+01
102 102  1.165246851267049e+01
103 103  1.165246851267049e+01
104 104  1.165246851267049e+01
105 105  1.195890347511778e+01
106 106  1.195890347511778e+01
107 107  1.195890347511778e+01
108 108  1.195890347511778e+01
109 109  1.195890347511778e+01
110 110  1.195890347511778e+01
111 111  1.195890347511778e+01
112 112  1.195890347511778e+01
113 113  1.165246851267049e+01
114 114  1.165246851267049e+01
115 115  1.165246851267049e+01
116 116  1.165246851267049e+01
117 117  1.165246851267049e+01
118 118  1.165246851267049e+01
119 119  1.165246851267049e+01
120 120  1.165246851267049e+01
121 121  1.195890347511778e+01
122 122  1.195890347511778e+01
123 123  1.195890347511778e+01
124 124  1.195890347511778e+01
125 125  1.195890347511778e+01
126 126  1.195890347511778e+01
127 127  1.195890347511778e+01
128 128  1.195890347511778e+01
129 129  1.165246851267049e+01
130 130  1.165246851267049e+01
131 131  1.165246851267049e+01
132 132  1.165246851267049e+01
133 133  1.165246851267049e+01
134 134  1.165246851267049e+01
135 135  1.165246851267049e+01
136 136  1.165246851267049e+01
137 137  1.195890347511778e+01
138 138  1.195890347511778e+01
139 139  1.195890347511778e+01
140 140  1.195890347511778e+01
141 141  1.195890347511778e+01
142 142  1.195890347511778e+01
143 143  1.195890347511778e+01
144 144  1.195890347511778e+01
145 145  1.165246851267049e+01
146 146  1.165246851267049e+01
147 147  1.165246851267049e+01
148 148  1.165246851267049e+01
149 149  1.165246851267049e+01
150 150  1.165246851267049e+01
151 151  1.165246851267049e+01
152 152  1.165246851267049e+01
153 153  1.195890347511778e+01
154 154  1.195890347511778e+01
155 155  1.195890347511778e+01
156 156  1.195890347511778e+01
157 157  1.195890347511778e+01
158 158  1.195890347511778e+01
159 159  1.195890347511778e+01
160 160  1.195890347511778e+01
161 161  1.165246851267049e+01
162 162  1.165246851267049e+01
163 163  1.165246851267049e+01
164 164  1.165246851267049e+01
165 165  1.165246851267049e+01
166 166  1.165246851267049e+01
167 167  1.165246851267049e+01
168 168  1.165246851267049e+01
169 169  1.195890347511778e+01
170 170  1.195890347511778e+01
171 171  1.195890347511778e+01
172 172  1.195890347511778e+01
173 173  1.195890347511778e+01
174 174  1.195890347511778e+01
175 175  1.195890347511778e+01
176 176  1.195890347511778e+01
177 177  1.165246851267049e+01
178 178  1.165246851267049e+01
179 179  1.165246851267049e+01
180 180  1.165246851267049e+01
181 181  1.165246851267049e+01
182 182  1.165246851267049e+01
183 183  1.165246851267049e+01
184 184  1.165246851267049e+01
185 185  1.195890347511778e+01
186 186  1.195890347511778e+01
187 187  1.195890347511778e+01
188 188  1.195890347511778e+01
189 189  1.195890347511778e+01
190 190  1.195890347511778e+01
191 191  1.195890347511778e+01
192 192  1.195890347511778e+01
193 193  1.165246851267049e+01
194 194  1.165246851267049e+01
195 195  1.165246851267049e+01
196 196  1.165246851267049e+01
197 197  1.165246851267049e+01
198 198  1.165246851267049e+01
199 199  1.165246851267049e+01
200 200  1.165246851267049e+01
201 201  1.195890347511778e+01
202 202  1.195890347511778e+01
203 203  1.195890347511778e+01
204 204  1.195890347511778e+01
205 205  1.195890347511778e+01
206 206  1.195890347511778e+01
207 207  1.195890347511778e+01
208 208  1.195890347511778e+01
209 209  1.165246851267049e+01
210 210  1.165246851267049e+01
211 211  1.165246851267049e+01
212 212  1.165246851267049e+01
213 213  1.165246851267049e+01
214 214  1.165246851267049e+01
215 215  1.165246851267049e+01
216 216  1.165246851267049e+01
217 217  1.195890347511778e+01
218 218  1.195890347511778e+01
219 219  1.195890347511778e+01
220 220  1.195890347511778e+01
221 221  1.195890347511778e+01
222 222  1.195890347511778e+01
223 223  1.195890347511778e+01
224 224  1.195890347511778e+01
225 225  1.165246851267049e+01
226 226  1.165246851267049e+01
227 227  1.165246851267049e+01
228 228  1.165246851267049e+01
229 229  1.165246851267049e+01
230 230  1.165246851267049e+01
231 231  1.165246851267049e+01
232 232  1.165246851267049e+01
233 233  1.195890347511778e+01
234 234  1.195890347511778e+01
235 235  1.195890347511778e+01
236 236  1.195890347511778e+01
237 237  1.195890347511778e+01
238 238  1.195890347511778e+01
239 239  1.195890347511778e+01
240 240  1.195890347511778e+01
1 1 -8.522300102947669e-02
2 2 -8.522300102947669e-02
3 3 -8.522300102947669e-02
4 4 -8.522300102947669e-02
5 5 -8.522300102947669e-02
6 6 -8.522300102947669e-02
7 7 -8.522300102947669e-02
8 8 -8.522300102947669e-02
9 9 -8.522300102947669e-02
10 10 -8.522300102947669e-02
11 11 -8.522300102947669e-02
12 12 -8.522300102947669e-02
13 13 -8.522300102947669e-02
14 14 -8.522300102947669e-02
15 15 -8.522300102947669e-02
16 16 -8.522300102947669e-02
17 17 -9.779448136417047e-02
18 18 -9.779448136417047e-02
19 19 -9.779448136417047e-02
20 20 -9.779448136417047e-02
21 21 -9.779448136417047e-02
22 22 -9.779448136417047e-02
23 23 -9.779448136417047e-02
24 24 -9.779448136417047e-02
25 25 -8.522300102947669e-02
26 26 -8.522300102947669e-02
27 27 -8.522300102947669e-02
28 28 -8.522300102947669e-02
29 29 -8.522300102947669e-02
30 30 -8.522300102947669e-02
31 31 -8.522300102947669e-02
32 32 -8.522300102947669e-02
33 33 -9.779448136417047e-02
34 34 -9.779448136417047e-02
35 35 -9.779448136417047e-02
36 36 -9.779448136417047e-02
37 37 -9.779448136417047e-02
38 38 -9.779448136417047e-02
39 39 -9.779448136417047e-02
40 40 -9.779448136417047e-02
41 41 -8.522300102947669e-02
42 42 -8.522300102947669e-02
43 43 -8.522300102947669e-02
44 44 -8.522300102947669e-02
45 45 -8.522300102947669e-02
46 46 -8.522300102947669e-02
47 47 -8.522300102947669e-02
48 48 -8.522300102947669e-02
49 49 -9.779448136417047e-02
50 50 -9.779448136417047e-02
51 51 -9.779448136417047e-02
52 52 -9.779448136417047e-02
53 53 -9.779448136417047e-02
54 54 -9.779448136417047e-02
55 55 -9.779448136417047e-02
56 56 -9.779448136417047e-02
57 57 -8.522300102947669e-02
58 58 -8.522300102947669e-02
59 59 -8.522300102947669e-02
60 60 -8.522300102947669e-02
61 61 -8.522300102947669e-02
62 62 -8.522300102947669e-02
63 63 -8.522300102947669e-02
64 64 -8.522300102947669e-02
65 65 -9.779448136417047e-02
66 66 -9.779448136417047e-02
67 67 -9.779448136417047e-02
68 68 -9.779448136417047e-02
69 69 -9.779448136417047e-02
70 70 -9.779448136417047e-02
71 71 -9.779448136417047e-02
72 72 -9.779448136417047e-02
73 73 -8.522300102947669e-02
74 74 -8.522300102947669e-02
75 75 -8.522300102947669e-02
76 76 -8.522300102947669e-02
77 77 -8.522300102947669e-02
78 78 -8.522300102947669e-02
79 79 -8.522300102947669e-02
80 80 -8.522300102947669e-02
81 81 -9.779448136417047e-02
82 82 -9.779448136417047e-02
83 83 -9.779448136417047e-02
84 84 -9.779448136417047e-02
85 85 -9.779448136417047e-02
86 86 -9.779448136417047e-02
87 87 -9.779448136417047e-02
88 88 -9.779448136417047e-02
89 89 -8.522300102947669e-02
90 90 -8.522300102947669e-02
91 91 -8.522300102947669e-02
92 92 -8.522300102947669e-02
93 93 -8.522300102947669e-02
94 94 -8.522300102947669e-02
95 95 -8.522300102947669e-02
96 96 -8.522300102947669e-02
97 97 -9.779448136417047e-02
98 98 -9.779448136417047e-02
99 99 -9.779448136417047e-02
100 100 -9.779448136417047e-02
101 101 -9.779448136417047e-02
102 102 -9.779448136417047e-02
103 103 -9.779448136417047e-02
104 104 -9.779448136417047e-02
105 105 -8.522300102947669e-02
106 106 -8.522300102947669e-02
107 107 -8.522300102947669e-02
108 108 -8.522300102947669e-02
109 109 -8.522300102947669e-02
110 110 -8.522300102947669e-02
111 111 -8.522300102947669e-02
112 112 -8.522300102947669e-02
113 113 -9.779448136417047e-02
114 114 -9.779448136417047e-02
115 115 -9.779448136417047e-02
116 116 -9.779448136417047e-02
117 117 -9.779448136417047e-02
118 118 -9.779448136417047e-02
119 119 -9.779448136417047e-02
120 120 -9.779448136417047e-02
121 121 -8.522300102947669e-02
122 122 -8.522300102947669e-02
123 123 -8.522300102947669e-02
124 124 -8.522300102947669e-02
125 125 -8.522300102947669e-02
126 126 -8.522300102947669e-02
127 127 -8.522300102947669e-02
128 128 -8.522300102947669e-02
129 129 -9.779448136417047e-02
130 130 -9.779448136417047e-02
131 131 -9.779448136417047e-02
132 132 -9.779448136417047e-02
133 133 -9.779448136417047e-02
134 134 -9.779448136417047e-02
135 135 -9.779448136417047e-02
136 136 -9.779448136417047e-02
137 137 -8.522300102947669e-02
138 138 -8.522300102947669e-02
139 139 -8.522300102947669e-02
140 140 -8.522300102947669e-02
141 141 -8.522300102947669e-02
142 142 -8.522300102947669e-02
143 143 -8.522300102947669e-02
144 144 -8.522300102947669e-02
145 145 -9.779448136417047e-02
146 146 -9.779448136417047e-02
147 147 -9.779448136417047e-02
148 148 -9.779448136417047e-02
149 149 -9.779448136417047e-02
150 150 -9.779448136417047e-02
151 151 -9.779448136417047e-02
152 152 -9.779448136417047e-02
153 153 -8.522300102947669e-02
154 154 -8.522300102947669e-02
155 155 -8.522300102947669e-02
156 156 -8.522300102947669e-02
157 157 -8.522300102947669e-02
158 158 -8.522300102947669e-02
159 159 -8.522300102947669e-02
160 160 -8.522300102947669e-02
161 161 -9.779448136417047e-02
162 162 -9.779448136417047e-02
163 163 -9.779448136417047e-02
164 164 -9.779448136417047e-02
165 165 -9.779448136417047e-02
166 166 -9.779448136417047e-02
167 167 -9.779448136417047e-02
168 168 -9.779448136417047e-02
169 169 -8.522300102947669e-02
170 170 -8.522300102947669e-02
171 171 -8.522300102947669e-02
172 172 -8.522300102947669e-02
173 173 -8.522300102947669e-02
174 174 -8.522300102947669e-02
175 175 -8.522300102947669e-02
176 176 -8.522300102947669e-02
177 177 -9.779448136417047e-02
178 178 -9.779448136417047e-02
179 179 -9.779448136417047e-02
180 180 -9.779448136417047e-02
181 181 -9.779448136417047e-02
182 182 -9.779448136417047e-02
183 183 -9.779448136417047e-02
184 184 -9.779448136417047e-02
185 185 -8.522300102947669e-02
186 186 -8.522300102947669e-02
187 187 -8.522300102947669e-02
188 188 -8.522300102947669e-02
189 189 -8.522300102947669e-02
190 190 -8.522300102947669e-02
191 191 -8.522300102947669e-02
192 192 -8.522300102947669e-02
193 193 -9.779448136417047e-02
194 194 -9.779448136417047e-02
195 195 -9.779448136417047e-02
196 196 -9.779448136417047e-02
197 197 -9.779448136417047e-02
198 198 -9.779448136417047e-02
199 199 -9.779448136417047e-02
200 200 -9.779448136417047e-02
201 201 -8.522300102947669e-02
202 202 -8.522300102947669e-02
203 203 -8.522300102947669e-02
204 204 -8.522300102947669e-02
205 205 -8.522300102947669e-02
206 206 -8.522300102947669e-02
207 207 -8.522300102947669e-02
208 208 -8.522300102947669e-02
209 209 -9.779448136417047e-02
210 210 -9.779448136417047e-02
211 211 -9.779448136417047e-02
212 212 -9.779448136417047e-02
213 213 -9.779448136417047e-02
214 214 -9.779448136417047e-02
215 215 -9.779448136417047e-02
216 216 -9.779448136417047e-02
217 217 -8.522300102947669e-02
218 218 -8.522300102947669e-02
219 219 -8.522300102947669e-02
220 220 -8.522300102947669e-02
221 221 -8.522300102947669e-02
222 222 -8.522300102947669e-02
223 223 -8.522300102947669e-02
224 224 -8.522300102947669e-02
225 225 -9.779448136417047e-02
226 226 -9.779448136417047e-02
227 227 -9.779448136417047e-02
228 228 -9.779448136417047e-02
229 229 -9.779448136417047e-02
230 230 -9.779448136417047e-02
231 231 -9.779448136417047e-02
232 232 -9.779448136417047e-02
233 233 -8.522300102947669e-02
234 234 -8.522300102947669e-02
235 235 -8.522300102947669e-02
236 236 -8.522300102947669e-02
237 237 -8.522300102947669e-02
238 238 -8.522300102947669e-02
239 239 -8.522300102947669e-02
240 240 -8.522300102947669e-02
1 1 -3.052405337237666e-01
2 2 -3.052405337237666e-01
3 3 -3.052405337237666e-01
4 4 -3.052405337237666e-01
5 5 -3.052405337237666e-01
6 6 -3.052405337237666e-01
7 7 -3.052405337237666e-01
8 8 -3.052405337237666e-01
9 9 -3.052405337237666e-01
10 10 -3.052405337237666e-01
11 11 -3.052405337237666e-01
12 12 -3.052405337237666e-01
13 13 -3.052405337237666e-01
14 14 -3.052405337237666e-01
15 15 -3.052405337237666e-01
16 16 -3.052405337237666e-01
17 17 -3.176187600045359e-01
18 18 -3.176187600045359e-01
19 19 -3.176187600045359e-01
20 20 -3.176187600045359e-01
21 21 -3.176187600045359e-01
22 22 -3.176187600045359e-01
23 23 -3.176187600045359e-01
24 24 -3.176187600045359e-01
25 25 -3.052405337237666e-01
26 26 -3.052405337237666e-01
27 27 -3.052405337237666e-01
28 28 -3.052405337237666e-01
29 29 -3.052405337237666e-01
30 30 -3.052405337237666e-01
31 31 -3.052405337237666e-01
32 32 -3.052405337237666e-01
33 33 -3.176187600045359e-01
34 34 -3.176187600045359e-01
35 35 -3.176187600045359e-01
36 36 -3.176187600045359e-01
37 37 -3.176187600045359e-01
38 38 -3.176187600045359e-01
39 39 -3.176187600045359e-01
40 40 -3.176187600045359e-01
41 41 -3.052405337237666e-01
42 42 -3.052405337237666e-01
43 43 -3.052405337237666e-01
44 44 -3.052405337237666e-01
45 45 -3.052405337237666e-01
46 46 -3.052405337237666e-01
47 47 -3.052405337237666e-01
48 48 -3.052405337237666e-01
49 49 -3.176187600045359e-01
50 50 -3.176187600045359e-01
51 51 -3.176187600045359e-01
52 52 -3.176187600045359e-01
53 53 -3.176187600045359e-01
54 54 -3.176187600045359e-01
55 55 -3.176187600045359e-01
56 56 -3.176187600045359e-01
57 57 -3.052405337237666e-01
58 58 -3.052405337237666e-01
59 59 -3.052405337237666e-01
60 60 -3.052405337237666e-01
61 61 -3.052405337237666e-01
62 62 -3.052405337237666e-01
63 63 -3.052405337237666e-01
64 64 -3.052405337237666e-01
65 65 -3.176187600045359e-01
66 66 -3.176187600045359e-01
67 67 -3.176187600045359e-01
68 68 -3.176187600045359e-01
69 69 -3.176187600045359e-01
70 70 -3.176187600045359e-01
71 71 -3.176187600045359e-01
72 72 -3.176187600045359e-01
73 73 -3.052405337237666e-01
74 74 -3.052405337237666e-01
75 75 -3.052405337237666e-01
76 76 -3.052405337237666e-01
77 77 -3.052405337237666e-01
78 78 -3.052405337237666e-01
79 79 -3.052405337237666e-01
80 80 -3.052405337237666e-01
81 81 -3.176187600045359e-01
82 82 -3.176187600045359e-01
83 83 -3.176187600045359e-01
84 84 -3.176187600045359e-01
85 85 -3.176187600045359e-01
86 86 -3.176187600045359e-01
87 87 -3.176187600045359e-01
88 88 -3.176187600045359e-01
89 89 -3.052405337237666e-01
90 90 -3.052405337237666e-01
91 91 -3.052405337237666e-01
92 92 -3.052405337237666e-01
93 93 -3.052405337237666e-01
94 94 -3.052405337237666e-01
95 95 -3.052405337237666e-01
96 96 -3.052405337237666e-01
97 97 -3.176187600045359e-01
98 98 -3.176187600045359e-01
99 99 -3.176187600045359e-01
100 100 -3.176187600045359e-01
101 101 -3.176187600045359e-01
102 102 -3.176187600045359e-01
103 103 -3.176187600045359e-01
104 104 -3.176187600045359e-01
105 105 -3.052405337237666e-01
106 106 -3.052405337237666e-01
107 107 -3.052405337237666e-01
108 108 -3.052405337237666e-01
109 109 -3.052405337237666e-01
110 110 -3.052405337237666e-01
111 111 -3.052405337237666e-01
112 112 -3.052405337237666e-01
113 113 -3.176187600045359e-01
114 114 -3.176187600045359e-01
115 115 -3.176187600045359e-01
116 116 -3.176187600045359e-01
117 117 -3.176187600045359e-01
118 118 -3.176187600045359e-01
119 119 -3.176187600045359e-01
120 120 -3.176187600045359e-01
121 121 -3.052405337237666e-01
122 122 -3.052405337237666e-01
123 123 -3.052405337237666e-01
124 124 -3.052405337237666e-01
125 125 -3.052405337237666e-01
126 126 -3.052405337237666e-01
127 127 -3.052405337237666e-01
128 128 -3.052405337237666e-01
129 129 -3.176187600045359e-01
130 130 -3.176187600045359e-01
131 131 -3.176187600045359e-01
132 132 -3.176187600045359e-01
133 133 -3.176187600045359e-01
134 134 -3.176187600045359e-01
135 135 -3.176187600045359e-01
136 136 -3.176187600045359e-01
137 137 -3.052405337237666e-01
138 138 -3.052405337237666e-01
139 139 -3.052405337237666e-01
140 140 -3.052405337237666e-01
141 141 -3.052405337237666e-01
142 142 -3.052405337237666e-01
143 143 -3.052405337237666e-01
144 144 -3.052405337237666e-01
145 145 -3.176187600045359e-01
146 146 -3.176187600045359e-01
147 147 -3.176187600045359e-01
148 148 -3.176187600045359e-01
149 149 -3.176187600045359e-01
150 150 -3.176187600045359e-01
151 151 -3.176187600045359e-01
152 152 -3.176187600045359e-01
153 153 -3.052405337237666e-01
154 154 -3.052405337237666e-01
155 155 -3.052405337237666e-01
156 156 -3.052405337237666e-01
157 157 -3.052405337237666e-01
158 158 -3.052405337237666e-01
159 159 -3.052405337237666e-01
160 160 -3.052405337237666e-01
161 161 -3.176187600045359e-01
162 162 -3.176187600045359e-01
163 163 -3.176187600045359e-01
164 164 -3.176187600045359e-01
165 165 -3.176187600045359e-01
166 166 -3.176187600045359e-01
167 167 -3.176187600045359e-01
168 168 -3.176187600045359e-01
169 169 -3.052405337237666e-01
170 170 -3.052405337237666e-01
171 171 -3.052405337237666e-01
172 172 -3.052405337237666e-01
173 173 -3.052405337237666e-01
174 174 -3.052405337237666e-01
175 175 -3.052405337237666e-01
176 176 -3.052405337237666e-01
177 177 -3.176187600045359e-01
178 178 -3.176187600045359e-01
179 179 -3.176187600045359e-01
180 180 -3.176187600045359e-01
181 181 -3.176187600045359e-01
182 182 -3.176187600045359e-01
183 183 -3.176187600045359e-01
184 184 -3.176187600045359e-01
185 185 -3.052405337237666e-01
186 186 -3.052405337237666e-01
187 187 -3.052405337237666e-01
188 188 -3.052405337237666e-01
189 189 -3.052405337237666e-01
190 190 -3.052405337237666e-01
191 191 -3.052405337237666e-01
192 192 -3.052405337237666e-01
193 193 -3.176187600045359e-01
194 194 -3.176187600045359e-01
195 195 -3.176187600045359e-01
196 196 -3.176187600045359e-01
197 197 -3.176187600045359e-01
198 198 -3.176187600045359e-01
199 199 -3.176187600045359e-01
200 200 -3.176187600045359e-01
201 201 -3.052405337237666e-01
202 202 -3.052405337237666e-01
203 203 -3.052405337237666e-01
204 204 -3.052405337237666e-01
205 205 -3.052405337237666e-01
206 206 -3.052405337237666e-01
207 207 -3.052405337237666e-01
208 208 -3.052405337237666e-01
209 209 -3.176187600045359e-01
210 210 -3.176187600045359e-01
211 211 -3.176187600045359e-01
212 212 -3.176187600045359e-01
213 213 -3.176187600045359e-01
214 214 -3.176187600045359e-01
215 215 -3.176187600045359e-01
216 216 -3.176187600045359e-01
217 217 -3.052405337237666e-01
218 218 -3.052405337237666e-01
219 219 -3.052405337237666e-01
220 220 -3.052405337237666e-01
221 221 -3.052405337237666e-01
222 222 -3.052405337237666e-01
223 223 -3.052405337237666e-01
224 224 -3.052405337237666e-01
225 225 -3.176187600045359e-01
226 226 -3.176187600045359e-01
227 227 -3.176187600045359e-01
228 228 -3.176187600045359e-01
229 229 -3.176187600045359e-01
230 230 -3.176187600045359e-01
231 231 -3.176187600045359e-01
232 232 -3.176187600045359e-01
233 233 -3.052405337237666e-01
234 234 -3.052405337237666e-01
235 235 -3.052405337237666e-01
236 236 -3.052405337237666e-01
237 237 -3.052405337237666e-01
238 238 -3.052405337237666e-01
239 239 -3.052405337237666e-01
240 240 -3.052405337237666e-01
1 1 -1.406112008953866e+00
2 2 -1.406112008953866e+00
3 3 -1.406112008953866e+00
4 4 -1.406112008953866e+00
5 5 -1.406112008953866e+00
6 6 -1.406112008953866e+00
7 7 -1.406112008953866e+00
8 8 -1.406112008953866e+00
9 9 -1.406112008953866e+00
10 10 -1.406112008953866e+00
11 11 -1.406112008953866e+00
12 12 -1.406112008953866e+00
13 13 -1.406112008953866e+00
14 14 -1.406112008953866e+00
15 15 -1.406112008953866e+00
16 16 -1.406112008953866e+00
17 17 -1.410576986142856e+00
18 18 -1.410576986142856e+00
19 19 -1.410576986142856e+00
20 20 -1.410576986142856e+00
21 21 -1.410576986142856e+00
22 22 -1.410576986142856e+00
23 23 -1.410576986142856e+00
24 24 -1.410576986142856e+00
25 25 -1.406112008953866e+00
26 26 -1.406112008953866e+00
27 27 -1.406112008953866e+00
28 28 -1.406112008953866e+00
29 29 -1.406112008953866e+00
30 30 -1.406112008953866e+00
31 31 -1.406112008953866e+00
32 32 -1.406112008953866e+00
33 33 -1.410576986142856e+00
34 34 -1.410576986142856e+00
35 35 -1.410576986142856e+00
36 36 -1.410576986142856e+00
37 37 -1.410576986142856e+00
38 38 -1.410576986142856e+00
39 39 -1.410576986142856e+00
40 40 -1.410576986142856e+00
41 41 -1.406112008953866e+00
42 42 -1.406112008953866e+00
43 43 -1.406112008953866e+00
44 44 -1.406112008953866e+00
45 45 -1.406112008953866e+00
46 46 -1.406112008953866e+00
47 47 -1.406112008953866e+00
48 48 -1.406112008953866e+00
49 49 -1.410576986142856e+00
50 50 -1.410576986142856e+00
51 51 -1.410576986142856e+00
52 52 -1.410576986142856e+00
53 53 -1.410576986142856e+00
54 54 -1.410576986142856e+00
55 55 -1.410576986142856e+00
56 56 -1.410576986142856e+00
57 57 -1.406112008953866e+00
58 58 -1.406112008953866e+00
59 59 -1.406112008953866e+00
60 60 -1.406112008953866e+00
61 61 -1.406112008953866e+00
62 62 -1.406112008953866e+00
63 63 -1.406112008953866e+00
64 64 -1.406112008953866e+00
65 65 -1.410576986142856e+00
66 66 -1.410576986142856e+00
67 67 -1.410576986142856e+00
68 68 -1.410576986142856e+00
69 69 -1.410576986142856e+00
70 70 -1.410576986142856e+00
71 71 -1.410576986142856e+00
72 72 -1.410576986142856e+00
73 73 -1.406112008953866e+00
74 74 -1.406112008953866e+00
75 75 -1.406112008953866e+00
76 76 -1.406112008953866e+00
77 77 -1.406112008953866e+00
78 78 -1.406112008953866e+00
79 79 -1.406112008953866e+00
80 80 -1.406112008953866e+00
81 81 -1.410576986142856e+00
82 82 -1.410576986142856e+00
83 83 -1.410576986142856e+00
84 84 -1.410576986142856e+00
85 85 -1.410576986142856e+00
86 86 -1.410576986142856e+00
87 87 -1.410576986142856e+00
88 88 -1.410576986142856e+00
89 89 -1.406112008953866e+00
90 90 -1.406112008953866e+00
91 91 -1.406112008953866e+00
92 92 -1.406112008953866e+00
93 93 -1.406112008953866e+00
94 94 -1.406112008953866e+00
95 95 -1.406112008953866e+00
96 96 -1.406112008953866e+00
97 97 -1.410576986142856e+00
98 98 -1.410576986142856e+00
99 99 -1.410576986142856e+00
100 100 -1.410576986142856e+00
101 101 -1.410576986142856e+00
102 102 -1.410576986142856e+00
103 103 -1.410576986142856e+00
104 104 -1.410576986142856e+00
105 105 -1.406112008953866e+00
106 106 -1.406112008953866e+00
107 107 -1.406112008953866e+00
108 108 -1.406112008953866e+00
109 109 -1.406112008953866e+00
110 110 -1.406112008953866e+00
111 111 -1.406112008953866e+00
112 112 -1.406112008953866e+00
113 113 -1.410576986142856e+00
114 114 -1.410576986142856e+00
115 115 -1.410576986142856e+00
116 116 -1.410576986142856e+00
117 117 -1.410576986142856e+00
118 118 -1.410576986142856e+00
119 119 -1.410576986142856e+00
120 120 -1.410576986142856e+00
121 121 -1.406112008953866e+00
122 122 -1.406112008953866e+00
123 123 -1.406112008953866e+00
124 124 -1.406112008953866e+00
125 125 -1.406112008953866e+00
126 126 -1.406112008953866e+00
127 127 -1.406112008953866e+00
128 128 -1.406112008953866e+00
129 129 -1.410576986142856e+00
130 130 -1.410576986142856e+00
131 131 -1.410576986142856e+00
132 132 -1.410576986142856e+00
133 133 -1.410576986142856e+00
134 134 -1.410576986142856e+00
135 135 -1.410576986142856e+00
136 136 -1.410576986142856e+00
137 137 -1.406112008953866e+00
138 138 -1.406112008953866e+00
139 139 -1.406112008953866e+00
140 140 -1.406112008953866e+00
141 141 -1.406112008953866e+00
142 142 -1.406112008953866e+00
143 143 -1.406112008953866e+00
144 144 -1.406112008953866e+00
145 145 -1.410576986142856e+00
146 146 -1.410576986142856e+00
147 147 -1.410576986142856e+00
148 148 -1.410576986142856e+00
149 149 -1.410576986142856e+00
150 150 -1.410576986142856e+00
151 151 -1.410576986142856e+00
152 152 -1.410576986142856e+00
153 153 -1.406112008953866e+00
154 154 -1.406112008953866e+00
155 155 -1.406112008953866e+00
156 156 -1.406112008953866e+00
157 157 -1.406112008953866e+00
158 158 -1.406112008953866e+00
159 159 -1.406112008953866e+00
160 160 -1.406112008953866e+00
161 161 -1.410576986142856e+00
162 162 -1.410576986142856e+00
163 163 -1.410576986142856e+00
164 164 -1.410576986142856e+00
165 165 -1.410576986142856e+00
166 166 -1.410576986142856e+00
167 167 -1.410576986142856e+00
168 168 -1.410576986142856e+00
169 169 -1.406112008953866e+00
170 170 -1.406112008953866e+00
171 171 -1.406112008953866e+00
172 172 -1.406112008953866e+00
173 173 -1.406112008953866e+00
174 174 -1.406112008953866e+00
175 175 -1.406112008953866e+00
176 176 -1.406112008953866e+00
177 177 -1.410576986142856e+00
178 178 -1.410576986142856e+00
179 179 -1.410576986142856e+00
180 180 -1.410576986142856e+00
181 181 -1.410576986142856e+00
182 182 -1.410576986142856e+00
183 183 -1.410576986142856e+00
184 184 -1.410576986142856e+00
185 185 -1.406112008953866e+00
186 186 -1.406112008953866e+00
187 187 -1.406112008953866e+00
188 188 -1.406112008953866e+00
189 189 -1.406112008953866e+00
190 190 -1.406112008953866e+00
191 191 -1.406112008953866e+00
192 192 -1.406112008953866e+00
193 193 -1.410576986142856e+00
194 194 -1.410576986142856e+00
195 195 -1.410576986142856e+00
196 196 -1.410576986142856e+00
197 197 -1.410576986142856e+00
198 198 -1.410576986142856e+00
199 199 -1.410576986142856e+00
200 200 -1.410576986142856e+00
201 201 -1.406112008953866e+00
202 202 -1.406112008953866e+00
203 203 -1.406112008953866e+00
204 204 -1.406112008953866e+00
205 205 -1.406112008953866e+00
206 206 -1.406112008953866e+00
207 207 -1.406112008953866e+00
208 208 -1.406112008953866e+00
209 209 -1.410576986142856e+00
210 210 -1.410576986142856e+00
211 211 -1.410576986142856e+00
212 212 -1.410576986142856e+00
213 213 -1.410576986142856e+00
214 214 -1.410576986142856e+00
215 215 -1.410576986142856e+00
216 216 -1.410576986142856e+00
217 217 -1.406112008953866e+00
218 218 -1.406112008953866e+00
219 219 -1.406112008953866e+00
220 220 -1.406112008953866e+00
221 221 -1.406112008953866e+00
222 222 -1.406112008953866e+00
223 223 -1.406112008953866e+00
224 224 -1.406112008953866e+00
225 225 -1.410576986142856e+00
226 226 -1.410576986142856e+00
227 227 -1.410576986142856e+00
228 228 -1.410576986142856e+00
229 229 -1.410576986142856e+00
230 230 -1.410576986142856e+00
231 231 -1.410576986142856e+00
232 232 -1.410576986142856e+00
233 233 -1.406112008953866e+00
234 234 -1.406112008953866e+00
235 235 -1.406112008953866e+00
236 236 -1.406112008953866e+00
237 237 -1.406112008953866e+00
238 238 -1.406112008953866e+00
239 239 -1.406112008953866e+00
240 240 -1.406112008953866e+00
1 1 -9.360099322709557e-02
2 2 -9.360099322709557e-02
3 3 -9.360099322709557e-02
4 4 -9.360099322709557e-02
5 5 -9.360099322709557e-02
6 6 -9.360099322709557e-02
7 7 -9.360099322709557e-02
8 8 -9.360099322709557e-02
9 9 -9.360099322709557e-02
10 10 -9.360099322709557e-02
11 11 -9.360099322709557e-02
12 12 -9.360099322709557e-02
13 13 -9.360099322709557e-02
14 14 -9.360099322709557e-02
15 15 -9.360099322709557e-02
16 16 -9.360099322709557e-02
17 17 -9.676241832751958e-02
18 18 -9.676241832751958e-02
19 19 -9.676241832751958e-02
20 20 -9.676241832751958e-02
21 21 -9.676241832751958e-02
22 22 -9.676241832751958e-02
23 23 -9.676241832751958e-02
24 24 -9.676241832751958e-02
25 25 -9.360099322709557e-02
26 26 -9.360099322709557e-02
27 27 -9.360099322709557e-02
28 28 -9.360099322709557e-02
29 29 -9.360099322709557e-02
30 30 -9.360099322709557e-02
31 31 -9.360099322709557e-02
32 32 -9.360099322709557e-02
33 33 -9.676241832751958e-02
34 34 -9.676241832751958e-02
35 35 -9.676241832751958e-02
36 36 -9.676241832751958e-02
37 37 -9.676241832751958e-02
38 38 -9.676241832751958e-02
39 39 -9.676241832751958e-02
40 40 -9.676241832751958e-02
41 41 -9.360099322709557e-02
42 42 -9.360099322709557e-02
43 43 -9.360099322709557e-02
44 44 -9.360099322709557e-02
45 45 -9.360099322709557e-02
46 46 -9.360099322709557e-02
47 47 -9.360099322709557e-02
48 48 -9.360099322709557e-02
49 49 -9.676241832751958e-02
50 50 -9.676241832751958e-02
51 51 -9.676241832751958e-02
52 52 -9.676241832751958e-02
53 53 -9.676241832751958e-02
54 54 -9.676241832751958e-02
55 55 -9.676241832751958e-02
56 56 -9.676241832751958e-02
57 57 -9.360099322709557e-02
58 58 -9.360099322709557e-02
59 59 -9.360099322709557e-02
60 60 -9.360099322709557e-02
61 61 -9.360099322709557e-02
62 62 -9.360099322709557e-02
63 63 -9.360099322709557e-02
64 64 -9.360099322709557e-02
65 65 -9.676241832751958e-02
66 66 -9.676241832751958e-02
67 67 -9.676241832751958e-02
68 68 -9.676241832751958e-02
69 69 -9.676241832751958e-02
70 70 -9.676241832751958e-02
71 71 -9.676241832751958e-02
72 72 -9.676241832751958e-02
73 73 -9.360099322709557e-02
74 74 -9.360099322709557e-02
75 75 -9.360099322709557e-02
76 76 -9.360099322709557e-02
77 77 -9.360099322709557e-02
78 78 -9.360099322709557e-02
79 79 -9.360099322709557e-02
80 80 -9.360099322709557e-02
81 81 -9.676241832751958e-02
82 82 -9.676241832751958e-02
83 83 -9.676241832751958e-02
84 84 -9.676241832751958e-02
85 85 -9.676241832751958e-02
86 86 -9.676241832751958e-02
87 87 -9.676241832751958e-02
88 88 -9.676241832751958e-02
89 89 -9.360099322709557e-02
90 90 -9.360099322709557e-02
91 91 -9.360099322709557e-02
92 92 -9.360099322709557e-02
93 93 -9.360099322709557e-02
94 94 -9.360099322709557e-02
95 95 -9.360099322709557e-02
96 96 -9.360099322709557e-02
97 97 -9.676241832751958e-02
98 98 -9.676241832751958e-02
99 99 -9.676241832751958e-02
100 100 -9.676241832751958e-02
101 101 -9.676241832751958e-02
102 102 -9.676241832751958e-02
103 103 -9.676241832751958e-02
104 104 -9.676241832751958e-02
105 105 -9.360099322709557e-02
106 106 -9.360099322709557e-02
107 107 -9.360099322709557e-02
108 108 -9.360099322709557e-02
109 109 -9.360099322709557e-02
110 110 -9.360099322709557e-02
111 111 -9.360099322709557e-02
112 112 -9.360099322709557e-02
113 113 -9.676241832751958e-02
114 114 -9.676241832751958e-02
115 115 -9.676241832751958e-02
116 116 -9.676241832751958e-02
117 117 -9.676241832751958e-02
118 118 -9.676241832751958e-02
119 119 -9.676241832751958e-02
120 120 -9.676241832751958e-02
121 121 -9.360099322709557e-02
122 122 -9.360099322709557e-02
123 123 -9.360099322709557e-02
124 124 -9.360099322709557e-02
125 125 -9.360099322709557e-02
126 126 -9.360099322709557e-02
127 127 -9.360099322709557e-02
128 128 -9.360099322709557e-02
129 129 -9.676241832751958e-02
130 130 -9.676241832751958e-02
131 131 -9.676241832751958e-02
132 132 -9.676241832751958e-02
133 133 -9.676241832751958e-02
134 134 -9.676241832751958e-02
135 135 -9.676241832751958e-02
136 136 -9.676241832751958e-02
137 137 -9.360099322709557e-02
138 138 -9.360099322709557e-02
139 139 -9.360099322709557e-02
140 140 -9.360099322709557e-02
141 141 -9.360099322709557e-02
142 142 -9.360099322709557e-02
143 143 -9.360099322709557e-02
144 144 -9.360099322709557e-02
145 145 -9.676241832751958e-02
146 146 -9.676241832751958e-02
147 147 -9.676241832751958e-02
148 148 -9.676241832751958e-02
149 149 -9.676241832751958e-02
150 150 -9.676241832751958e-02
151 151 -9.676241832751958e-02
152 152 -9.676241832751958e-02
153 153 -9.360099322709557e-02
154 154 -9.360099322709557e-02
155 155 -9.360099322709557e-02
156 156 -9.360099322709557e-02
157 157 -9.360099322709557e-02
158 158 -9.360099322709557e-02
159 159 -9.360099322709557e-02
160 160 -9.360099322709557e-02
161 161 -9.676241832751958e-02
162 162 -9.676241832751958e-02
163 163 -9.676241832751958e-02
164 164 -9.676241832751958e-02
165 165 -9.676241832751958e-02
166 166 -9.676241832751958e-02
167 167 -9.676241832751958e-02
168 168 -9.676241832751958e-02
169 169 -9.360099322709557e-02
170 170 -9.360099322709557e-02
171 171 -9.360099322709557e-02
172 172 -9.360099322709557e-02
173 173 -9.360099322709557e-02
174 174 -9.360099322709557e-02
175 175 -9.360099322709557e-02
176 176 -9.360099322709557e-02
177 177 -9.676241832751958e-02
178 178 -9.676241832751958e-02
179 179 -9.676241832751958e-02
180 180 -9.676241832751958e-02
181 181 -9.676241832751958e-02
182 182 -9.676241832751958e-02
183 183 -9.676241832751958e-02
184 184 -9.676241832751958e-02
185 185 -9.360099322709557e-02
186 186 -9.360099322709557e-02
187 187 -9.360099322709557e-02
188 188 -9.360099322709557e-02
189 189 -9.360099322709557e-02
190 190 -9.360099322709557e-02
191 191 -9.360099322709557e-02
192 192 -9.360099322709557e-02
193 193 -9.676241832751958e-02
194 194 -9.676241832751958e-02
195 195 -9.676241832751958e-02
196 196 -9.676241832751958e-02
197 197 -9.676241832751958e-02
198 198 -9.676241832751958e-02
199 199 -9.676241832751958e-02
200 200 -9.676241832751958e-02
201 201 -9.360099322709557e-02
202 202 -9.360099322709557e-02
203 203 -9.360099322709557e-02
204 204 -9.360099322709557e-02
205 205 -9.360099322709557e-02
206 206 -9.360099322709557e-02
207 207 -9.360099322709557e-02
208 208 -9.360099322709557e-02
209 209 -9.676241832751958e-02
210 210 -9.676241832751958e-02
211 211 -9.676241832751958e-02
212 212 -9.676241832751958e-02
213 213 -9.676241832751958e-02
214 214 -9.676241832751958e-02
215 215 -9.676241832751958e-02
216 216 -9.676241832751958e-02
217 217 -9.360099322709557e-02
218 218 -9.360099322709557e-02
219 219 -9.360099322709557e-02
220 220 -9.360099322709557e-02
221 221 -9.360099322709557e-02
222 222 -9.360099322709557e-02
223 223 -9.360099322709557e-02
224 224 -9.360099322709557e-02
225 225 -9.676241832751958e-02
226 226 -9.676241832751958e-02
227 227 -9.676241832751958e-02
228 228 -9.676241832751958e-02
229 229 -9.676241832751958e-02
230 230 -9.676241832751958e-02
231 231 -9.676241832751958e-02
232 232 -9.676241832751958e-02
233 233 -9.360099322709557e-02
234 234 -9.360099322709557e-02
235 235 -9.360099322709557e-02
236 236 -9.360099322709557e-02
237 237 -9.360099322709557e-02
238 238 -9.360099322709557e-02
239 239 -9.360099322709557e-02
240 240 -9.360099322709557e-02
1 1  2.693261158245755e-01
2 2  2.693261158245755e-01
3 3  2.693261158245755e-01
4 4  2.693261158245755e-01
5 5  2.693261158245755e-01
6 6  2.693261158245755e-01
7 7  2.693261158245755e-01
8 8  2.693261158245755e-01
9 9  2.693261158245755e-01
10 10  2.693261158245755e-01
11 11  2.693261158245755e-01
12 12  2.693261158245755e-01
13 13  2.693261158245755e-01
14 14  2.693261158245755e-01
15 15  2.693261158245755e-01
16 16  2.693261158245755e-01
17 17  2.808932281595501e-01
18 18  2.808932281595501e-01
19 19  2.808932281595501e-01
20 20  2.808932281595501e-01
21 21  2.808932281595501e-01
22 22  2.808932281595501e-01
23 23  2.808932281595501e-01
24 24  2.808932281595501e-01
25 25  2.693261158245755e-01
26 26  2.693261158245755e-01
27 27  2.693261158245755e-01
28 28  2.693261158245755e-01
29 29  2.693261158245755e-01
30 30  2.693261158245755e-01
31 31  2.693261158245755e-01
32 32  2.693261158245755e-01
33 33  2.808932281595501e-01
34 34  2.808932281595501e-01
35 35  2.808932281595501e-01
36 36  2.808932281595501e-01
37 37  2.808932281595501e-01
38 38  2.808932281595501e-01
39 39  2.808932281595501e-01
40 40  2.808932281595501e-01
41 41  2.693261158245755e-01
42 42  2.693261158245755e-01
43 43  2.693261158245755e-01
44 44  2.693261158245755e-01
45 45  2.693261158245755e-01
46 46  2.693261158245755e-01
47 47  2.693261158245755e-01
48 48  2.693261158245755e-01
49 49  2.808932281595501e-01
50 50  2.808932281595501e-01
51 51  2.808932281595501e-01
52 52  2.808932281595501e-01
53 53  2.808932281595501e-01
54 54  2.808932281595501e-01
55 55  2.808932281595501e-01
56 56  2.808932281595501e-01
57 57  2.693261158245755e-01
58 58  2.693261158245755e-01
59 59  2.693261158245755e-01
60 60  2.693261158245755e-01
61 61  2.693261158245755e-01
62 62  2.693261158245755e-01
63 63  2.693261158245755e-01
64 64  2.693261158245755e-01
65 65  2.808932281595501e-01
66 66  2.808932281595501e-01
67 67  2.808932281595501e-01
68 68  2.808932281595501e-01
69 69  2.808932281595501e-01
70 70  2.808932281595501e-01
71 71  2.808932281595501e-01
72 72  2.808932281595501e-01
73 73  2.693261158245755e-01
74 74  2.693261158245755e-01
75 75  2.693261158245755e-01
76 76  2.693261158245755e-01
77 77  2.693261158245755e-01
78 78  2.693261158245755e-01
79 79  2.693261158245755e-01
80 80  2.693261158245755e-01
81 81  2.808932281595501e-01
82 82  2.808932281595501e-01
83 83  2.808932281595501e-01
84 84  2.808932281595501e-01
85 85  2.808932281595501e-01
86 86  2.808932281595501e-01
87 87  2.808932281595501e-01
88 88  2.808932281595501e-01
89 89  2.693261158245755e-01
90 90  2.693261158245755e-01
91 91  2.693261158245755e-01
92 92  2.693261158245755e-01
93 93  2.693261158245755e-01
94 94  2.693261158245755e-01
95 95  2.693261158245755e-01
96 96  2.693261158245755e-01
97 97  2.808932281595501e-01
98 98  2.808932281595501e-01
99 99  2.808932281595501e-01
100 100  2.808932281595501e-01
101 101  2.808932281595501e-01
102 102  2.808932281595501e-01
103 103  2.808932281595501e-01
104 104  2.808932281595501e-01
105 105  2.693261158245755e-01
106 106  2.693261158245755e-01
107 107  2.693261158245755e-01
108 108  2.693261158245755e-01
109 109  2.693261158245755e-01
110 110  2.693261158245755e-01
111 111  2.693261158245755e-01
112 112  2.693261158245755e-01
113 113  2.808932281595501e-01
114 114  2.808932281595501e-01
115 115  2.808932281595501e-01
116 116  2.808932281595501e-01
117 117  2.808932281595501e-01
118 118  2.808932281595501e-01
119 119  2.808932281595501e-01
120 120  2.808932281595501e-01
121 121  2.693261158245755e-01
122 122  2.693261158245755e-01
123 123  2.693261158245755e-01
124 124  2.693261158245755e-01
125 125  2.693261158245755e-01
126 126  2.693261158245755e-01
127 127  2.693261158245755e-01
128 128  2.693261158245755e-01
129 129  2.808932281595501e-01
130 130  2.808932281595501e-01
131 131  2.808932281595501e-01
132 132  2.808932281595501e-01
133 133  2.808932281595501e-01
134 134  2.808932281595501e-01
135 135  2.808932281595501e-01
136 136  2.808932281595501e-01
137 137  2.693261158245755e-01
138 138  2.693261158245755e-01
139 139  2.693261158245755e-01
140 140  2.693261158245755e-01
141 141  2.693261158245755e-01
142 142  2.693261158245755e-01
143 143  2.693261158245755e-01
144 144  2.693261158245755e-01
145 145  2.808932281595501e-01
146 146  2.808932281595501e-01
147 147  2.808932281595501e-01
148 148  2.808932281595501e-01
149 149  2.808932281595501e-01
150 150  2.808932281595501e-01
151 151  2.808932281595501e-01
152 152  2.808932281595501e-01
153 153  2.693261158245755e-01
154 154  2.693261158245755e-01
155 155  2.693261158245755e-01
156 156  2.693261158245755e-01
157 157  2.693261158245755e-01
158 158  2.693261158245755e-01
159 159  2.693261158245755e-01
160 160  2.693261158245755e-01
161 161  2.808932281595501e-01
162 162  2.808932281595501e-01
163 163  2.808932281595501e-01
164 164  2.808932281595501e-01
165 165  2.808932281595501e-01
166 166  2.808932281595501e-01
167 167  2.808932281595501e-01
168 168  2.808932281595501e-01
169 169  2.693261158245755e-01
170 170  2.693261158245755e-01
171 171  2.693261158245755e-01
172 172  2.693261158245755e-01
173 173  2.693261158245755e-01
174 174  2.693261158245755e-01
175 175  2.693261158245755e-01
176 176  2.693261158245755e-01
177 177  2.808932281595501e-01
178 178  2.808932281595501e-01
179 179  2.808932281595501e-01
180 180  2.808932281595501e-01
181 181  2.808932281595501e-01
182 182  2.808932281595501e-01
183 183  2.808932281595501e-01
184 184  2.808932281595501e-01
185 185  2.693261158245755e-01
186 186  2.693261158245755e-01
187 187  2.693261158245755e-01
188 188  2.693261158245755e-01
189 189  2.693261158245755e-01
190 190  2.693261158245755e-01
191 191  2.693261158245755e-01
192 192  2.693261158245755e-01
193 193  2.808932281595501e-01
194 194  2.808932281595501e-01
195 195  2.808932281595501e-01
196 196  2.808932281595501e-01
197 197  2.808932281595501e-01
198 198  2.808932281595501e-01
199 199  2.808932281595501e-01
200 200  2.808932281595501e-01
201 201  2.693261158245755e-01
202 202  2.693261158245755e-01
203 203  2.693261158245755e-01
204 204  2.693261158245755e-01
205 205  2.693261158245755e-01
206 206  2.693261158245755e-01
207 207  2.693261158245755e-01
208 208  2.693261158245755e-01
209 209  2.808932281595501e-01
210 210  2.808932281595501e-01
211 211  2.808932281595501e-01
212 212  2.808932281595501e-01
213 213  2.808932281595501e-01
214 214  2.808932281595501e-01
215 215  2.808932281595501e-01
216 216  2.808932281595501e-01
217 217  2.693261158245755e-01
218 218  2.693261158245755e-01
219 219  2.693261158245755e-01
220 220  2.693261158245755e-01
221 221  2.693261158245755e-01
222 222  2.693261158245755e-01
223 223  2.693261158245755e-01
224 224  2.693261158245755e-01
225 225  2.808932281595501e-01
226 226  2.808932281595501e-01
227 227  2.808932281595501e-01
228 228  2.808932281595501e-01
229 229  2.808932281595501e-01
230 230  2.808932281595501e-01
231 231  2.808932281595501e-01
232 232  2.808932281595501e-01
233 233  2.693261158245755e-01
234 234  2.693261158245755e-01
235 235  2.693261158245755e-01
236 236  2.693261158245755e-01
237 237  2.693261158245755e-01
238 238  2.693261158245755e-01
239 239  2.693261158245755e-01
240 240  2.693261158245755e-01
1 1  3.574680047525802e-04
2 2  3.574680047525802e-04
3 3  3.574680047525802e-04
4 4  3.574680047525802e-04
5 5  3.574680047525802e-04
6 6  3.574680047525802e-04
7 7  3.574680047525802e-04
8 8  3.574680047525802e-04
9 9  3.574680047525802e-04
10 10  3.574680047525802e-04
11 11  3.574680047525802e-04
12 12  3.574680047525802e-04
13 13  3.574680047525802e-04
14 14  3.574680047525802e-04
15 15  3.574680047525802e-04
16 16  3.574680047525802e-04
17 17  4.871430299101128e-04
18 18  4.871430299101128e-04
19 19  4.871430299101128e-04
20 20  4.871430299101128e-04
21 21  4.871430299101128e-04
22 22  4.871430299101128e-04
23 23  4.871430299101128e-04
24 24  4.871430299101128e-04
25 25  3.574680047525802e-04
26 26  3.574680047525802e-04
27 27  3.574680047525802e-04
28 28  3.574680047525802e-04
29 29  3.574680047525802e-04
30 30  3.574680047525802e-04
31 31  3.574680047525802e-04
32 32  3.574680047525802e-04
33 33  4.871430299101128e-04
34 34  4.871430299101128e-04
35 35  4.871430299101128e-04
36 36  4.871430299101128e-04
37 37  4.871430299101128e-04
38 38  4.871430299101128e-04
39 39  4.871430299101128e-04
40 40  4.871430299101128e-04
41 41  3.574680047525802e-04
42 42  3.574680047525802e-04
43 43  3.574680047525802e-04
44 44  3.574680047525802e-04
45 45  3.574680047525802e-04
46 46  3.574680047525802e-04
47 47  3.574680047525802e-04
48 48  3.574680047525802e-04
49 49  4.871430299101128e-04
50 50  4.871430299101128e-04
51 51  4.871430299101128e-04
52 52  4.871430299101128e-04
53 53  4.871430299101128e-04
54 54  4.871430299101128e-04
55 55  4.871430299101128e-04
56 56  4.871430299101128e-04
57 57  3.574680047525802e-04
58 58  3.574680047525802e-04
59 59  3.574680047525802e-04
60 60  3.574680047525802e-04
61 61  3.574680047525802e-04
62 62  3.574680047525802e-04
63 63  3.574680047525802e-04
64 64  3.574680047525802e-04
65 65  4.871430299101128e-04
66 66  4.871430299101128e-04
67 67  4.871430299101128e-04
68 68  4.871430299101128e-04
69 69  4.871430299101128e-04
70 70  4.871430299101128e-04
71 71  4.871430299101128e-04
72 72  4.871430299101128e-04
73 73  3.574680047525802e-04
74 74  3.574680047525802e-04
75 75  3.574680047525802e-04
76 76  3.574680047525802e-04
77 77  3.574680047525802e-04
78 78  3.574680047525802e-04
79 79  3.574680047525802e-04
80 80  3.574680047525802e-04
81 81  4.871430299101128e-04
82 82  4.871430299101128e-04
83 83  4.871430299101128e-04
84 84  4.871430299101128e-04
85 85  4.871430299101128e-04
86 86  4.871430299101128e-04
87 87  4.871430299101128e-04
88 88  4.871430299101128e-04
89 89  3.574680047525802e-04
90 90  3.574680047525802e-04
91 91  3.574680047525802e-04
92 92  3.574680047525802e-04
93 93  3.574680047525802e-04
94 94  3.574680047525802e-04
95 95  3.574680047525802e-04
96 96  3.574680047525802e-04
97 97  4.871430299101128e-04
98 98  4.871430299101128e-04
99 99  4.871430299101128e-04
100 100  4.871430299101128e-04
101 101  4.871430299101128e-04
102 102  4.871430299101128e-04
103 103  4.871430299101128e-04
104 104  4.871430299101128e-04
105 105  3.574680047525802e-04
106 106  3.574680047525802e-04
107 107  3.574680047525802e-04
108 108  3.574680047525802e-04
109 109  3.574680047525802e-04
110 110  3.574680047525802e-04
111 111  3.574680047525802e-04
112 112  3.574680047525802e-04
113 113  4.871430299101128e-04
114 114  4.871430299101128e-04
115 115  4.871430299101128e-04
116 116  4.871430299101128e-04
117 117  4.871430299101128e-04
118 118  4.871430299101128e-04
119 119  4.871430299101128e-04
120 120  4.871430299101128e-04
121 121  3.574680047525802e-04
122 122  3.574680047525802e-04
123 123  3.574680047525802e-04
124 124  3.574680047525802e-04
125 125  3.574680047525802e-04
126 126  3.574680047525802e-04
127 127  3.574680047525802e-04
128 128  3.574680047525802e-04
129 129  4.871430299101128e-04
130 130  4.871430299101128e-04
131 131  4.871430299101128e-04
132 132  4.871430299101128e-04
133 133  4.871430299101128e-04
134 134  4.871430299101128e-04
135 135  4.871430299101128e-04
136 136  4.871430299101128e-04
137 137  3.574680047525802e-04
138 138  3.574680047525802e-04
139 139  3.574680047525802e-04
140 140  3.574680047525802e-04
141 141  3.574680047525802e-04
142 142  3.574680047525802e-04
143 143  3.574680047525802e-04
144 144  3.574680047525802e-04
145 145  4.871430299101128e-04
146 146  4.871430299101128e-04
147 147  4.871430299101128e-04
148 148  4.871430299101128e-04
149 149  4.871430299101128e-04
150 150  4.871430299101128e-04
151 151  4.871430299101128e-04
152 152  4.871430299101128e-04
153 153  3.574680047525802e-04
154 154  3.574680047525802e-04
155 155  3.574680047525802e-04
156 156  3.574680047525802e-04
157 157  3.574680047525802e-04
158 158  3.574680047525802e-04
159 159  3.574680047525802e-04
160 160  3.574680047525802e-04
161 161  4.871430299101128e-04
162 162  4.871430299101128e-04
163 163  4.871430299101128e-04
164 164  4.871430299101128e-04
165 165  4.871430299101128e-04
166 166  4.871430299101128e-04
167 167  4.871430299101128e-04
168 168  4.871430299101128e-04
169 169  3.574680047525802e-04
170 170  3.574680047525802e-04
171 171  3.574680047525802e-04
172 172  3.574680047525802e-04
173 173  3.574680047525802e-04
174 174  3.574680047525802e-04
175 175  3.574680047525802e-04
176 176  3.574680047525802e-04
177 177  4.871430299101128e-04
178 178  4.871430299101128e-04
179 179  4.871430299101128e-04
180 180  4.871430299101128e-04
181 181  4.871430299101128e-04
182 182  4.871430299101128e-04
183 183  4.871430299101128e-04
184 184  4.871430299101128e-04
185 185  3.574680047525802e-04
186 186  3.574680047525802e-04
187 187  3.574680047525802e-04
188 188  3.574680047525802e-04
189 189  3.574680047525802e-04
190 190  3.574680047525802e-04
191 191  3.574680047525802e-04
192 192  3.574680047525802e-04
193 193  4.871430299101128e-04
194 194  4.871430299101128e-04
195 195  4.871430299101128e-04
196 196  4.871430299101128e-04
197 197  4.871430299101128e-04
198 198  4.871430299101128e-04
199 199  4.871430299101128e-04
200 200  4.871430299101128e-04
201 201  3.574680047525802e-04
202 202  3.574680047525802e-04
203 203  3.574680047525802e-04
204 204  3.574680047525802e-04
205 205  3.574680047525802e-04
206 206  3.574680047525802e-04
207 207  3.574680047525802e-04
208 208  3.574680047525802e-04
209 209  4.871430299101128e-04
210 210  4.871430299101128e-04
211 211  4.871430299101128e-04
212 212  4.871430299101128e-04
213 213  4.871430299101128e-04
214 214  4.871430299101128e-04
215 215  4.871430299101128e-04
216 216  4.871430299101128e-04
217 217  3.574680047525802e-04
218 218  3.574680047525802e-04
219 219  3.574680047525802e-04
220 220  3.574680047525802e-04
221 221  3.574680047525802e-04
222 222  3.574680047525802e-04
223 223  3.574680047525802e-04
224 224  3.574680047525802e-04
225 225  4.871430299101128e-04
226 226  4.871430299101128e-04
227 227  4.871430299101128e-04
228 228  4.871430299101128e-04
229 229  4.871430299101128e-04
230 230  4.871430299101128e-04
231 231  4.871430299101128e-04
232 232  4.871430299101128e-04
233 233  3.574680047525802e-04
234 234  3.574680047525802e-04
235 235  3.574680047525802e-04
236 236  3.574680047525802e-04
237 237  3.574680047525802e-04
238 238  3.574680047525802e-04
239 239  3.574680047525802e-04
240 240  3.574680047525802e-04
1 1 -4.432277637114285e-05
2 2 -4.432277637114285e-05
3 3 -4.432277637114285e-05
4 4 -4.432277637114285e-05
5 5 -4.432277637114285e-05
6 6 -4.432277637114285e-05
7 7 -4.432277637114285e-05
8 8 -4.432277637114285e-05
9 9 -4.432277637114285e-05
10 10 -4.432277637114285e-05
11 11 -4.432277637114285e-05
12 12 -4.432277637114285e-05
13 13 -4.432277637114285e-05
14 14 -4.432277637114285e-05
15 15 -4.432277637114285e-05
16 16 -4.432277637114285e-05
17 17 -2.096692979221015e-04
18 18 -2.096692979221015e-04
19 19 -2.096692979221015e-04
20 20 -2.096692979221015e-04
21 21 -2.096692979221015e-04
22 22 -2.096692979221015e-04
23 23 -2.096692979221015e-04
24 24 -2.096692979221015e-04
25 25 -4.432277637114285e-05
26 26 -4.432277637114285e-05
27 27 -4.432277637114285e-05
28 28 -4.432277637114285e-05
29 29 -4.432277637114285e-05
30 30 -4.432277637114285e-05
31 31 -4.432277637114285e-05
32 32 -4.432277637114285e-05
33 33 -2.096692979221015e-04
34 34 -2.096692979221015e-04
35 35 -2.096692979221015e-04
36 36 -2.096692979221015e-04
37 37 -2.096692979221015e-04
38 38 -2.096692979221015e-04
39 39 -2.096692979221015e-04
40 40 -2.096692979221015e-04
41 41 -4.432277637114285e-05
42 42 -4.432277637114285e-05
43 43 -4.432277637114285e-05
44 44 -4.432277637114285e-05
45 45 -4.432277637114285e-05
46 46 -4.432277637114285e-05
47 47 -4.432277637114285e-05
48 48 -4.432277637114285e-05
49 49 -2.096692979221015e-04
50 50 -2.096692979221015e-04
51 51 -2.096692979221015e-04
52 52 -2.096692979221015e-04
53 53 -2.096692979221015e-04
54 54 -2.096692979221015e-04
55 55 -2.096692979221015e-04
56 56 -2.096692979221015e-04
57 57 -4.432277637114285e-05
58 58 -4.432277637114285e-05
59 59 -4.432277637114285e-05
60 60 -4.432277637114285e-05
61 61 -4.432277637114285e-05
62 62 -4.432277637114285e-05
63 63 -4.432277637114285e-05
64 64 -4.432277637114285e-05
65 65 -2.096692979221015e-04
66 66 -2.096692979221015e-04
67 67 -2.096692979221015e-04
68 68 -2.096692979221015e-04
69 69 -2.096692979221015e-04
70 70 -2.096692979221015e-04
71 71 -2.096692979221015e-04
72 72 -2.096692979221015e-04
73 73 -4.432277637114285e-05
74 74 -4.432277637114285e-05
75 75 -4.432277637114285e-05
76 76 -4.432277637114285e-05
77 77 -4.432277637114285e-05
78 78 -4.432277637114285e-05
79 79 -4.432277637114285e-05
80 80 -4.432277637114285e-05
81 81 -2.096692979221015e-04
82 82 -2.096692979221015e-04
83 83 -2.096692979221015e-04
84 84 -2.096692979221015e-04
85 85 -2.096692979221015e-04
86 86 -2.096692979221015e-04
87 87 -2.096692979221015e-04
88 88 -2.096692979221015e-04
89 89 -4.432277637114285e-05
90 90 -4.432277637114285e-05
91 91 -4.432277637114285e-05
92 92 -4.432277637114285e-05
93 93 -4.432277637114285e-05
94 94 -4.432277637114285e-05
95 95 -4.432277637114285e-05
96 96 -4.432277637114285e-05
97 97 -2.096692979221015e-04
98 98 -2.096692979221015e-04
99 99 -2.096692979221015e-04
100 100 -2.096692979221015e-04
101 101 -2.096692979221015e-04
102 102 -2.096692979221015e-04
103 103 -2.096692979221015e-04
104 104 -2.096692979221015e-04
105 105 -4.432277637114285e-05
106 106 -4.432277637114285e-05
107 107 -4.432277637114285e-05
108 108 -4.432277637114285e-05
109 109 -4.432277637114285e-05
110 110 -4.432277637114285e-05
111 111 -4.432277637114285e-05
112 112 -4.432277637114285e-05
113 113 -2.096692979221015e-04
114 114 -2.096692979221015e-04
115 115 -2.096692979221015e-04
116 116 -2.096692979221015e-04
117 117 -2.096692979221015e-04
118 118 -2.096692979221015e-04
119 119 -2.096692979221015e-04
120 120 -2.096692979221015e-04
121 121 -4.432277637114285e-05
122 122 -4.432277637114285e-05
123 123 -4.432277637114285e-05
124 124 -4.432277637114285e-05
125 125 -4.432277637114285e-05
126 126 -4.432277637114285e-05
127 127 -4.432277637114285e-05
128 128 -4.432277637114285e-05
129 129 -2.096692979221015e-04
130 130 -2.096692979221015e-04
131 131 -2.096692979221015e-04
132 132 -2.096692979221015e-04
133 133 -2.096692979221015e-04
134 134 -2.096692979221015e-04
135 135 -2.096692979221015e-04
136 136 -2.096692979221015e-04
137 137 -4.432277637114285e-05
138 138 -4.432277637114285e-05
139 139 -4.432277637114285e-05
140 140 -4.432277637114285e-05
141 141 -4.432277637114285e-05
142 142 -4.432277637114285e-05
143 143 -4.432277637114285e-05
144 144 -4.432277637114285e-05
145 145 -2.096692979221015e-04
146 146 -2.096692979221015e-04
147 147 -2.096692979221015e-04
148 148 -2.096692979221015e-04
149 149 -2.096692979221015e-04
150 150 -2.096692979221015e-04
151 151 -2.096692979221015e-04
152 152 -2.096692979221015e-04
153 153 -4.432277637114285e-05
154 154 -4.432277637114285e-05
155 155 -4.432277637114285e-05
156 156 -4.432277637114285e-05
157 157 -4.432277637114285e-05
158 158 -4.432277637114285e-05
159 159 -4.432277637114285e-05
160 160 -4.432277637114285e-05
161 161 -2.096692979221015e-04
162 162 -2.096692979221015e-04
163 163 -2.096692979221015e-04
164 164 -2.096692979221015e-04
165 165 -2.096692979221015e-04
166 166 -2.096692979221015e-04
167 167 -2.096692979221015e-04
168 168 -2.096692979221015e-04
169 169 -4.432277637114285e-05
170 170 -4.432277637114285e-05
171 171 -4.432277637114285e-05
172 172 -4.432277637114285e-05
173 173 -4.432277637114285e-05
174 174 -4.432277637114285e-05
175 175 -4.432277637114285e-05
176 176 -4.432277637114285e-05
177 177 -2.096692979221015e-04
178 178 -2.096692979221015e-04
179 179 -2.096692979221015e-04
180 180 -2.096692979221015e-04
181 181 -2.096692979221015e-04
182 182 -2.096692979221015e-04
183 183 -2.096692979221015e-04
184 184 -2.096692979221015e-04
185 185 -4.432277637114285e-05
186 186 -4.432277637114285e-05
187 187 -4.432277637114285e-05
188 188 -4.432277637114285e-05
189 189 -4.432277637114285e-05
190 190 -4.432277637114285e-05
191 191 -4.432277637114285e-05
192 192 -4.432277637114285e-05
193 193 -2.096692979221015e-04
194 194 -2.096692979221015e-04
195 195 -2.096692979221015e-04
196 196 -2.096692979221015e-04
197 197 -2.096692979221015e-04
198 198 -2.096692979221015e-04
199 199 -2.096692979221015e-04
200 200 -2.096692979221015e-04
201 201 -4.432277637114285e-05
202 202 -4.432277637114285e-05
203 203 -4.432277637114285e-05
204 204 -4.432277637114285e-05
205 205 -4.432277637114285e-05
206 206 -4.432277637114285e-05
207 207 -4.432277637114285e-05
208 208 -4.432277637114285e-05
209 209 -2.096692979221015e-04
210 210 -2.096692979221015e-04
211 211 -2.096692979221015e-04
212 212 -2.096692979221015e-04
213 213 -2.096692979221015e-04
214 214 -2.096692979221015e-04
215 215 -2.096692979221015e-04
216 216 -2.096692979221015e-04
217 217 -4.432277637114285e-05
218 218 -4.432277637114285e-05
219 219 -4.432277637114285e-05
220 220 -4.432277637114285e-05
221 221 -4.432277637114285e-05
222 222 -4.432277637114285e-05
223 223 -4.432277637114285e-05
224 224 -4.432277637114285e-05
225 225 -2.096692979221015e-04
226 226 -2.096692979221015e-04
227 227 -2.096692979221015e-04
228 228 -2.096692979221015e-04
229 229 -2.096692979221015e-04
230 230 -2.096692979221015e-04
231 231 -2.096692979221015e-04
232 232 -2.096692979221015e-04
233 233 -4.432277637114285e-05
234 234 -4.432277637114285e-05
235 235 -4.432277637114285e-05
236 236 -4.432277637114285e-05
237 237 -4.432277637114285e-05
238 238 -4.432277637114285e-05
239 239 -4.432277637114285e-05
240 240 -4.432277637114285e-05
1 1  7.730059487741747e-03
2 2  7.730059487741747e-03
3 3  7.730059487741747e-03
4 4  7.730059487741747e-03
5 5  7.730059487741747e-03
6 6  7.730059487741747e-03
7 7  7.730059487741747e-03
8 8  7.730059487741747e-03
9 9  7.730059487741747e-03
10 10  7.730059487741747e-03
11 11  7.730059487741747e-03
12 12  7.730059487741747e-03
13 13  7.730059487741747e-03
14 14  7.730059487741747e-03
15 15  7.730059487741747e-03
16 16  7.730059487741747e-03
17 17  2.166561891958988e-03
18 18  2.166561891958988e-03
19 19  2.166561891958988e-03
20 20  2.166561891958988e-03
21 21  2.166561891958988e-03
22 22  2.166561891958988e-03
23 23  2.166561891958988e-03
24 24  2.166561891958988e-03
25 25  7.730059487741747e-03
26 26  7.730059487741747e-03
27 27  7.730059487741747e-03
28 28  7.730059487741747e-03
29 29  7.730059487741747e-03
30 30  7.730059487741747e-03
31 31  7.730059487741747e-03
32 32  7.730059487741747e-03
33 33  2.166561891958988e-03
34 34  2.166561891958988e-03
35 35  2.166561891958988e-03
36 36  2.166561891958988e-03
37 37  2.166561891958988e-03
38 38  2.166561891958988e-03
39 39  2.166561891958988e-03
40 40  2.166561891958988e-03
41 41  7.730059487741747e-03
42 42  7.730059487741747e-03
43 43  7.730059487741747e-03
44 44  7.730059487741747e-03
45 45  7.730059487741747e-03
46 46  7.730059487741747e-03
47 47  7.730059487741747e-03
48 48  7.730059487741747e-03
49 49  2.166561891958988e-03
50 50  2.166561891958988e-03
51 51  2.166561891958988e-03
52 52  2.166561891958988e-03
53 53  2.166561891958988e-03
54 54  2.166561891958988e-03
55 55  2.166561891958988e-03
56 56  2.166561891958988e-03
57 57  7.730059487741747e-03
58 58  7.730059487741747e-03
59 59  7.730059487741747e-03
60 60  7.730059487741747e-03
61 61  7.730059487741747e-03
62 62  7.730059487741747e-03
63 63  7.730059487741747e-03
64 64  7.730059487741747e-03
65 65  2.166561891958988e-03
66 66  2.166561891958988e-03
67 67  2.166561891958988e-03
68 68  2.166561891958988e-03
69 69  2.166561891958988e-03
70 70  2.166561891958988e-03
71 71  2.166561891958988e-03
72 72  2.166561891958988e-03
73 73  7.730059487741747e-03
74 74  7.730059487741747e-03
75 75  7.730059487741747e-03
76 76  7.730059487741747e-03
77 77  7.730059487741747e-03
78 78  7.730059487741747e-03
79 79  7.730059487741747e-03
80 80  7.730059487741747e-03
81 81  2.166561891958988e-03
82 82  2.166561891958988e-03
83 83  2.166561891958988e-03
84 84  2.166561891958988e-03
85 85  2.166561891958988e-03
86 86  2.166561891958988e-03
87 87  2.166561891958988e-03
88 88  2.166561891958988e-03
89 89  7.730059487741747e-03
90 90  7.730059487741747e-03
91 91  7.730059487741747e-03
92 92  7.730059487741747e-03
93 93  7.730059487741747e-03
94 94  7.730059487741747e-03
95 95  7.730059487741747e-03
96 96  7.730059487741747e-03
97 97  2.166561891958988e-03
98 98  2.166561891958988e-03
99 99  2.166561891958988e-03
100 100  2.166561891958988e-03
101 101  2.166561891958988e-03
102 102  2.166561891958988e-03
103 103  2.166561891958988e-03
104 104  2.166561891958988e-03
105 105  7.730059487741747e-03
106 106  7.730059487741747e-03
107 107  7.730059487741747e-03
108 108  7.730059487741747e-03
109 109  7.730059487741747e-03
110 110  7.730059487741747e-03
111 111  7.730059487741747e-03
112 112  7.730059487741747e-03
113 113  2.166561891958988e-03
114 114  2.166561891958988e-03
115 115  2.166561891958988e-03
116 116  2.166561891958988e-03
117 117  2.166561891958988e-03
118 118  2.166561891958988e-03
119 119  2.166561891958988e-03
120 120  2.166561891958988e-03
121 121  7.730059487741747e-03
122 122  7.730059487741747e-03
123 123  7.730059487741747e-03
124 124  7.730059487741747e-03
125 125  7.730059487741747e-03
126 126  7.730059487741747e-03
127 127  7.730059487741747e-03
128 128  7.730059487741747e-03
129 129  2.166561891958988e-03
130 130  2.166561891958988e-03
131 131  2.166561891958988e-03
132 132  2.166561891958988e-03
133 133  2.166561891958988e-03
134 134  2.166561891958988e-03
135 135  2.166561891958988e-03
136 136  2.166561891958988e-03
137 137  7.730059487741747e-03
138 138  7.730059487741747e-03
139 139  7.730059487741747e-03
140 140  7.730059487741747e-03
141 141  7.730059487741747e-03
142 142  7.730059487741747e-03
143 143  7.730059487741747e-03
144 144  7.730059487741747e-03
145 145  2.166561891958988e-03
146 146  2.166561891958988e-03
147 147  2.166561891958988e-03
148 148  2.166561891958988e-03
149 149  2.166561891958988e-03
150 150  2.166561891958988e-03
151 151  2.166561891958988e-03
152 152  2.166561891958988e-03
153 153  7.730059487741747e-03
154 154  7.730059487741747e-03
155 155  7.730059487741747e-03
156 156  7.730059487741747e-03
157 157  7.730059487741747e-03
158 158  7.730059487741747e-03
159 159  7.730059487741747e-03
160 160  7.730059487741747e-03
161 161  2.166561891958988e-03
162 162  2.166561891958988e-03
163 163  2.166561891958988e-03
164 164  2.166561891958988e-03
165 165  2.166561891958988e-03
166 166  2.166561891958988e-03
167 167  2.166561891958988e-03
168 168  2.166561891958988e-03
169 169  7.730059487741747e-03
170 170  7.730059487741747e-03
171 171  7.730059487741747e-03
172 172  7.730059487741747e-03
173 173  7.730059487741747e-03
174 174  7.730059487741747e-03
175 175  7.730059487741747e-03
176 176  7.730059487741747e-03
177 177  2.166561891958988e-03
178 178  2.166561891958988e-03
179 179  2.166561891958988e-03
180 180  2.166561891958988e-03
181 181  2.166561891958988e-03
182 182  2.166561891958988e-03
183 183  2.166561891958988e-03
184 184  2.166561891958988e-03
185 185  7.730059487741747e-03
186 186  7.730059487741747e-03
187 187  7.730059487741747e-03
188 188  7.730059487741747e-03
189 189  7.730059487741747e-03
190 190  7.730059487741747e-03
191 191  7.730059487741747e-03
192 192  7.730059487741747e-03
193 193  2.166561891958988e-03
194 194  2.166561891958988e-03
195 195  2.166561891958988e-03
196 196  2.166561891958988e-03
197 197  2.166561891958988e-03
198 198  2.166561891958988e-03
199 199  2.166561891958988e-03
200 200  2.166561891958988e-03
201 201  7.730059487741747e-03
202 202  7.730059487741747e-03
203 203  7.730059487741747e-03
204 204  7.730059487741747e-03
205 205  7.730059487741747e-03
206 206  7.730059487741747e-03
207 207  7.730059487741747e-03
208 208  7.730059487741747e-03
209 209  2.166561891958988e-03
210 210  2.166561891958988e-03
211 211  2.166561891958988e-03
212 212  2.166561891958988e-03
213 213  2.166561891958988e-03
214 214  2.166561891958988e-03
215 215  2.166561891958988e-03
216 216  2.166561891958988e-03
217 217  7.730059487741747e-03
218 218  7.730059487741747e-03
219 219  7.730059487741747e-03
220 220  7.730059487741747e-03
221 221  7.730059487741747e-03
222 222  7.730059487741747e-03
223 223  7.730059487741747e-03
224 224  7.730059487741747e-03
225 225  2.166561891958988e-03
226 226  2.166561891958988e-03
227 227  2.166561891958988e-03
228 228  2.166561891958988e-03
229 229  2.166561891958988e-03
230 230  2.166561891958988e-03
231 231  2.166561891958988e-03
232 232  2.166561891958988e-03
233 233  7.730059487741747e-03
234 234  7.730059487741747e-03
235 235  7.730059487741747e-03
236 236  7.730059487741747e-03
237 237  7.730059487741747e-03
238 238  7.730059487741747e-03
239 239  7.730059487741747e-03
240 240  7.730059487741747e-03
1 1 -3.631319200536053e+00
2 2 -3.631319200536053e+00
3 3 -3.631319200536053e+00
4 4 -3.631319200536053e+00
5 5 -3.631319200536053e+00
6 6 -3.631319200536053e+00
7 7 -3.631319200536053e+00
8 8 -3.631319200536053e+00
9 9 -3.631319200536053e+00
10 10 -3.631319200536053e+00
11 11 -3.631319200536053e+00
12 12 -3.631319200536053e+00
13 13 -3.631319200536053e+00
14 14 -3.631319200536053e+00
15 15 -3.631319200536053e+00
16 16 -3.631319200536053e+00
17 17 -7.067440269537890e-01
18 18 -7.067440269537890e-01
19 19 -7.067440269537890e-01
20 20 -7.067440269537890e-01
21 21 -7.067440269537890e-01
22 22 -7.067440269537890e-01
23 23 -7.067440269537890e-01
24 24 -7.067440269537890e-01
25 25 -3.631319200536053e+00
26 26 -3.631319200536053e+00
27 27 -3.631319200536053e+00
28 28 -3.631319200536053e+00
29 29 -3.631319200536053e+00
30 30 -3.631319200536053e+00
31 31 -3.631319200536053e+00
32 32 -3.631319200536053e+00
33 33 -7.067440269537890e-01
34 34 -7.067440269537890e-01
35 35 -7.067440269537890e-01
36 36 -7.067440269537890e-01
37 37 -7.067440269537890e-01
38 38 -7.067440269537890e-01
39 39 -7.067440269537890e-01
40 40 -7.067440269537890e-01
41 41 -3.631319200536053e+00
42 42 -3.631319200536053e+00
43 43 -3.631319200536053e+00
44 44 -3.631319200536053e+00
45 45 -3.631319200536053e+00
46 46 -3.631319200536053e+00
47 47 -3.631319200536053e+00
48 48 -3.631319200536053e+00
49 49 -7.067440269537890e-01
50 50 -7.067440269537890e-01
51 51 -7.067440269537890e-01
52 52 -7.067440269537890e-01
53 53 -7.067440269537890e-01
54 54 -7.067440269537890e-01
55 55 -7.067440269537890e-01
56 56 -7.067440269537890e-01
57 57 -3.631319200536053e+00
58 58 -3.631319200536053e+00
59 59 -3.631319200536053e+00
60 60 -3.631319200536053e+00
61 61 -3.631319200536053e+00
62 62 -3.631319200536053e+00
63 63 -3.631319200536053e+00
64 64 -3.631319200536053e+00
65 65 -7.067440269537890e-01
66 66 -7.067440269537890e-01
67 67 -7.067440269537890e-01
68 68 -7.067440269537890e-01
69 69 -7.067440269537890e-01
70 70 -7.067440269537890e-01
71 71 -7.067440269537890e-01
72 72 -7.067440269537890e-01
73 73 -3.631319200536053e+00
74 74 -3.631319200536053e+00
75 75 -3.631319200536053e+00
76 76 -3.631319200536053e+00
77 77 -3.631319200536053e+00
78 78 -3.631319200536053e+00
79 79 -3.631319200536053e+00
80 80 -3.631319200536053e+00
81 81 -7.067440269537890e-01
82 82 -7.067440269537890e-01
83 83 -7.067440269537890e-01
84 84 -7.067440269537890e-01
85 85 -7.067440269537890e-01
86 86 -7.067440269537890e-01
87 87 -7.067440269537890e-01
88 88 -7.067440269537890e-01
89 89 -3.631319200536053e+00
90 90 -3.631319200536053e+00
91 91 -3.631319200536053e+00
92 92 -3.631319200536053e+00
93 93 -3.631319200536053e+00
94 94 -3.631319200536053e+00
95 95 -3.631319200536053e+00
96 96 -3.631319200536053e+00
97 97 -7.067440269537890e-01
98 98 -7.067440269537890e-01
99 99 -7.067440269537890e-01
100 100 -7.067440269537890e-01
101 101 -7.067440269537890e-01
102 102 -7.067440269537890e-01
103 103 -7.067440269537890e-01
104 104 -7.067440269537890e-01
105 105 -3.631319200536053e+00
106 106 -3.631319200536053e+00
107 107 -3.631319200536053e+00
108 108 -3.631319200536053e+00
109 109 -3.631319200536053e+00
110 110 -3.631319200536053e+00
111 111 -3.631319200536053e+00
112 112 -3.631319200536053e+00
113 113 -7.067440269537890e-01
114 114 -7.067440269537890e-01
115 115 -7.067440269537890e-01
116 116 -7.067440269537890e-01
117 117 -7.067440269537890e-01
118 118 -7.067440269537890e-01
119 119 -7.067440269537890e-01
120 120 -7.067440269537890e-01
121 121 -3.631319200536053e+00
122 122 -3.631319200536053e+00
123 123 -3.631319200536053e+00
124 124 -3.631319200536053e+00
125 125 -3.631319200536053e+00
126 126 -3.631319200536053e+00
127 127 -3.631319200536053e+00
128 128 -3.631319200536053e+00
129 129 -7.067440269537890e-01
130 130 -7.067440269537890e-01
131 131 -7.067440269537890e-01
132 132 -7.067440269537890e-01
133 133 -7.067440269537890e-01
134 134 -7.067440269537890e-01
135 135 -7.067440269537890e-01
136 136 -7.067440269537890e-01
137 137 -3.631319200536053e+00
138 138 -3.631319200536053e+00
139 139 -3.631319200536053e+00
140 140 -3.631319200536053e+00
141 141 -3.631319200536053e+00
142 142 -3.631319200536053e+00
143 143 -3.631319200536053e+00
144 144 -3.631319200536053e+00
145 145 -7.067440269537890e-01
146 146 -7.067440269537890e-01
147 147 -7.067440269537890e-01
148 148 -7.067440269537890e-01
149 149 -7.067440269537890e-01
150 150 -7.067440269537890e-01
151 151 -7.067440269537890e-01
152 152 -7.067440269537890e-01
153 153 -3.631319200536053e+00
154 154 -3.631319200536053e+00
155 155 -3.631319200536053e+00
156 156 -3.631319200536053e+00
157 157 -3.631319200536053e+00
158 158 -3.631319200536053e+00
159 159 -3.631319200536053e+00
160 160 -3.631319200536053e+00
161 161 -7.067440269537890e-01
162 162 -7.067440269537890e-01
163 163 -7.067440269537890e-01
164 164 -7.067440269537890e-01
165 165 -7.067440269537890e-01
166 166 -7.067440269537890e-01
167 167 -7.067440269537890e-01
168 168 -7.067440269537890e-01
169 169 -3.631319200536053e+00
170 170 -3.631319200536053e+00
171 171 -3.631319200536053e+00
172 172 -3.631319200536053e+00
173 173 -3.631319200536053e+00
174 174 -3.631319200536053e+00
175 175 -3.631319200536053e+00
176 176 -3.631319200536053e+00
177 177 -7.067440269537890e-01
178 178 -7.067440269537890e-01
179 179 -7.067440269537890e-01
180 180 -7.067440269537890e-01
181 181 -7.067440269537890e-01
182 182 -7.067440269537890e-01
183 183 -7.067440269537890e-01
184 184 -7.067440269537890e-01
185 185 -3.631319200536053e+00
186 186 -3.631319200536053e+00
187 187 -3.631319200536053e+00
188 188 -3.631319200536053e+00
189 189 -3.631319200536053e+00
190 190 -3.631319200536053e+00
191 191 -3.631319200536053e+00
192 192 -3.631319200536053e+00
193 193 -7.067440269537890e-01
194 194 -7.067440269537890e-01
195 195 -7.067440269537890e-01
196 196 -7.067440269537890e-01
197 197 -7.067440269537890e-01
198 198 -7.067440269537890e-01
199 199 -7.067440269537890e-01
200 200 -7.067440269537890e-01
201 201 -3.631319200536053e+00
202 202 -3.631319200536053e+00
203 203 -3.631319200536053e+00
204 204 -3.631319200536053e+00
205 205 -3.631319200536053e+00
206 206 -3.631319200536053e+00
207 207 -3.631319200536053e+00
208 208 -3.631319200536053e+00
209 209 -7.067440269537890e-01
210 210 -7.067440269537890e-01
211 211 -7.067440269537890e-01
212 212 -7.067440269537890e-01
213 213 -7.067440269537890e-01
214 214 -7.067440269537890e-01
215 215 -7.067440269537890e-01
216 216 -7.067440269537890e-01
217 217 -3.631319200536053e+00
218 218 -3.631319200536053e+00
219 219 -3.631319200536053e+00
220 220 -3.631319200536053e+00
221 221 -3.631319200536053e+00
222 222 -3.631319200536053e+00
223 223 -3.631319200536053e+00
224 224 -3.631319200536053e+00
225 225 -7.067440269537890e-01
226 226 -7.067440269537890e-01
227 227 -7.067440269537890e-01
228 228 -7.067440269537890e-01
229 229 -7.067440269537890e-01
230 230 -7.067440269537890e-01
231 231 -7.067440269537890e-01
232 232 -7.067440269537890e-01
233 233 -3.631319200536053e+00
234 234 -3.631319200536053e+00
235 235 -3.631319200536053e+00
236 236 -3.631319200536053e+00
237 237 -3.631319200536053e+00
238 238 -3.631319200536053e+00
239 239 -3.631319200536053e+00
240 240 -3.631319200536053e+00
1 1 -2.725997685952368e+01
2 2 -2.725997685952368e+01
3 3 -2.725997685952368e+01
4 4 -2.725997685952368e+01
5 5 -2.725997685952368e+01
6 6 -2.725997685952368e+01
7 7 -2.725997685952368e+01
8 8 -2.725997685952368e+01
9 9 -2.725997685952368e+01
10 10 -2.725997685952368e+01
11 11 -2.725997685952368e+01
12 12 -2.725997685952368e+01
13 13 -2.725997685952368e+01
14 14 -2.725997685952368e+01
15 15 -2.725997685952368e+01
16 16 -2.725997685952368e+01
17 17 -3.838724830965742e+00
18 18 -3.838724830965742e+00
19 19 -3.838724830965742e+00
20 20 -3.838724830965742e+00
21 21 -3.838724830965742e+00
22 22 -3.838724830965742e+00
23 23 -3.838724830965742e+00
24 24 -3.838724830965742e+00
25 25 -2.725997685952368e+01
26 26 -2.725997685952368e+01
27 27 -2.725997685952368e+01
28 28 -2.725997685952368e+01
29 29 -2.725997685952368e+01
30 30 -2.725997685952368e+01
31 31 -2.725997685952368e+01
32 32 -2.725997685952368e+01
33 33 -3.838724830965742e+00
34 34 -3.838724830965742e+00
35 35 -3.838724830965742e+00
36 36 -3.838724830965742e+00
37 37 -3.838724830965742e+00
38 38 -3.838724830965742e+00
39 39 -3.838724830965742e+00
40 40 -3.838724830965742e+00
41 41 -2.725997685952368e+01
42 42 -2.725997685952368e+01
43 43 -2.725997685952368e+01
44 44 -2.725997685952368e+01
45 45 -2.725997685952368e+01
46 46 -2.725997685952368e+01
47 47 -2.725997685952368e+01
48 48 -2.725997685952368e+01
49 49 -3.838724830965742e+00
50 50 -3.838724830965742e+00
51 51 -3.838724830965742e+00
52 52 -3.838724830965742e+00
53 53 -3.838724830965742e+00
54 54 -3.838724830965742e+00
55 55 -3.838724830965742e+00
56 56 -3.838724830965742e+00
57 57 -2.725997685952368e+01
58 58 -2.725997685952368e+01
59 59 -2.725997685952368e+01
60 60 -2.725997685952368e+01
61 61 -2.725997685952368e+01
62 62 -2.725997685952368e+01
63 63 -2.725997685952368e+01
64 64 -2.725997685952368e+01
65 65 -3.838724830965742e+00
66 66 -3.838724830965742e+00
67 67 -3.838724830965742e+00
68 68 -3.838724830965742e+00
69 69 -3.838724830965742e+00
70 70 -3.838724830965742e+00
71 71 -3.838724830965742e+00
72 72 -3.838724830965742e+00
73 73 -2.725997685952368e+01
74 74 -2.725997685952368e+01
75 75 -2.725997685952368e+01
76 76 -2.725997685952368e+01
77 77 -2.725997685952368e+01
78 78 -2.725997685952368e+01
79 79 -2.725997685952368e+01
80 80 -2.725997685952368e+01
81 81 -3.838724830965742e+00
82 82 -3.838724830965742e+00
83 83 -3.838724830965742e+00
84 84 -3.838724830965742e+00
85 85 -3.838724830965742e+00
86 86 -3.838724830965742e+00
87 87 -3.838724830965742e+00
88 88 -3.838724830965742e+00
89 89 -2.725997685952368e+01
90 90 -2.725997685952368e+01
91 91 -2.725997685952368e+01
92 92 -2.725997685952368e+01
93 93 -2.725997685952368e+01
94 94 -2.725997685952368e+01
95 95 -2.725997685952368e+01
96 96 -2.725997685952368e+01
97 97 -3.838724830965742e+00
98 98 -3.838724830965742e+00
99 99 -3.838724830965742e+00
100 100 -3.838724830965742e+00
101 101 -3.838724830965742e+00
102 102 -3.838724830965742e+00
103 103 -3.838724830965742e+00
104 104 -3.838724830965742e+00
105 105 -2.725997685952368e+01
106 106 -2.725997685952368e+01
107 107 -2.725997685952368e+01
108 108 -2.725997685952368e+01
109 109 -2.725997685952368e+01
110 110 -2.725997685952368e+01
111 111 -2.725997685952368e+01
112 112 -2.725997685952368e+01
113 113 -3.838724830965742e+00
114 114 -3.838724830965742e+00
115 115 -3.838724830965742e+00
116 116 -3.838724830965742e+00
117 117 -3.838724830965742e+00
118 118 -3.838724830965742e+00
119 119 -3.838724830965742e+00
120 120 -3.838724830965742e+00
121 121 -2.725997685952368e+01
122 122 -2.725997685952368e+01
123 123 -2.725997685952368e+01
124 124 -2.725997685952368e+01
125 125 -2.725997685952368e+01
126 126 -2.725997685952368e+01
127 127 -2.725997685952368e+01
128 128 -2.725997685952368e+01
129 129 -3.838724830965742e+00
130 130 -3.838724830965742e+00
131 131 -3.838724830965742e+00
132 132 -3.838724830965742e+00
133 133 -3.838724830965742e+00
134 134 -3.838724830965742e+00
135 135 -3.838724830965742e+00
136 136 -3.838724830965742e+00
137 137 -2.725997685952368e+01
138 138 -2.725997685952368e+01
139 139 -2.725997685952368e+01
140 140 -2.725997685952368e+01
141 141 -2.725997685952368e+01
142 142 -2.725997685952368e+01
143 143 -2.725997685952368e+01
144 144 -2.725997685952368e+01
145 145 -3.838724830965742e+00
146 146 -3.838724830965742e+00
147 147 -3.838724830965742e+00
148 148 -3.838724830965742e+00
149 149 -3.838724830965742e+00
150 150 -3.838724830965742e+00
151 151 -3.838724830965742e+00
152 152 -3.838724830965742e+00
153 153 -2.725997685952368e+01
154 154 -2.725997685952368e+01
155 155 -2.725997685952368e+01
156 156 -2.725997685952368e+01
157 157 -2.725997685952368e+01
158 158 -2.725997685952368e+01
159 159 -2.725997685952368e+01
160 160 -2.725997685952368e+01
161 161 -3.838724830965742e+00
162 162 -3.838724830965742e+00
163 163 -3.838724830965742e+00
164 164 -3.838724830965742e+00
165 165 -3.838724830965742e+00
166 166 -3.838724830965742e+00
167 167 -3.838724830965742e+00
168 168 -3.838724830965742e+00
169 169 -2.725997685952368e+01
170 170 -2.725997685952368e+01
171 171 -2.725997685952368e+01
172 172 -2.725997685952368e+01
173 173 -2.725997685952368e+01
174 174 -2.725997685952368e+01
175 175 -2.725997685952368e+01
176 176 -2.725997685952368e+01
177 177 -3.838724830965742e+00
178 178 -3.838724830965742e+00
179 179 -3.838724830965742e+00
180 180 -3.838724830965742e+00
181 181 -3.838724830965742e+00
182 182 -3.838724830965742e+00
183 183 -3.838724830965742e+00
184 184 -3.838724830965742e+00
185 185 -2.725997685952368e+01
186 186 -2.725997685952368e+01
187 187 -2.725997685952368e+01
188 188 -2.725997685952368e+01
189 189 -2.725997685952368e+01
190 190 -2.725997685952368e+01
191 191 -2.725997685952368e+01
192 192 -2.725997685952368e+01
193 193 -3.838724830965742e+00
194 194 -3.838724830965742e+00
195 195 -3.838724830965742e+00
196 196 -3.838724830965742e+00
197 197 -3.838724830965742e+00
198 198 -3.838724830965742e+00
199 199 -3.838724830965742e+00
200 200 -3.838724830965742e+00
201 201 -2.725997685952368e+01
202 202 -2.725997685952368e+01
203 203 -2.725997685952368e+01
204 204 -2.725997685952368e+01
205 205 -2.725997685952368e+01
206 206 -2.725997685952368e+01
207 207 -2.725997685952368e+01
208 208 -2.725997685952368e+01
209 209 -3.838724830965742e+00
210 210 -3.838724830965742e+00
211 211 -3.838724830965742e+00
212 212 -3.838724830965742e+00
213 213 -3.838724830965742e+00
214 214 -3.838724830965742e+00
215 215 -3.838724830965742e+00
216 216 -3.838724830965742e+00
217 217 -2.725997685952368e+01
218 218 -2.725997685952368e+01
219 219 -2.725997685952368e+01
220 220 -2.725997685952368e+01
221 221 -2.725997685952368e+01
222 222 -2.725997685952368e+01
223 223 -2.725997685952368e+01
224 224 -2.725997685952368e+01
225 225 -3.838724830965742e+00
226 226 -3.838724830965742e+00
227 227 -3.838724830965742e+00
228 228 -3.838724830965742e+00
229 229 -3.838724830965742e+00
230 230 -3.838724830965742e+00
231 231 -3.838724830965742e+00
232 232 -3.838724830965742e+00
233 233 -2.725997685952368e+01
234 234 -2.725997685952368e+01
235 235 -2.725997685952368e+01
236 236 -2.725997685952368e+01
237 237 -2.725997685952368e+01
238 238 -2.725997685952368e+01
239 239 -2.725997685952368e+01
240 240 -2.725997685952368e+01
1 1  4.662970673163122e+00
2 2  4.662970673163122e+00
3 3  4.662970673163122e+00
4 4  4.662970673163122e+00
5 5  4.662970673163122e+00
6 6  4.662970673163122e+00
7 7  4.662970673163122e+00
8 8  4.662970673163122e+00
9 9  4.662970673163122e+00
10 10  4.662970673163122e+00
11 11  4.662970673163122e+00
12 12  4.662970673163122e+00
13 13  4.662970673163122e+00
14 14  4.662970673163122e+00
15 15  4.662970673163122e+00
16 16  4.662970673163122e+00
17 17  9.583410909421678e-01
18 18  9.583410909421678e-01
19 19  9.583410909421678e-01
20 20  9.583410909421678e-01
21 21  9.583410909421678e-01
22 22  9.583410909421678e-01
23 23  9.583410909421678e-01
24 24  9.583410909421678e-01
25 25  4.662970673163122e+00
26 26  4.662970673163122e+00
27 27  4.662970673163122e+00
28 28  4.662970673163122e+00
29 29  4.662970673163122e+00
30 30  4.662970673163122e+00
31 31  4.662970673163122e+00
32 32  4.662970673163122e+00
33 33  9.583410909421678e-01
34 34  9.583410909421678e-01
35 35  9.583410909421678e-01
36 36  9.583410909421678e-01
37 37  9.583410909421678e-01
38 38  9.583410909421678e-01
39 39  9.583410909421678e-01
40 40  9.583410909421678e-01
41 41  4.662970673163122e+00
42 42  4.662970673163122e+00
43 43  4.662970673163122e+00
44 44  4.662970673163122e+00
45 45  4.662970673163122e+00
46 46  4.662970673163122e+00
47 47  4.662970673163122e+00
48 48  4.662970673163122e+00
49 49  9.583410909421678e-01
50 50  9.583410909421678e-01
51 51  9.583410909421678e-01
52 52  9.583410909421678e-01
53 53  9.583410909421678e-01
54 54  9.583410909421678e-01
55 55  9.583410909421678e-01
56 56  9.583410909421678e-01
57 57  4.662970673163122e+00
58 58  4.662970673163122e+00
59 59  4.662970673163122e+00
60 60  4.662970673163122e+00
61 61  4.662970673163122e+00
62 62  4.662970673163122e+00
63 63  4.662970673163122e+00
64 64  4.662970673163122e+00
65 65  9.583410909421678e-01
66 66  9.583410909421678e-01
67 67  9.583410909421678e-01
68 68  9.583410909421678e-01
69 69  9.583410909421678e-01
70 70  9.583410909421678e-01
71 71  9.583410909421678e-01
72 72  9.583410909421678e-01
73 73  4.662970673163122e+00
74 74  4.662970673163122e+00
75 75  4.662970673163122e+00
76 76  4.662970673163122e+00
77 77  4.662970673163122e+00
78 78  4.662970673163122e+00
79 79  4.662970673163122e+00
80 80  4.662970673163122e+00
81 81  9.583410909421678e-01
82 82  9.583410909421678e-01
83 83  9.583410909421678e-01
84 84  9.583410909421678e-01
85 85  9.583410909421678e-01
86 86  9.583410909421678e-01
87 87  9.583410909421678e-01
88 88  9.583410909421678e-01
89 89  4.662970673163122e+00
90 90  4.662970673163122e+00
91 91  4.662970673163122e+00
92 92  4.662970673163122e+00
93 93  4.662970673163122e+00
94 94  4.662970673163122e+00
95 95  4.662970673163122e+00
96 96  4.662970673163122e+00
97 97  9.583410909421678e-01
98 98  9.583410909421678e-01
99 99  9.583410909421678e-01
100 100  9.583410909421678e-01
101 101  9.583410909421678e-01
102 102  9.583410909421678e-01
103 103  9.583410909421678e-01
104 104  9.583410909421678e-01
105 105  4.662970673163122e+00
106 106  4.662970673163122e+00
107 107  4.662970673163122e+00
108 108  4.662970673163122e+00
109 109  4.662970673163122e+00
110 110  4.662970673163122e+00
111 111  4.662970673163122e+00
112 112  4.662970673163122e+00
113 113  9.583410909421678e-01
114 114  9.583410909421678e-01
115 115  9.583410909421678e-01
116 116  9.583410909421678e-01
117 117  9.583410909421678e-01
118 118  9.583410909421678e-01
119 119  9.583410909421678e-01
120 120  9.583410909421678e-01
121 121  4.662970673163122e+00
122 122  4.662970673163122e+00
123 123  4.662970673163122e+00
124 124  4.662970673163122e+00
125 125  4.662970673163122e+00
126 126  4.662970673163122e+00
127 127  4.662970673163122e+00
128 128  4.662970673163122e+00
129 129  9.583410909421678e-01
130 130  9.583410909421678e-01
131 131  9.583410909421678e-01
132 132  9.583410909421678e-01
133 133  9.583410909421678e-01
134 134  9.583410909421678e-01
135 135  9.583410909421678e-01
136 136  9.583410909421678e-01
137 137  4.662970673163122e+00
138 138  4.662970673163122e+00
139 139  4.662970673163122e+00
140 140  4.662970673163122e+00
141 141  4.662970673163122e+00
142 142  4.662970673163122e+00
143 143  4.662970673163122e+00
144 144  4.662970673163122e+00
145 145  9.583410909421678e-01
146 146  9.583410909421678e-01
147 147  9.583410909421678e-01
148 148  9.583410909421678e-01
149 149  9.583410909421678e-01
150 150  9.583410909421678e-01
151 151  9.583410909421678e-01
152 152  9.583410909421678e-01
153 153  4.662970673163122e+00
154 154  4.662970673163122e+00
155 155  4.662970673163122e+00
156 156  4.662970673163122e+00
157 157  4.662970673163122e+00
158 158  4.662970673163122e+00
159 159  4.662970673163122e+00
160 160  4.662970673163122e+00
161 161  9.583410909421678e-01
162 162  9.583410909421678e-01
163 163  9.583410909421678e-01
164 164  9.583410909421678e-01
165 165  9.583410909421678e-01
166 166  9.583410909421678e-01
167 167  9.583410909421678e-01
168 168  9.583410909421678e-01
169 169  4.662970673163122e+00
170 170  4.662970673163122e+00
171 171  4.662970673163122e+00
172 172  4.662970673163122e+00
173 173  4.662970673163122e+00
174 174  4.662970673163122e+00
175 175  4.662970673163122e+00
176 176  4.662970673163122e+00
177 177  9.583410909421678e-01
178 178  9.583410909421678e-01
179 179  9.583410909421678e-01
180 180  9.583410909421678e-01
181 181  9.583410909421678e-01
182 182  9.583410909421678e-01
183 183  9.583410909421678e-01
184 184  9.583410909421678e-01
185 185  4.662970673163122e+00
186 186  4.662970673163122e+00
187 187  4.662970673163122e+00
188 188  4.662970673163122e+00
189 189  4.662970673163122e+00
190 190  4.662970673163122e+00
191 191  4.662970673163122e+00
192 192  4.662970673163122e+00
193 193  9.583410909421678e-01
194 194  9.583410909421678e-01
195 195  9.583410909421678e-01
196 196  9.583410909421678e-01
197 197  9.583410909421678e-01
198 198  9.583410909421678e-01
199 199  9.583410909421678e-01
200 200  9.583410909421678e-01
201 201  4.662970673163122e+00
202 202  4.662970673163122e+00
203 203  4.662970673163122e+00
204 204  4.662970673163122e+00
205 205  4.662970673163122e+00
206 206  4.662970673163122e+00
207 207  4.662970673163122e+00
208 208  4.662970673163122e+00
209 209  9.583410909421678e-01
210 210  9.583410909421678e-01
211 211  9.583410909421678e-01
212 212  9.583410909421678e-01
213 213  9.583410909421678e-01
214 214  9.583410909421678e-01
215 215  9.583410909421678e-01
216 216  9.583410909421678e-01
217 217  4.662970673163122e+00
218 218  4.662970673163122e+00
219 219  4.662970673163122e+00
220 220  4.662970673163122e+00
221 221  4.662970673163122e+00
222 222  4.662970673163122e+00
223 223  4.662970673163122e+00
224 224  4.662970673163122e+00
225 225  9.583410909421678e-01
226 226  9.583410909421678e-01
227 227  9.583410909421678e-01
228 228  9.583410909421678e-01
229 229  9.583410909421678e-01
230 230  9.583410909421678e-01
231 231  9.583410909421678e-01
232 232  9.583410909421678e-01
233 233  4.662970673163122e+00
234 234  4.662970673163122e+00
235 235  4.662970673163122e+00
236 236  4.662970673163122e+00
237 237  4.662970673163122e+00
238 238  4.662970673163122e+00
239 239  4.662970673163122e+00
240 240  4.662970673163122e+00
1 1  3.633601052835137e+00
2 2  3.633601052835137e+00
3 3  3.633601052835137e+00
4 4  3.633601052835137e+00
5 5  3.633601052835137e+00
6 6  3.633601052835137e+00
7 7  3.633601052835137e+00
8 8  3.633601052835137e+00
9 9  3.633601052835137e+00
10 10  3.633601052835137e+00
11 11  3.633601052835137e+00
12 12  3.633601052835137e+00
13 13  3.633601052835137e+00
14 14  3.633601052835137e+00
15 15  3.633601052835137e+00
16 16  3.633601052835137e+00
17 17  6.365532160418489e-01
18 18  6.365532160418489e-01
19 19  6.365532160418489e-01
20 20  6.365532160418489e-01
21 21  6.365532160418489e-01
22 22  6.365532160418489e-01
23 23  6.365532160418489e-01
24 24  6.365532160418489e-01
25 25  3.633601052835137e+00
26 26  3.633601052835137e+00
27 27  3.633601052835137e+00
28 28  3.633601052835137e+00
29 29  3.633601052835137e+00
30 30  3.633601052835137e+00
31 31  3.633601052835137e+00
32 32  3.633601052835137e+00
33 33  6.365532160418489e-01
34 34  6.365532160418489e-01
35 35  6.365532160418489e-01
36 36  6.365532160418489e-01
37 37  6.365532160418489e-01
38 38  6.365532160418489e-01
39 39  6.365532160418489e-01
40 40  6.365532160418489e-01
41 41  3.633601052835137e+00
42 42  3.633601052835137e+00
43 43  3.633601052835137e+00
44 44  3.633601052835137e+00
45 45  3.633601052835137e+00
46 46  3.633601052835137e+00
47 47  3.633601052835137e+00
48 48  3.633601052835137e+00
49 49  6.365532160418489e-01
50 50  6.365532160418489e-01
51 51  6.365532160418489e-01
52 52  6.365532160418489e-01
53 53  6.365532160418489e-01
54 54  6.365532160418489e-01
55 55  6.365532160418489e-01
56 56  6.365532160418489e-01
57 57  3.633601052835137e+00
58 58  3.633601052835137e+00
59 59  3.633601052835137e+00
60 60  3.633601052835137e+00
61 61  3.633601052835137e+00
62 62  3.633601052835137e+00
63 63  3.633601052835137e+00
64 64  3.633601052835137e+00
65 65  6.365532160418489e-01
66 66  6.365532160418489e-01
67 67  6.365532160418489e-01
68 68  6.365532160418489e-01
69 69  6.365532160418489e-01
70 70  6.365532160418489e-01
71 71  6.365532160418489e-01
72 72  6.365532160418489e-01
73 73  3.633601052835137e+00
74 74  3.633601052835137e+00
75 75  3.633601052835137e+00
76 76  3.633601052835137e+00
77 77  3.633601052835137e+00
78 78  3.633601052835137e+00
79 79  3.633601052835137e+00
80 80  3.633601052835137e+00
81 81  6.365532160418489e-01
82 82  6.365532160418489e-01
83 83  6.365532160418489e-01
84 84  6.365532160418489e-01
85 85  6.365532160418489e-01
86 86  6.365532160418489e-01
87 87  6.365532160418489e-01
88 88  6.365532160418489e-01
89 89  3.633601052835137e+00
90 90  3.633601052835137e+00
91 91  3.633601052835137e+00
92 92  3.633601052835137e+00
93 93  3.633601052835137e+00
94 94  3.633601052835137e+00
95 95  3.633601052835137e+00
96 96  3.633601052835137e+00
97 97  6.365532160418489e-01
98 98  6.365532160418489e-01
99 99  6.365532160418489e-01
100 100  6.365532160418489e-01
101 101  6.365532160418489e-01
102 102  6.365532160418489e-01
103 103  6.365532160418489e-01
104 104  6.365532160418489e-01
105 105  3.633601052835137e+00
106 106  3.633601052835137e+00
107 107  3.633601052835137e+00
108 108  3.633601052835137e+00
109 109  3.633601052835137e+00
110 110  3.633601052835137e+00
111 111  3.633601052835137e+00
112 112  3.633601052835137e+00
113 113  6.365532160418489e-01
114 114  6.365532160418489e-01
115 115  6.365532160418489e-01
116 116  6.365532160418489e-01
117 117  6.365532160418489e-01
118 118  6.365532160418489e-01
119 119  6.365532160418489e-01
120 120  6.365532160418489e-01
121 121  3.633601052835137e+00
122 122  3.633601052835137e+00
123 123  3.633601052835137e+00
124 124  3.633601052835137e+00
125 125  3.633601052835137e+00
126 126  3.633601052835137e+00
127 127  3.633601052835137e+00
128 128  3.633601052835137e+00
129 129  6.365532160418489e-01
130 130  6.365532160418489e-01
131 131  6.365532160418489e-01
132 132  6.365532160418489e-01
133 133  6.365532160418489e-01
134 134  6.365532160418489e-01
135 135  6.365532160418489e-01
136 136  6.365532160418489e-01
137 137  3.633601052835137e+00
138 138  3.633601052835137e+00
139 139  3.633601052835137e+00
140 140  3.633601052835137e+00
141 141  3.633601052835137e+00
142 142  3.633601052835137e+00
143 143  3.633601052835137e+00
144 144  3.633601052835137e+00
145 145  6.365532160418489e-01
146 146  6.365532160418489e-01
147 147  6.365532160418489e-01
148 148  6.365532160418489e-01
149 149  6.365532160418489e-01
150 150  6.365532160418489e-01
151 151  6.365532160418489e-01
152 152  6.365532160418489e-01
153 153  3.633601052835137e+00
154 154  3.633601052835137e+00
155 155  3.633601052835137e+00
156 156  3.633601052835137e+00
157 157  3.633601052835137e+00
158 158  3.633601052835137e+00
159 159  3.633601052835137e+00
160 160  3.633601052835137e+00
161 161  6.365532160418489e-01
162 162  6.365532160418489e-01
163 163  6.365532160418489e-01
164 164  6.365532160418489e-01
165 165  6.365532160418489e-01
166 166  6.365532160418489e-01
167 167  6.365532160418489e-01
168 168  6.365532160418489e-01
169 169  3.633601052835137e+00
170 170  3.633601052835137e+00
171 171  3.633601052835137e+00
172 172  3.633601052835137e+00
173 173  3.633601052835137e+00
174 174  3.633601052835137e+00
175 175  3.633601052835137e+00
176 176  3.633601052835137e+00
177 177  6.365532160418489e-01
178 178  6.365532160418489e-01
179 179  6.365532160418489e-01
180 180  6.365532160418489e-01
181 181  6.365532160418489e-01
182 182  6.365532160418489e-01
183 183  6.365532160418489e-01
184 184  6.365532160418489e-01
185 185  3.633601052835137e+00
186 186  3.633601052835137e+00
187 187  3.633601052835137e+00
188 188  3.633601052835137e+00
189 189  3.633601052835137e+00
190 190  3.633601052835137e+00
191 191  3.633601052835137e+00
192 192  3.633601052835137e+00
193 193  6.365532160418489e-01
194 194  6.365532160418489e-01
195 195  6.365532160418489e-01
196 196  6.365532160418489e-01
197 197  6.365532160418489e-01
198 198  6.365532160418489e-01
199 199  6.365532160418489e-01
200 200  6.365532160418489e-01
201 201  3.633601052835137e+00
202 202  3.633601052835137e+00
203 203  3.633601052835137e+00
204 204  3.633601052835137e+00
205 205  3.633601052835137e+00
206 206  3.633601052835137e+00
207 207  3.633601052835137e+00
208 208  3.633601052835137e+00
209 209  6.365532160418489e-01
210 210  6.365532160418489e-01
211 211  6.365532160418489e-01
212 212  6.365532160418489e-01
213 213  6.365532160418489e-01
214 214  6.365532160418489e-01
215 215  6.365532160418489e-01
216 216  6.365532160418489e-01
217 217  3.633601052835137e+00
218 218  3.633601052835137e+00
219 219  3.633601052835137e+00
220 220  3.633601052835137e+00
221 221  3.633601052835137e+00
222 222  3.633601052835137e+00
223 223  3.633601052835137e+00
224 224  3.633601052835137e+00
225 225  6.365532160418489e-01
226 226  6.365532160418489e-01
227 227  6.365532160418489e-01
228 228  6.365532160418489e-01
229 229  6.365532160418489e-01
230 230  6.365532160418489e-01
231 231  6.365532160418489e-01
232 232  6.365532160418489e-01
233 233  3.633601052835137e+00
234 234  3.633601052835137e+00
235 235  3.633601052835137e+00
236 236  3.633601052835137e+00
237 237  3.633601052835137e+00
238 238  3.633601052835137e+00
239 239  3.633601052835137e+00
240 240  3.633601052835137e+00
1 1  1.298506158419967e-01
2 2  1.298506158419967e-01
3 3  1.298506158419967e-01
4 4  1.298506158419967e-01
5 5  1.298506158419967e-01
6 6  1.298506158419967e-01
7 7  1.298506158419967e-01
8 8  1.298506158419967e-01
9 9  1.298506158419967e-01
10 10  1.298506158419967e-01
11 11  1.298506158419967e-01
12 12  1.298506158419967e-01
13 13  1.298506158419967e-01
14 14  1.298506158419967e-01
15 15  1.298506158419967e-01
16 16  1.298506158419967e-01
17 17  2.377332432820118e-02
18 18  2.377332432820118e-02
19 19  2.377332432820118e-02
20 20  2.377332432820118e-02
21 21  2.377332432820118e-02
22 22  2.377332432820118e-02
23 23  2.377332432820118e-02
24 24  2.377332432820118e-02
25 25  1.298506158419967e-01
26 26  1.298506158419967e-01
27 27  1.298506158419967e-01
28 28  1.298506158419967e-01
29 29  1.298506158419967e-01
30 30  1.298506158419967e-01
31 31  1.298506158419967e-01
32 32  1.298506158419967e-01
33 33  2.377332432820118e-02
34 34  2.377332432820118e-02
35 35  2.377332432820118e-02
36 36  2.377332432820118e-02
37 37  2.377332432820118e-02
38 38  2.377332432820118e-02
39 39  2.377332432820118e-02
40 40  2.377332432820118e-02
41 41  1.298506158419967e-01
42 42  1.298506158419967e-01
43 43  1.298506158419967e-01
44 44  1.298506158419967e-01
45 45  1.298506158419967e-01
46 46  1.298506158419967e-01
47 47  1.298506158419967e-01
48 48  1.298506158419967e-01
49 49  2.377332432820118e-02
50 50  2.377332432820118e-02
51 51  2.377332432820118e-02
52 52  2.377332432820118e-02
53 53  2.377332432820118e-02
54 54  2.377332432820118e-02
55 55  2.377332432820118e-02
56 56  2.377332432820118e-02
57 57  1.298506158419967e-01
58 58  1.298506158419967e-01
59 59  1.298506158419967e-01
60 60  1.298506158419967e-01
61 61  1.298506158419967e-01
62 62  1.298506158419967e-01
63 63  1.298506158419967e-01
64 64  1.298506158419967e-01
65 65  2.377332432820118e-02
66 66  2.377332432820118e-02
67 67  2.377332432820118e-02
68 68  2.377332432820118e-02
69 69  2.377332432820118e-02
70 70  2.377332432820118e-02
71 71  2.377332432820118e-02
72 72  2.377332432820118e-02
73 73  1.298506158419967e-01
74 74  1.298506158419967e-01
75 75  1.298506158419967e-01
76 76  1.298506158419967e-01
77 77  1.298506158419967e-01
78 78  1.298506158419967e-01
79 79  1.298506158419967e-01
80 80  1.298506158419967e-01
81 81  2.377332432820118e-02
82 82  2.377332432820118e-02
83 83  2.377332432820118e-02
84 84  2.377332432820118e-02
85 85  2.377332432820118e-02
86 86  2.377332432820118e-02
87 87  2.377332432820118e-02
88 88  2.377332432820118e-02
89 89  1.298506158419967e-01
90 90  1.298506158419967e-01
91 91  1.298506158419967e-01
92 92  1.298506158419967e-01
93 93  1.298506158419967e-01
94 94  1.298506158419967e-01
95 95  1.298506158419967e-01
96 96  1.298506158419967e-01
97 97  2.377332432820118e-02
98 98  2.377332432820118e-02
99 99  2.377332432820118e-02
100 100  2.377332432820118e-02
101 101  2.377332432820118e-02
102 102  2.377332432820118e-02
103 103  2.377332432820118e-02
104 104  2.377332432820118e-02
105 105  1.298506158419967e-01
106 106  1.298506158419967e-01
107 107  1.298506158419967e-01
108 108  1.298506158419967e-01
109 109  1.298506158419967e-01
110 110  1.298506158419967e-01
111 111  1.298506158419967e-01
112 112  1.298506158419967e-01
113 113  2.377332432820118e-02
114 114  2.377332432820118e-02
115 115  2.377332432820118e-02
116 116  2.377332432820118e-02
117 117  2.377332432820118e-02
118 118  2.377332432820118e-02
119 119  2.377332432820118e-02
120 120  2.377332432820118e-02
121 121  1.298506158419967e-01
122 122  1.298506158419967e-01
123 123  1.298506158419967e-01
124 124  1.298506158419967e-01
125 125  1.298506158419967e-01
126 126  1.298506158419967e-01
127 127  1.298506158419967e-01
128 128  1.298506158419967e-01
129 129  2.377332432820118e-02
130 130  2.377332432820118e-02
131 131  2.377332432820118e-02
132 132  2.377332432820118e-02
133 133  2.377332432820118e-02
134 134  2.377332432820118e-02
135 135  2.377332432820118e-02
136 136  2.377332432820118e-02
137 137  1.298506158419967e-01
138 138  1.298506158419967e-01
139 139  1.298506158419967e-01
140 140  1.298506158419967e-01
141 141  1.298506158419967e-01
142 142  1.298506158419967e-01
143 143  1.298506158419967e-01
144 144  1.298506158419967e-01
145 145  2.377332432820118e-02
146 146  2.377332432820118e-02
147 147  2.377332432820118e-02
148 148  2.377332432820118e-02
149 149  2.377332432820118e-02
150 150  2.377332432820118e-02
151 151  2.377332432820118e-02
152 152  2.377332432820118e-02
153 153  1.298506158419967e-01
154 154  1.298506158419967e-01
155 155  1.298506158419967e-01
156 156  1.298506158419967e-01
157 157  1.298506158419967e-01
158 158  1.298506158419967e-01
159 159  1.298506158419967e-01
160 160  1.298506158419967e-01
161 161  2.377332432820118e-02
162 162  2.377332432820118e-02
163 163  2.377332432820118e-02
164 164  2.377332432820118e-02
165 165  2.377332432820118e-02
166 166  2.377332432820118e-02
167 167  2.377332432820118e-02
168 168  2.377332432820118e-02
169 169  1.298506158419967e-01
170 170  1.298506158419967e-01
171 171  1.298506158419967e-01
172 172  1.298506158419967e-01
173 173  1.298506158419967e-01
174 174  1.298506158419967e-01
175 175  1.298506158419967e-01
176 176  1.298506158419967e-01
177 177  2.377332432820118e-02
178 178  2.377332432820118e-02
179 179  2.377332432820118e-02
180 180  2.377332432820118e-02
181 181  2.377332432820118e-02
182 182  2.377332432820118e-02
183 183  2.377332432820118e-02
184 184  2.377332432820118e-02
185 185  1.298506158419967e-01
186 186  1.298506158419967e-01
187 187  1.298506158419967e-01
188 188  1.298506158419967e-01
189 189  1.298506158419967e-01
190 190  1.298506158419967e-01
191 191  1.298506158419967e-01
192 192  1.298506158419967e-01
193 193  2.377332432820118e-02
194 194  2.377332432820118e-02
195 195  2.377332432820118e-02
196 196  2.377332432820118e-02
197 197  2.377332432820118e-02
198 198  2.377332432820118e-02
199 199  2.377332432820118e-02
200 200  2.377332432820118e-02
201 201  1.298506158419967e-01
202 202  1.298506158419967e-01
203 203  1.298506158419967e-01
204 204  1.298506158419967e-01
205 205  1.298506158419967e-01
206 206  1.298506158419967e-01
207 207  1.298506158419967e-01
208 208  1.298506158419967e-01
209 209  2.377332432820118e-02
210 210  2.377332432820118e-02
211 211  2.377332432820118e-02
212 212  2.377332432820118e-02
213 213  2.377332432820118e-02
214 214  2.377332432820118e-02
215 215  2.377332432820118e-02
216 216  2.377332432820118e-02
217 217  1.298506158419967e-01
218 218  1.298506158419967e-01
219 219  1.298506158419967e-01
220 220  1.298506158419967e-01
221 221  1.298506158419967e-01
222 222  1.298506158419967e-01
223 223  1.298506158419967e-01
224 224  1.298506158419967e-01
225 225  2.377332432820118e-02
226 226  2.377332432820118e-02
227 227  2.377332432820118e-02
228 228  2.377332432820118e-02
229 229  2.377332432820118e-02
230 230  2.377332432820118e-02
231 231  2.377332432820118e-02
232 232  2.377332432820118e-02
233 233  1.298506158419967e-01
234 234  1.298506158419967e-01
235 235  1.298506158419967e-01
236 236  1.298506158419967e-01
237 237  1.298506158419967e-01
238 238  1.298506158419967e-01
239 239  1.298506158419967e-01
240 240  1.298506158419967e-01
1 1  4.801650250093790e-02
2 2  4.801650250093790e-02
3 3  4.801650250093790e-02
4 4  4.801650250093790e-02
5 5  4.801650250093790e-02
6 6  4.801650250093790e-02
7 7  4.801650250093790e-02
8 8  4.801650250093790e-02
9 9  4.801650250093790e-02
10 10  4.801650250093790e-02
11 11  4.801650250093790e-02
12 12  4.801650250093790e-02
13 13  4.801650250093790e-02
14 14  4.801650250093790e-02
15 15  4.801650250093790e-02
16 16  4.801650250093790e-02
17 17  7.766688282995982e-03
18 18  7.766688282995982e-03
19 19  7.766688282995982e-03
20 20  7.766688282995982e-03
21 21  7.766688282995982e-03
22 22  7.766688282995982e-03
23 23  7.766688282995982e-03
24 24  7.766688282995982e-03
25 25  4.801650250093790e-02
26 26  4.801650250093790e-02
27 27  4.801650250093790e-02
28 28  4.801650250093790e-02
29 29  4.801650250093790e-02
30 30  4.801650250093790e-02
31 31  4.801650250093790e-02
32 32  4.801650250093790e-02
33 33  7.766688282995982e-03
34 34  7.766688282995982e-03
35 35  7.766688282995982e-03
36 36  7.766688282995982e-03
37 37  7.766688282995982e-03
38 38  7.766688282995982e-03
39 39  7.766688282995982e-03
40 40  7.766688282995982e-03
41 41  4.801650250093790e-02
42 42  4.801650250093790e-02
43 43  4.801650250093790e-02
44 44  4.801650250093790e-02
45 45  4.801650250093790e-02
46 46  4.801650250093790e-02
47 47  4.801650250093790e-02
48 48  4.801650250093790e-02
49 49  7.766688282995982e-03
50 50  7.766688282995982e-03
51 51  7.766688282995982e-03
52 52  7.766688282995982e-03
53 53  7.766688282995982e-03
54 54  7.766688282995982e-03
55 55  7.766688282995982e-03
56 56  7.766688282995982e-03
57 57  4.801650250093790e-02
58 58  4.801650250093790e-02
59 59  4.801650250093790e-02
60 60  4.801650250093790e-02
61 61  4.801650250093790e-02
62 62  4.801650250093790e-02
63 63  4.801650250093790e-02
64 64  4.801650250093790e-02
65 65  7.766688282995982e-03
66 66  7.766688282995982e-03
67 67  7.766688282995982e-03
68 68  7.766688282995982e-03
69 69  7.766688282995982e-03
70 70  7.766688282995982e-03
71 71  7.766688282995982e-03
72 72  7.766688282995982e-03
73 73  4.801650250093790e-02
74 74  4.801650250093790e-02
75 75  4.801650250093790e-02
76 76  4.801650250093790e-02
77 77  4.801650250093790e-02
78 78  4.801650250093790e-02
79 79  4.801650250093790e-02
80 80  4.801650250093790e-02
81 81  7.766688282995982e-03
82 82  7.766688282995982e-03
83 83  7.766688282995982e-03
84 84  7.766688282995982e-03
85 85  7.766688282995982e-03
86 86  7.766688282995982e-03
87 87  7.766688282995982e-03
88 88  7.766688282995982e-03
89 89  4.801650250093790e-02
90 90  4.801650250093790e-02
91 91  4.801650250093790e-02
92 92  4.801650250093790e-02
93 93  4.801650250093790e-02
94 94  4.801650250093790e-02
95 95  4.801650250093790e-02
96 96  4.801650250093790e-02
97 97  7.766688282995982e-03
98 98  7.766688282995982e-03
99 99  7.766688282995982e-03
100 100  7.766688282995982e-03
101 101  7.766688282995982e-03
102 102  7.766688282995982e-03
103 103  7.766688282995982e-03
104 104  7.766688282995982e-03
105 105  4.801650250093790e-02
106 106  4.801650250093790e-02
107 107  4.801650250093790e-02
108 108  4.801650250093790e-02
109 109  4.801650250093790e-02
110 110  4.801650250093790e-02
111 111  4.801650250093790e-02
112 112  4.801650250093790e-02
113 113  7.766688282995982e-03
114 114  7.766688282995982e-03
115 115  7.766688282995982e-03
116 116  7.766688282995982e-03
117 117  7.766688282995982e-03
118 118  7.766688282995982e-03
119 119  7.766688282995982e-03
120 120  7.766688282995982e-03
121 121  4.801650250093790e-02
122 122  4.801650250093790e-02
123 123  4.801650250093790e-02
124 124  4.801650250093790e-02
125 125  4.801650250093790e-02
126 126  4.801650250093790e-02
127 127  4.801650250093790e-02
128 128  4.801650250093790e-02
129 129  7.766688282995982e-03
130 130  7.766688282995982e-03
131 131  7.766688282995982e-03
132 132  7.766688282995982e-03
133 133  7.766688282995982e-03
134 134  7.766688282995982e-03
135 135  7.766688282995982e-03
136 136  7.766688282995982e-03
137 137  4.801650250093790e-02
138 138  4.801650250093790e-02
139 139  4.801650250093790e-02
140 140  4.801650250093790e-02
141 141  4.801650250093790e-02
142 142  4.801650250093790e-02
143 143  4.801650250093790e-02
144 144  4.801650250093790e-02
145 145  7.766688282995982e-03
146 146  7.766688282995982e-03
147 147  7.766688282995982e-03
148 148  7.766688282995982e-03
149 149  7.766688282995982e-03
150 150  7.766688282995982e-03
151 151  7.766688282995982e-03
152 152  7.766688282995982e-03
153 153  4.801650250093790e-02
154 154  4.801650250093790e-02
155 155  4.801650250093790e-02
156 156  4.801650250093790e-02
157 157  4.801650250093790e-02
158 158  4.801650250093790e-02
159 159  4.801650250093790e-02
160 160  4.801650250093790e-02
161 161  7.766688282995982e-03
162 162  7.766688282995982e-03
163 163  7.766688282995982e-03
164 164  7.766688282995982e-03
165 165  7.766688282995982e-03
166 166  7.766688282995982e-03
167 167  7.766688282995982e-03
168 168  7.766688282995982e-03
169 169  4.801650250093790e-02
170 170  4.801650250093790e-02
171 171  4.801650250093790e-02
172 172  4.801650250093790e-02
173 173  4.801650250093790e-02
174 174  4.801650250093790e-02
175 175  4.801650250093790e-02
176 176  4.801650250093790e-02
177 177  7.766688282995982e-03
178 178  7.766688282995982e-03
179 179  7.766688282995982e-03
180 180  7.766688282995982e-03
181 181  7.766688282995982e-03
182 182  7.766688282995982e-03
183 183  7.766688282995982e-03
184 184  7.766688282995982e-03
185 185  4.801650250093790e-02
186 186  4.801650250093790e-02
187 187  4.801650250093790e-02
188 188  4.801650250093790e-02
189 189  4.801650250093790e-02
190 190  4.801650250093790e-02
191 191  4.801650250093790e-02
192 192  4.801650250093790e-02
193 193  7.766688282995982e-03
194 194  7.766688282995982e-03
195 195  7.766688282995982e-03
196 196  7.766688282995982e-03
197 197  7.766688282995982e-03
198 198  7.766688282995982e-03
199 199  7.766688282995982e-03
200 200  7.766688282995982e-03
201 201  4.801650250093790e-02
202 202  4.801650250093790e-02
203 203  4.801650250093790e-02
204 204  4.801650250093790e-02
205 205  4.801650250093790e-02
206 206  4.801650250093790e-02
207 207  4.801650250093790e-02
208 208  4.801650250093790e-02
209 209  7.766688282995982e-03
210 210  7.766688282995982e-03
211 211  7.766688282995982e-03
212 212  7.766688282995982e-03
213 213  7.766688282995982e-03
214 214  7.766688282995982e-03
215 215  7.766688282995982e-03
216 216  7.766688282995982e-03
217 217  4.801650250093790e-02
218 218  4.801650250093790e-02
219 219  4.801650250093790e-02
220 220  4.801650250093790e-02
221 221  4.801650250093790e-02
222 222  4.801650250093790e-02
223 223  4.801650250093790e-02
224 224  4.801650250093790e-02
225 225  7.766688282995982e-03
226 226  7.766688282995982e-03
227 227  7.766688282995982e-03
228 228  7.766688282995982e-03
229 229  7.766688282995982e-03
230 230  7.766688282995982e-03
231 231  7.766688282995982e-03
232 232  7.766688282995982e-03
233 233  4.801650250093790e-02
234 234  4.801650250093790e-02
235 235  4.801650250093790e-02
236 236  4.801650250093790e-02
237 237  4.801650250093790e-02
238 238  4.801650250093790e-02
239 239  4.801650250093790e-02
240 240  4.801650250093790e-02
1 1  6.127404453971729e-03
2 2  6.127404453971729e-03
3 3  6.127404453971729e-03
4 4  6.127404453971729e-03
5 5  6.127404453971729e-03
6 6  6.127404453971729e-03
7 7  6.127404453971729e-03
8 8  6.127404453971729e-03
9 9  6.127404453971729e-03
10 10  6.127404453971729e-03
11 11  6.127404453971729e-03
12 12  6.127404453971729e-03
13 13  6.127404453971729e-03
14 14  6.127404453971729e-03
15 15  6.127404453971729e-03
16 16  6.127404453971729e-03
17 17  3.473384184351152e-04
18 18  3.473384184351152e-04
19 19  3.473384184351152e-04
20 20  3.473384184351152e-04
21 21  3.473384184351152e-04
22 22  3.473384184351152e-04
23 23  3.473384184351152e-04
24 24  3.473384184351152e-04
25 25  6.127404453971729e-03
26 26  6.127404453971729e-03
27 27  6.127404453971729e-03
28 28  6.127404453971729e-03
29 29  6.127404453971729e-03
30 30  6.127404453971729e-03
31 31  6.127404453971729e-03
32 32  6.127404453971729e-03
33 33  3.473384184351152e-04
34 34  3.473384184351152e-04
35 35  3.473384184351152e-04
36 36  3.473384184351152e-04
37 37  3.473384184351152e-04
38 38  3.473384184351152e-04
39 39  3.473384184351152e-04
40 40  3.473384184351152e-04
41 41  6.127404453971729e-03
42 42  6.127404453971729e-03
43 43  6.127404453971729e-03
44 44  6.127404453971729e-03
45 45  6.127404453971729e-03
46 46  6.127404453971729e-03
47 47  6.127404453971729e-03
48 48  6.127404453971729e-03
49 49  3.473384184351152e-04
50 50  3.473384184351152e-04
51 51  3.473384184351152e-04
52 52  3.473384184351152e-04
53 53  3.473384184351152e-04
54 54  3.473384184351152e-04
55 55  3.473384184351152e-04
56 56  3.473384184351152e-04
57 57  6.127404453971729e-03
58 58  6.127404453971729e-03
59 59  6.127404453971729e-03
60 60  6.127404453971729e-03
61 61  6.127404453971729e-03
62 62  6.127404453971729e-03
63 63  6.127404453971729e-03
64 64  6.127404453971729e-03
65 65  3.473384184351152e-04
66 66  3.473384184351152e-04
67 67  3.473384184351152e-04
68 68  3.473384184351152e-04
69 69  3.473384184351152e-04
70 70  3.473384184351152e-04
71 71  3.473384184351152e-04
72 72  3.473384184351152e-04
73 73  6.127404453971729e-03
74 74  6.127404453971729e-03
75 75  6.127404453971729e-03
76 76  6.127404453971729e-03
77 77  6.127404453971729e-03
78 78  6.127404453971729e-03
79 79  6.127404453971729e-03
80 80  6.127404453971729e-03
81 81  3.473384184351152e-04
82 82  3.473384184351152e-04
83 83  3.473384184351152e-04
84 84  3.473384184351152e-04
85 85  3.473384184351152e-04
86 86  3.473384184351152e-04
87 87  3.473384184351152e-04
88 88  3.473384184351152e-04
89 89  6.127404453971729e-03
90 90  6.127404453971729e-03
91 91  6.127404453971729e-03
92 92  6.127404453971729e-03
93 93  6.127404453971729e-03
94 94  6.127404453971729e-03
95 95  6.127404453971729e-03
96 96  6.127404453971729e-03
97 97  3.473384184351152e-04
98 98  3.473384184351152e-04
99 99  3.473384184351152e-04
100 100  3.473384184351152e-04
101 101  3.473384184351152e-04
102 102  3.473384184351152e-04
103 103  3.473384184351152e-04
104 104  3.473384184351152e-04
105 105  6.127404453971729e-03
106 106  6.127404453971729e-03
107 107  6.127404453971729e-03
108 108  6.127404453971729e-03
109 109  6.127404453971729e-03
110 110  6.127404453971729e-03
111 111  6.127404453971729e-03
112 112  6.127404453971729e-03
113 113  3.473384184351152e-04
114 114  3.473384184351152e-04
115 115  3.473384184351152e-04
116 116  3.473384184351152e-04
117 117  3.473384184351152e-04
118 118  3.473384184351152e-04
119 119  3.473384184351152e-04
120 120  3.473384184351152e-04
121 121  6.127404453971729e-03
122 122  6.127404453971729e-03
123 123  6.127404453971729e-03
124 124  6.127404453971729e-03
125 125  6.127404453971729e-03
126 126  6.127404453971729e-03
127 127  6.127404453971729e-03
128 128  6.127404453971729e-03
129 129  3.473384184351152e-04
130 130  3.473384184351152e-04
131 131  3.473384184351152e-04
132 132  3.473384184351152e-04
133 133  3.473384184351152e-04
134 134  3.473384184351152e-04
135 135  3.473384184351152e-04
136 136  3.473384184351152e-04
137 137  6.127404453971729e-03
138 138  6.127404453971729e-03
139 139  6.127404453971729e-03
140 140  6.127404453971729e-03
141 141  6.127404453971729e-03
142 142  6.127404453971729e-03
143 143  6.127404453971729e-03
144 144  6.127404453971729e-03
145 145  3.473384184351152e-04
146 146  3.473384184351152e-04
147 147  3.473384184351152e-04
148 148  3.473384184351152e-04
149 149  3.473384184351152e-04
150 150  3.473384184351152e-04
151 151  3.473384184351152e-04
152 152  3.473384184351152e-04
153 153  6.127404453971729e-03
154 154  6.127404453971729e-03
155 155  6.127404453971729e-03
156 156  6.127404453971729e-03
157 157  6.127404453971729e-03
158 158  6.127404453971729e-03
159 159  6.127404453971729e-03
160 160  6.127404453971729e-03
161 161  3.473384184351152e-04
162 162  3.473384184351152e-04
163 163  3.473384184351152e-04
164 164  3.473384184351152e-04
165 165  3.473384184351152e-04
166 166  3.473384184351152e-04
167 167  3.473384184351152e-04
168 168  3.473384184351152e-04
169 169  6.127404453971729e-03
170 170  6.127404453971729e-03
171 171  6.127404453971729e-03
172 172  6.127404453971729e-03
173 173  6.127404453971729e-03
174 174  6.127404453971729e-03
175 175  6.127404453971729e-03
176 176  6.127404453971729e-03
177 177  3.473384184351152e-04
178 178  3.473384184351152e-04
179 179  3.473384184351152e-04
180 180  3.473384184351152e-04
181 181  3.473384184351152e-04
182 182  3.473384184351152e-04
183 183  3.473384184351152e-04
184 184  3.473384184351152e-04
185 185  6.127404453971729e-03
186 186  6.127404453971729e-03
187 187  6.127404453971729e-03
188 188  6.127404453971729e-03
189 189  6.127404453971729e-03
190 190  6.127404453971729e-03
191 191  6.127404453971729e-03
192 192  6.127404453971729e-03
193 193  3.473384184351152e-04
194 194  3.473384184351152e-04
195 195  3.473384184351152e-04
196 196  3.473384184351152e-04
197 197  3.473384184351152e-04
198 198  3.473384184351152e-04
199 199  3.473384184351152e-04
200 200  3.473384184351152e-04
201 201  6.127404453971729e-03
202 202  6.127404453971729e-03
203 203  6.127404453971729e-03
204 204  6.127404453971729e-03
205 205  6.127404453971729e-03
206 206  6.127404453971729e-03
207 207  6.127404453971729e-03
208 208  6.127404453971729e-03
209 209  3.473384184351152e-04
210 210  3.473384184351152e-04
211 211  3.473384184351152e-04
212 212  3.473384184351152e-04
213 213  3.473384184351152e-04
214 214  3.473384184351152e-04
215 215  3.473384184351152e-04
216 216  3.473384184351152e-04
217 217  6.127404453971729e-03
218 218  6.127404453971729e-03
219 219  6.127404453971729e-03
220 220  6.127404453971729e-03
221 221  6.127404453971729e-03
222 222  6.127404453971729e-03
223 223  6.127404453971729e-03
224 224  6.127404453971729e-03
225 225  3.473384184351152e-04
226 226  3.473384184351152e-04
227 227  3.473384184351152e-04
228 228  3.473384184351152e-04
229 229  3.473384184351152e-04
230 230  3.473384184351152e-04
231 231  3.473384184351152e-04
232 232  3.473384184351152e-04
233 233  6.127404453971729e-03
234 234  6.127404453971729e-03
235 235  6.127404453971729e-03
236 236  6.127404453971729e-03
237 237  6.127404453971729e-03
238 238  6.127404453971729e-03
239 239  6.127404453971729e-03
240 240  6.127404453971729e-03
1 1  1.407522566073487e-01
2 2  1.407522566073487e-01
3 3  1.407522566073487e-01
4 4  1.407522566073487e-01
5 5  1.407522566073487e-01
6 6  1.407522566073487e-01
7 7  1.407522566073487e-01
8 8  1.407522566073487e-01
9 9  8.445135396440923e-02
9 17 -2.640249750176747e-02
10 10  8.445135396440923e-02
10 18 -2.640249750176747e-02
11 11  8.445135396440923e-02
11 19 -2.640249750176747e-02
12 12  8.445135396440923e-02
12 20 -2.640249750176747e-02
13 13  8.445135396440923e-02
13 21 -2.640249750176747e-02
14 14  8.445135396440923e-02
14 22 -2.640249750176747e-02
15 15  8.445135396440923e-02
15 23 -2.640249750176747e-02
16 16  8.445135396440923e-02
16 24 -2.640249750176747e-02
17 17  1.223213641719753e-01
18 18  1.223213641719753e-01
19 19  1.223213641719753e-01
20 20  1.223213641719753e-01
21 21  1.223213641719753e-01
22 22  1.223213641719753e-01
23 23  1.223213641719753e-01
24 24  1.223213641719753e-01
25 25  3.619343741331824e-02
25 33 -3.044507156096029e-02
26 26  3.619343741331824e-02
26 34 -3.044507156096029e-02
27 27  3.619343741331824e-02
27 35 -3.044507156096029e-02
28 28  3.619343741331824e-02
28 36 -3.044507156096029e-02
29 29  3.619343741331824e-02
29 37 -3.044507156096029e-02
30 30  3.619343741331824e-02
30 38 -3.044507156096029e-02
31 31  3.619343741331824e-02
31 39 -3.044507156096029e-02
32 32  3.619343741331824e-02
32 40 -3.044507156096029e-02
33 33  6.586534993875592e-02
34 34  6.586534993875592e-02
35 35  6.586534993875592e-02
36 36  6.586534993875592e-02
37 37  6.586534993875592e-02
38 38  6.586534993875592e-02
39 39  6.586534993875592e-02
40 40  6.586534993875592e-02
41 41 -4.021493045924249e-03
41 49 -2.931105159101931e-02
42 42 -4.021493045924249e-03
42 50 -2.931105159101931e-02
43 43 -4.021493045924249e-03
43 51 -2.931105159101931e-02
44 44 -4.021493045924249e-03
44 52 -2.931105159101931e-02
45 45 -4.021493045924249e-03
45 53 -2.931105159101931e-02
46 46 -4.021493045924249e-03
46 54 -2.931105159101931e-02
47 47 -4.021493045924249e-03
47 55 -2.931105159101931e-02
48 48 -4.021493045924249e-03
48 56 -2.931105159101931e-02
49 49  1.881867141107312e-02
50 50  1.881867141107312e-02
51 51  1.881867141107312e-02
52 52  1.881867141107312e-02
53 53  1.881867141107312e-02
54 54  1.881867141107312e-02
55 55  1.881867141107312e-02
56 56  1.881867141107312e-02
57 57 -3.619343741331824e-02
57 65 -2.520356749507871e-02
58 58 -3.619343741331824e-02
58 66 -2.520356749507871e-02
59 59 -3.619343741331824e-02
59 67 -2.520356749507871e-02
60 60 -3.619343741331824e-02
60 68 -2.520356749507871e-02
61 61 -3.619343741331824e-02
61 69 -2.520356749507871e-02
62 62 -3.619343741331824e-02
62 70 -2.520356749507871e-02
63 63 -3.619343741331824e-02
63 71 -2.520356749507871e-02
64 64 -3.619343741331824e-02
64 72 -2.520356749507871e-02
65 65 -1.881867141107312e-02
66 66 -1.881867141107312e-02
67 67 -1.881867141107312e-02
68 68 -1.881867141107312e-02
69 69 -1.881867141107312e-02
70 70 -1.881867141107312e-02
71 71 -1.881867141107312e-02
72 72 -1.881867141107312e-02
73 73 -6.032239568886374e-02
73 81 -1.919078087381343e-02
74 74 -6.032239568886374e-02
74 82 -1.919078087381343e-02
75 75 -6.032239568886374e-02
75 83 -1.919078087381343e-02
76 76 -6.032239568886374e-02
76 84 -1.919078087381343e-02
77 77 -6.032239568886374e-02
77 85 -1.919078087381343e-02
78 78 -6.032239568886374e-02
78 86 -1.919078087381343e-02
79 79 -6.032239568886374e-02
79 87 -1.919078087381343e-02
80 80 -6.032239568886374e-02
80 88 -1.919078087381343e-02
81 81 -4.704667852768280e-02
82 82 -4.704667852768280e-02
83 83 -4.704667852768280e-02
84 84 -4.704667852768280e-02
85 85 -4.704667852768280e-02
86 86 -4.704667852768280e-02
87 87 -4.704667852768280e-02
88 88 -4.704667852768280e-02
89 89 -7.640836787256072e-02
89 97 -1.196618670373173e-02
90 90 -7.640836787256072e-02
90 98 -1.196618670373173e-02
91 91 -7.640836787256072e-02
91 99 -1.196618670373173e-02
92 92 -7.640836787256072e-02
92 100 -1.196618670373173e-02
93 93 -7.640836787256072e-02
93 101 -1.196618670373173e-02
94 94 -7.640836787256072e-02
94 102 -1.196618670373173e-02
95 95 -7.640836787256072e-02
95 103 -1.196618670373173e-02
96 96 -7.640836787256072e-02
96 104 -1.196618670373173e-02
97 97 -6.586534993875592e-02
98 98 -6.586534993875592e-02
99 99 -6.586534993875592e-02
100 100 -6.586534993875592e-02
101 101 -6.586534993875592e-02
102 102 -6.586534993875592e-02
103 103 -6.586534993875592e-02
104 104 -6.586534993875592e-02
105 105 -8.445135396440923e-02
105 113 -4.061922692579611e-03
106 106 -8.445135396440923e-02
106 114 -4.061922692579611e-03
107 107 -8.445135396440923e-02
107 115 -4.061922692579611e-03
108 108 -8.445135396440923e-02
108 116 -4.061922692579611e-03
109 109 -8.445135396440923e-02
109 117 -4.061922692579611e-03
110 110 -8.445135396440923e-02
110 118 -4.061922692579611e-03
111 111 -8.445135396440923e-02
111 119 -4.061922692579611e-03
112 112 -8.445135396440923e-02
112 120 -4.061922692579611e-03
113 113 -7.527468564429249e-02
114 114 -7.527468564429249e-02
115 115 -7.527468564429249e-02
116 116 -7.527468564429249e-02
117 117 -7.527468564429249e-02
118 118 -7.527468564429249e-02
119 119 -7.527468564429249e-02
120 120 -7.527468564429249e-02
121 121 -8.445135396440923e-02
121 129  4.061922692579611e-03
122 122 -8.445135396440923e-02
122 130  4.061922692579611e-03
123 123 -8.445135396440923e-02
123 131  4.061922692579611e-03
124 124 -8.445135396440923e-02
124 132  4.061922692579611e-03
125 125 -8.445135396440923e-02
125 133  4.061922692579611e-03
126 126 -8.445135396440923e-02
126 134  4.061922692579611e-03
127 127 -8.445135396440923e-02
127 135  4.061922692579611e-03
128 128 -8.445135396440923e-02
128 136  4.061922692579611e-03
129 129 -7.527468564429249e-02
130 130 -7.527468564429249e-02
131 131 -7.527468564429249e-02
132 132 -7.527468564429249e-02
133 133 -7.527468564429249e-02
134 134 -7.527468564429249e-02
135 135 -7.527468564429249e-02
136 136 -7.527468564429249e-02
137 137 -7.640836787256072e-02
137 145  1.196618670373173e-02
138 138 -7.640836787256072e-02
138 146  1.196618670373173e-02
139 139 -7.640836787256072e-02
139 147  1.196618670373173e-02
140 140 -7.640836787256072e-02
140 148  1.196618670373173e-02
141 141 -7.640836787256072e-02
141 149  1.196618670373173e-02
142 142 -7.640836787256072e-02
142 150  1.196618670373173e-02
143 143 -7.640836787256072e-02
143 151  1.196618670373173e-02
144 144 -7.640836787256072e-02
144 152  1.196618670373173e-02
145 145 -6.586534993875592e-02
146 146 -6.586534993875592e-02
147 147 -6.586534993875592e-02
148 148 -6.586534993875592e-02
149 149 -6.586534993875592e-02
150 150 -6.586534993875592e-02
151 151 -6.586534993875592e-02
152 152 -6.586534993875592e-02
153 153 -6.032239568886374e-02
153 161  1.919078087381343e-02
154 154 -6.032239568886374e-02
154 162  1.919078087381343e-02
155 155 -6.032239568886374e-02
155 163  1.919078087381343e-02
156 156 -6.032239568886374e-02
156 164  1.919078087381343e-02
157 157 -6.032239568886374e-02
157 165  1.919078087381343e-02
158 158 -6.032239568886374e-02
158 166  1.919078087381343e-02
159 159 -6.032239568886374e-02
159 167  1.919078087381343e-02
160 160 -6.032239568886374e-02
160 168  1.919078087381343e-02
161 161 -4.704667852768280e-02
162 162 -4.704667852768280e-02
163 163 -4.704667852768280e-02
164 164 -4.704667852768280e-02
165 165 -4.704667852768280e-02
166 166 -4.704667852768280e-02
167 167 -4.704667852768280e-02
168 168 -4.704667852768280e-02
169 169 -3.619343741331824e-02
169 177  2.520356749507871e-02
170 170 -3.619343741331824e-02
170 178  2.520356749507871e-02
171 171 -3.619343741331824e-02
171 179  2.520356749507871e-02
172 172 -3.619343741331824e-02
172 180  2.520356749507871e-02
173 173 -3.619343741331824e-02
173 181  2.520356749507871e-02
174 174 -3.619343741331824e-02
174 182  2.520356749507871e-02
175 175 -3.619343741331824e-02
175 183  2.520356749507871e-02
176 176 -3.619343741331824e-02
176 184  2.520356749507871e-02
177 177 -1.881867141107312e-02
178 178 -1.881867141107312e-02
179 179 -1.881867141107312e-02
180 180 -1.881867141107312e-02
181 181 -1.881867141107312e-02
182 182 -1.881867141107312e-02
183 183 -1.881867141107312e-02
184 184 -1.881867141107312e-02
185 185 -4.021493045924249e-03
185 193  2.931105159101931e-02
186 186 -4.021493045924249e-03
186 194  2.931105159101931e-02
187 187 -4.021493045924249e-03
187 195  2.931105159101931e-02
188 188 -4.021493045924249e-03
188 196  2.931105159101931e-02
189 189 -4.021493045924249e-03
189 197  2.931105159101931e-02
190 190 -4.021493045924249e-03
190 198  2.931105159101931e-02
191 191 -4.021493045924249e-03
191 199  2.931105159101931e-02
192 192 -4.021493045924249e-03
192 200  2.931105159101931e-02
193 193  1.881867141107312e-02
194 194  1.881867141107312e-02
195 195  1.881867141107312e-02
196 196  1.881867141107312e-02
197 197  1.881867141107312e-02
198 198  1.881867141107312e-02
199 199  1.881867141107312e-02
200 200  1.881867141107312e-02
201 201  3.619343741331824e-02
201 209  3.044507156096029e-02
202 202  3.619343741331824e-02
202 210  3.044507156096029e-02
203 203  3.619343741331824e-02
203 211  3.044507156096029e-02
204 204  3.619343741331824e-02
204 212  3.044507156096029e-02
205 205  3.619343741331824e-02
205 213  3.044507156096029e-02
206 206  3.619343741331824e-02
206 214  3.044507156096029e-02
207 207  3.619343741331824e-02
207 215  3.044507156096029e-02
208 208  3.619343741331824e-02
208 216  3.044507156096029e-02
209 209  6.586534993875592e-02
210 210  6.586534993875592e-02
211 211  6.586534993875592e-02
212 212  6.586534993875592e-02
213 213  6.586534993875592e-02
214 214  6.586534993875592e-02
215 215  6.586534993875592e-02
216 216  6.586534993875592e-02
217 217  8.445135396440923e-02
217 225  2.640249750176747e-02
218 218  8.445135396440923e-02
218 226  2.640249750176747e-02
219 219  8.445135396440923e-02
219 227  2.640249750176747e-02
220 220  8.445135396440923e-02
220 228  2.640249750176747e-02
221 221  8.445135396440923e-02
221 229  2.640249750176747e-02
222 222  8.445135396440923e-02
222 230  2.640249750176747e-02
223 223  8.445135396440923e-02
223 231  2.640249750176747e-02
224 224  8.445135396440923e-02
224 232  2.640249750176747e-02
225 225  1.223213641719753e-01
226 226  1.223213641719753e-01
227 227  1.223213641719753e-01
228 228  1.223213641719753e-01
229 229  1.223213641719753e-01
230 230  1.223213641719753e-01
231 231  1.223213641719753e-01
232 232  1.223213641719753e-01
233 233  1.407522566073487e-01
234 234  1.407522566073487e-01
235 235  1.407522566073487e-01
236 236  1.407522566073487e-01
237 237  1.407522566073487e-01
238 238  1.407522566073487e-01
239 239  1.407522566073487e-01
240 240  1.407522566073487e-01
1 9 -8.901954333754120e-02
1 17 -4.174601401124536e-02
2 10 -8.901954333754120e-02
2 18 -4.174601401124536e-02
3 11 -8.901954333754120e-02
3 19 -4.174601401124536e-02
4 12 -8.901954333754120e-02
4 20 -4.174601401124536e-02
5 13 -8.901954333754120e-02
5 21 -4.174601401124536e-02
6 14 -8.901954333754120e-02
6 22 -4.174601401124536e-02
7 15 -8.901954333754120e-02
7 23 -4.174601401124536e-02
8 16 -8.901954333754120e-02
8 24 -4.174601401124536e-02
9 25 -1.042490146043419e-01
9 33 -2.690544740878023e-02
10 26 -1.042490146043419e-01
10 34 -2.690544740878023e-02
11 27 -1.042490146043419e-01
11 35 -2.690544740878023e-02
12 28 -1.042490146043419e-01
12 36 -2.690544740878023e-02
13 29 -1.042490146043419e-01
13 37 -2.690544740878023e-02
14 30 -1.042490146043419e-01
14 38 -2.690544740878023e-02
15 31 -1.042490146043419e-01
15 39 -2.690544740878023e-02
16 32 -1.042490146043419e-01
16 40 -2.690544740878023e-02
17 25  1.222198143566545e-02
17 33 -8.310100286229911e-02
18 26  1.222198143566545e-02
18 34 -8.310100286229911e-02
19 27  1.222198143566545e-02
19 35 -8.310100286229911e-02
20 28  1.222198143566545e-02
20 36 -8.310100286229911e-02
21 29  1.222198143566545e-02
21 37 -8.310100286229911e-02
22 30  1.222198143566545e-02
22 38 -8.310100286229911e-02
23 31  1.222198143566545e-02
23 39 -8.310100286229911e-02
24 32  1.222198143566545e-02
24 40 -8.310100286229911e-02
25 41 -1.025283575747272e-01
25 49 -1.383866889134559e-02
26 42 -1.025283575747272e-01
26 50 -1.383866889134559e-02
27 43 -1.025283575747272e-01
27 51 -1.383866889134559e-02
28 44 -1.025283575747272e-01
28 52 -1.383866889134559e-02
29 45 -1.025283575747272e-01
29 53 -1.383866889134559e-02
30 46 -1.025283575747272e-01
30 54 -1.383866889134559e-02
31 47 -1.025283575747272e-01
31 55 -1.383866889134559e-02
32 48 -1.025283575747272e-01
32 56 -1.383866889134559e-02
33 41  1.899790380899400e-02
33 49 -9.409335705536560e-02
34 42  1.899790380899400e-02
34 50 -9.409335705536560e-02
35 43  1.899790380899400e-02
35 51 -9.409335705536560e-02
36 44  1.899790380899400e-02
36 52 -9.409335705536560e-02
37 45  1.899790380899400e-02
37 53 -9.409335705536560e-02
38 46  1.899790380899400e-02
38 54 -9.409335705536560e-02
39 47  1.899790380899400e-02
39 55 -9.409335705536560e-02
40 48  1.899790380899400e-02
40 56 -9.409335705536560e-02
41 57 -9.099600010456257e-02
41 65 -2.545944783694715e-03
42 58 -9.099600010456257e-02
42 66 -2.545944783694715e-03
43 59 -9.099600010456257e-02
43 67 -2.545944783694715e-03
44 60 -9.099600010456257e-02
44 68 -2.545944783694715e-03
45 61 -9.099600010456257e-02
45 69 -2.545944783694715e-03
46 62 -9.099600010456257e-02
46 70 -2.545944783694715e-03
47 63 -9.099600010456257e-02
47 71 -2.545944783694715e-03
48 64 -9.099600010456257e-02
48 72 -2.545944783694715e-03
49 57  2.379656828352865e-02
49 65 -8.826739296543598e-02
50 58  2.379656828352865e-02
50 66 -8.826739296543598e-02
51 59  2.379656828352865e-02
51 67 -8.826739296543598e-02
52 60  2.379656828352865e-02
52 68 -8.826739296543598e-02
53 61  2.379656828352865e-02
53 69 -8.826739296543598e-02
54 62  2.379656828352865e-02
54 70 -8.826739296543598e-02
55 63  2.379656828352865e-02
55 71 -8.826739296543598e-02
56 64  2.379656828352865e-02
56 72 -8.826739296543598e-02
57 73 -7.305404906695892e-02
57 81  6.972356940961030e-03
58 74 -7.305404906695892e-02
58 82  6.972356940961030e-03
59 75 -7.305404906695892e-02
59 83  6.972356940961030e-03
60 76 -7.305404906695892e-02
60 84  6.972356940961030e-03
61 77 -7.305404906695892e-02
61 85  6.972356940961030e-03
62 78 -7.305404906695892e-02
62 86  6.972356940961030e-03
63 79 -7.305404906695892e-02
63 87  6.972356940961030e-03
64 80 -7.305404906695892e-02
64 88  6.972356940961030e-03
65 73  2.675720690099828e-02
65 81 -7.288440097283583e-02
66 74  2.675720690099828e-02
66 82 -7.288440097283583e-02
67 75  2.675720690099828e-02
67 83 -7.288440097283583e-02
68 76  2.675720690099828e-02
68 84 -7.288440097283583e-02
69 77  2.675720690099828e-02
69 85 -7.288440097283583e-02
70 78  2.675720690099828e-02
70 86 -7.288440097283583e-02
71 79  2.675720690099828e-02
71 87 -7.288440097283583e-02
72 80  2.675720690099828e-02
72 88 -7.288440097283583e-02
73 89 -5.086831047859497e-02
73 97  1.471571301301684e-02
74 90 -5.086831047859497e-02
74 98  1.471571301301684e-02
75 91 -5.086831047859497e-02
75 99  1.471571301301684e-02
76 92 -5.086831047859497e-02
76 100  1.471571301301684e-02
77 93 -5.086831047859497e-02
77 101  1.471571301301684e-02
78 94 -5.086831047859497e-02
78 102  1.471571301301684e-02
79 95 -5.086831047859497e-02
79 103  1.471571301301684e-02
80 96 -5.086831047859497e-02
80 104  1.471571301301684e-02
81 89  2.791582571368553e-02
81 97 -5.153705417061161e-02
82 90  2.791582571368553e-02
82 98 -5.153705417061161e-02
83 91  2.791582571368553e-02
83 99 -5.153705417061161e-02
84 92  2.791582571368553e-02
84 100 -5.153705417061161e-02
85 93  2.791582571368553e-02
85 101 -5.153705417061161e-02
86 94  2.791582571368553e-02
86 102 -5.153705417061161e-02
87 95  2.791582571368553e-02
87 103 -5.153705417061161e-02
88 96  2.791582571368553e-02
88 104 -5.153705417061161e-02
89 105 -2.606225365108547e-02
89 113  2.068335319881846e-02
90 106 -2.606225365108547e-02
90 114  2.068335319881846e-02
91 107 -2.606225365108547e-02
91 115  2.068335319881846e-02
92 108 -2.606225365108547e-02
92 116  2.068335319881846e-02
93 109 -2.606225365108547e-02
93 117  2.068335319881846e-02
94 110 -2.606225365108547e-02
94 118  2.068335319881846e-02
95 111 -2.606225365108547e-02
95 119  2.068335319881846e-02
96 112 -2.606225365108547e-02
96 120  2.068335319881846e-02
97 105  2.728602426549635e-02
97 113 -2.661362033538244e-02
98 106  2.728602426549635e-02
98 114 -2.661362033538244e-02
99 107  2.728602426549635e-02
99 115 -2.661362033538244e-02
100 108  2.728602426549635e-02
100 116 -2.661362033538244e-02
101 109  2.728602426549635e-02
101 117 -2.661362033538244e-02
102 110  2.728602426549635e-02
102 118 -2.661362033538244e-02
103 111  2.728602426549635e-02
103 119 -2.661362033538244e-02
104 112  2.728602426549635e-02
104 120 -2.661362033538244e-02
105 129  2.487409492862996e-02
106 130  2.487409492862996e-02
107 131  2.487409492862996e-02
108 132  2.487409492862996e-02
109 133  2.487409492862996e-02
110 134  2.487409492862996e-02
111 135  2.487409492862996e-02
112 136  2.487409492862996e-02
113 121  2.487409492862996e-02
114 122  2.487409492862996e-02
115 123  2.487409492862996e-02
116 124  2.487409492862996e-02
117 125  2.487409492862996e-02
118 126  2.487409492862996e-02
119 127  2.487409492862996e-02
120 128  2.487409492862996e-02
121 137  2.606225365108547e-02
121 145  2.728602426549635e-02
122 138  2.606225365108547e-02
122 146  2.728602426549635e-02
123 139  2.606225365108547e-02
123 147  2.728602426549635e-02
124 140  2.606225365108547e-02
124 148  2.728602426549635e-02
125 141  2.606225365108547e-02
125 149  2.728602426549635e-02
126 142  2.606225365108547e-02
126 150  2.728602426549635e-02
127 143  2.606225365108547e-02
127 151  2.728602426549635e-02
128 144  2.606225365108547e-02
128 152  2.728602426549635e-02
129 137  2.068335319881846e-02
129 145  2.661362033538244e-02
130 138  2.068335319881846e-02
130 146  2.661362033538244e-02
131 139  2.068335319881846e-02
131 147  2.661362033538244e-02
132 140  2.068335319881846e-02
132 148  2.661362033538244e-02
133 141  2.068335319881846e-02
133 149  2.661362033538244e-02
134 142  2.068335319881846e-02
134 150  2.661362033538244e-02
135 143  2.068335319881846e-02
135 151  2.661362033538244e-02
136 144  2.068335319881846e-02
136 152  2.661362033538244e-02
137 153  5.086831047859497e-02
137 161  2.791582571368553e-02
138 154  5.086831047859497e-02
138 162  2.791582571368553e-02
139 155  5.086831047859497e-02
139 163  2.791582571368553e-02
140 156  5.086831047859497e-02
140 164  2.791582571368553e-02
141 157  5.086831047859497e-02
141 165  2.791582571368553e-02
142 158  5.086831047859497e-02
142 166  2.791582571368553e-02
143 159  5.086831047859497e-02
143 167  2.791582571368553e-02
144 160  5.086831047859497e-02
144 168  2.791582571368553e-02
145 153  1.471571301301684e-02
145 161  5.153705417061161e-02
146 154  1.471571301301684e-02
146 162  5.153705417061161e-02
147 155  1.471571301301684e-02
147 163  5.153705417061161e-02
148 156  1.471571301301684e-02
148 164  5.153705417061161e-02
149 157  1.471571301301684e-02
149 165  5.153705417061161e-02
150 158  1.471571301301684e-02
150 166  5.153705417061161e-02
151 159  1.471571301301684e-02
151 167  5.153705417061161e-02
152 160  1.471571301301684e-02
152 168  5.153705417061161e-02
153 169  7.305404906695892e-02
153 177  2.675720690099828e-02
154 170  7.305404906695892e-02
154 178  2.675720690099828e-02
155 171  7.305404906695892e-02
155 179  2.675720690099828e-02
156 172  7.305404906695892e-02
156 180  2.675720690099828e-02
157 173  7.305404906695892e-02
157 181  2.675720690099828e-02
158 174  7.305404906695892e-02
158 182  2.675720690099828e-02
159 175  7.305404906695892e-02
159 183  2.675720690099828e-02
160 176  7.305404906695892e-02
160 184  2.675720690099828e-02
161 169  6.972356940961030e-03
161 177  7.288440097283583e-02
162 170  6.972356940961030e-03
162 178  7.288440097283583e-02
163 171  6.972356940961030e-03
163 179  7.288440097283583e-02
164 172  6.972356940961030e-03
164 180  7.288440097283583e-02
165 173  6.972356940961030e-03
165 181  7.288440097283583e-02
166 174  6.972356940961030e-03
166 182  7.288440097283583e-02
167 175  6.972356940961030e-03
167 183  7.288440097283583e-02
168 176  6.972356940961030e-03
168 184  7.288440097283583e-02
169 185  9.099600010456257e-02
169 193  2.379656828352865e-02
170 186  9.099600010456257e-02
170 194  2.379656828352865e-02
171 187  9.099600010456257e-02
171 195  2.379656828352865e-02
172 188  9.099600010456257e-02
172 196  2.379656828352865e-02
173 189  9.099600010456257e-02
173 197  2.379656828352865e-02
174 190  9.099600010456257e-02
174 198  2.379656828352865e-02
175 191  9.099600010456257e-02
175 199  2.379656828352865e-02
176 192  9.099600010456257e-02
176 200  2.379656828352865e-02
177 185 -2.545944783694715e-03
177 193  8.826739296543598e-02
178 186 -2.545944783694715e-03
178 194  8.826739296543598e-02
179 187 -2.545944783694715e-03
179 195  8.826739296543598e-02
180 188 -2.545944783694715e-03
180 196  8.826739296543598e-02
181 189 -2.545944783694715e-03
181 197  8.826739296543598e-02
182 190 -2.545944783694715e-03
182 198  8.826739296543598e-02
183 191 -2.545944783694715e-03
183 199  8.826739296543598e-02
184 192 -2.545944783694715e-03
184 200  8.826739296543598e-02
185 201  1.025283575747272e-01
185 209  1.899790380899400e-02
186 202  1.025283575747272e-01
186 210  1.899790380899400e-02
187 203  1.025283575747272e-01
187 211  1.899790380899400e-02
188 204  1.025283575747272e-01
188 212  1.899790380899400e-02
189 205  1.025283575747272e-01
189 213  1.899790380899400e-02
190 206  1.025283575747272e-01
190 214  1.899790380899400e-02
191 207  1.025283575747272e-01
191 215  1.899790380899400e-02
192 208  1.025283575747272e-01
192 216  1.899790380899400e-02
193 201 -1.383866889134559e-02
193 209  9.409335705536560e-02
194 202 -1.383866889134559e-02
194 210  9.409335705536560e-02
195 203 -1.383866889134559e-02
195 211  9.409335705536560e-02
196 204 -1.383866889134559e-02
196 212  9.409335705536560e-02
197 205 -1.383866889134559e-02
197 213  9.409335705536560e-02
198 206 -1.383866889134559e-02
198 214  9.409335705536560e-02
199 207 -1.383866889134559e-02
199 215  9.409335705536560e-02
200 208 -1.383866889134559e-02
200 216  9.409335705536560e-02
201 217  1.042490146043419e-01
201 225  1.222198143566545e-02
202 218  1.042490146043419e-01
202 226  1.222198143566545e-02
203 219  1.042490146043419e-01
203 227  1.222198143566545e-02
204 220  1.042490146043419e-01
204 228  1.222198143566545e-02
205 221  1.042490146043419e-01
205 229  1.222198143566545e-02
206 222  1.042490146043419e-01
206 230  1.222198143566545e-02
207 223  1.042490146043419e-01
207 231  1.222198143566545e-02
208 224  1.042490146043419e-01
208 232  1.222198143566545e-02
209 217 -2.690544740878023e-02
209 225  8.310100286229911e-02
210 218 -2.690544740878023e-02
210 226  8.310100286229911e-02
211 219 -2.690544740878023e-02
211 227  8.310100286229911e-02
212 220 -2.690544740878023e-02
212 228  8.310100286229911e-02
213 221 -2.690544740878023e-02
213 229  8.310100286229911e-02
214 222 -2.690544740878023e-02
214 230  8.310100286229911e-02
215 223 -2.690544740878023e-02
215 231  8.310100286229911e-02
216 224 -2.690544740878023e-02
216 232  8.310100286229911e-02
217 233  8.901954333754120e-02
218 234  8.901954333754120e-02
219 235  8.901954333754120e-02
220 236  8.901954333754120e-02
221 237  8.901954333754120e-02
222 238  8.901954333754120e-02
223 239  8.901954333754120e-02
224 240  8.901954333754120e-02
225 233 -4.174601401124536e-02
226 234 -4.174601401124536e-02
227 235 -4.174601401124536e-02
228 236 -4.174601401124536e-02
229 237 -4.174601401124536e-02
230 238 -4.174601401124536e-02
231 239 -4.174601401124536e-02
232 240 -4.174601401124536e-02
1 25  3.364622478509582e-02
1 33  2.315652216365897e-02
2 26  3.364622478509582e-02
2 34  2.315652216365897e-02
3 27  3.364622478509582e-02
3 35  2.315652216365897e-02
4 28  3.364622478509582e-02
4 36  2.315652216365897e-02
5 29  3.364622478509582e-02
5 37  2.315652216365897e-02
6 30  3.364622478509582e-02
6 38  2.315652216365897e-02
7 31  3.364622478509582e-02
7 39  2.315652216365897e-02
8 32  3.364622478509582e-02
8 40  2.315652216365897e-02
9 41  5.425290729492670e-02
9 49  2.929094109013308e-02
10 42  5.425290729492670e-02
10 50  2.929094109013308e-02
11 43  5.425290729492670e-02
11 51  2.929094109013308e-02
12 44  5.425290729492670e-02
12 52  2.929094109013308e-02
13 45  5.425290729492670e-02
13 53  2.929094109013308e-02
14 46  5.425290729492670e-02
14 54  2.929094109013308e-02
15 47  5.425290729492670e-02
15 55  2.929094109013308e-02
16 48  5.425290729492670e-02
16 56  2.929094109013308e-02
17 41 -3.914166646266314e-03
17 49  3.392584235436620e-02
18 42 -3.914166646266314e-03
18 50  3.392584235436620e-02
19 43 -3.914166646266314e-03
19 51  3.392584235436620e-02
20 44 -3.914166646266314e-03
20 52  3.392584235436620e-02
21 45 -3.914166646266314e-03
21 53  3.392584235436620e-02
22 46 -3.914166646266314e-03
22 54  3.392584235436620e-02
23 47 -3.914166646266314e-03
23 55  3.392584235436620e-02
24 48 -3.914166646266314e-03
24 56  3.392584235436620e-02
25 57  7.103372981440671e-02
25 65  3.179884015641267e-02
26 58  7.103372981440671e-02
26 66  3.179884015641267e-02
27 59  7.103372981440671e-02
27 67  3.179884015641267e-02
28 60  7.103372981440671e-02
28 68  3.179884015641267e-02
29 61  7.103372981440671e-02
29 69  3.179884015641267e-02
30 62  7.103372981440671e-02
30 70  3.179884015641267e-02
31 63  7.103372981440671e-02
31 71  3.179884015641267e-02
32 64  7.103372981440671e-02
32 72  3.179884015641267e-02
33 57 -7.521219345024892e-03
33 65  5.405251842276187e-02
34 58 -7.521219345024892e-03
34 66  5.405251842276187e-02
35 59 -7.521219345024892e-03
35 67  5.405251842276187e-02
36 60 -7.521219345024892e-03
36 68  5.405251842276187e-02
37 61 -7.521219345024892e-03
37 69  5.405251842276187e-02
38 62 -7.521219345024892e-03
38 70  5.405251842276187e-02
39 63 -7.521219345024892e-03
39 71  5.405251842276187e-02
40 64 -7.521219345024892e-03
40 72  5.405251842276187e-02
41 73  8.435554978840172e-02
41 81  3.220393725400005e-02
42 74  8.435554978840172e-02
42 82  3.220393725400005e-02
43 75  8.435554978840172e-02
43 83  3.220393725400005e-02
44 76  8.435554978840172e-02
44 84  3.220393725400005e-02
45 77  8.435554978840172e-02
45 85  3.220393725400005e-02
46 78  8.435554978840172e-02
46 86  3.220393725400005e-02
47 79  8.435554978840172e-02
47 87  3.220393725400005e-02
48 80  8.435554978840172e-02
48 88  3.220393725400005e-02
49 73 -1.138581120660476e-02
49 81  6.978150122397545e-02
50 74 -1.138581120660476e-02
50 82  6.978150122397545e-02
51 75 -1.138581120660476e-02
51 83  6.978150122397545e-02
52 76 -1.138581120660476e-02
52 84  6.978150122397545e-02
53 77 -1.138581120660476e-02
53 85  6.978150122397545e-02
54 78 -1.138581120660476e-02
54 86  6.978150122397545e-02
55 79 -1.138581120660476e-02
55 87  6.978150122397545e-02
56 80 -1.138581120660476e-02
56 88  6.978150122397545e-02
57 89  9.431237180311712e-02
57 97  3.118132816676270e-02
58 90  9.431237180311712e-02
58 98  3.118132816676270e-02
59 91  9.431237180311712e-02
59 99  3.118132816676270e-02
60 92  9.431237180311712e-02
60 100  3.118132816676270e-02
61 93  9.431237180311712e-02
61 101  3.118132816676270e-02
62 94  9.431237180311712e-02
62 102  3.118132816676270e-02
63 95  9.431237180311712e-02
63 103  3.118132816676270e-02
64 96  9.431237180311712e-02
64 104  3.118132816676270e-02
65 89 -1.535262469905074e-02
65 97  8.148723753730636e-02
66 90 -1.535262469905074e-02
66 98  8.148723753730636e-02
67 91 -1.535262469905074e-02
67 99  8.148723753730636e-02
68 92 -1.535262469905074e-02
68 100  8.148723753730636e-02
69 93 -1.535262469905074e-02
69 101  8.148723753730636e-02
70 94 -1.535262469905074e-02
70 102  8.148723753730636e-02
71 95 -1.535262469905074e-02
71 103  8.148723753730636e-02
72 96 -1.535262469905074e-02
72 104  8.148723753730636e-02
73 105  1.009386743552875e-01
73 113  2.912955726645447e-02
74 106  1.009386743552875e-01
74 114  2.912955726645447e-02
75 107  1.009386743552875e-01
75 115  2.912955726645447e-02
76 108  1.009386743552875e-01
76 116  2.912955726645447e-02
77 109  1.009386743552875e-01
77 117  2.912955726645447e-02
78 110  1.009386743552875e-01
78 118  2.912955726645447e-02
79 111  1.009386743552875e-01
79 119  2.912955726645447e-02
80 112  1.009386743552875e-01
80 120  2.912955726645447e-02
81 105 -1.926739108211325e-02
81 113  8.926479629592882e-02
82 106 -1.926739108211325e-02
82 114  8.926479629592882e-02
83 107 -1.926739108211325e-02
83 115  8.926479629592882e-02
84 108 -1.926739108211325e-02
84 116  8.926479629592882e-02
85 109 -1.926739108211325e-02
85 117  8.926479629592882e-02
86 110 -1.926739108211325e-02
86 118  8.926479629592882e-02
87 111 -1.926739108211325e-02
87 119  8.926479629592882e-02
88 112 -1.926739108211325e-02
88 120  8.926479629592882e-02
89 121  1.042490146043419e-01
89 129  2.632426770758713e-02
90 122  1.042490146043419e-01
90 130  2.632426770758713e-02
91 123  1.042490146043419e-01
91 131  2.632426770758713e-02
92 124  1.042490146043419e-01
92 132  2.632426770758713e-02
93 125  1.042490146043419e-01
93 133  2.632426770758713e-02
94 126  1.042490146043419e-01
94 134  2.632426770758713e-02
95 127  1.042490146043419e-01
95 135  2.632426770758713e-02
96 128  1.042490146043419e-01
96 136  2.632426770758713e-02
97 121 -2.297770464462850e-02
97 129  9.314767117383853e-02
98 122 -2.297770464462850e-02
98 130  9.314767117383853e-02
99 123 -2.297770464462850e-02
99 131  9.314767117383853e-02
100 124 -2.297770464462850e-02
100 132  9.314767117383853e-02
101 125 -2.297770464462850e-02
101 133  9.314767117383853e-02
102 126 -2.297770464462850e-02
102 134  9.314767117383853e-02
103 127 -2.297770464462850e-02
103 135  9.314767117383853e-02
104 128 -2.297770464462850e-02
104 136  9.314767117383853e-02
105 137  1.042490146043419e-01
105 145  2.297770464462850e-02
106 138  1.042490146043419e-01
106 146  2.297770464462850e-02
107 139  1.042490146043419e-01
107 147  2.297770464462850e-02
108 140  1.042490146043419e-01
108 148  2.297770464462850e-02
109 141  1.042490146043419e-01
109 149  2.297770464462850e-02
110 142  1.042490146043419e-01
110 150  2.297770464462850e-02
111 143  1.042490146043419e-01
111 151  2.297770464462850e-02
112 144  1.042490146043419e-01
112 152  2.297770464462850e-02
113 137 -2.632426770758713e-02
113 145  9.314767117383853e-02
114 138 -2.632426770758713e-02
114 146  9.314767117383853e-02
115 139 -2.632426770758713e-02
115 147  9.314767117383853e-02
116 140 -2.632426770758713e-02
116 148  9.314767117383853e-02
117 141 -2.632426770758713e-02
117 149  9.314767117383853e-02
118 142 -2.632426770758713e-02
118 150  9.314767117383853e-02
119 143 -2.632426770758713e-02
119 151  9.314767117383853e-02
120 144 -2.632426770758713e-02
120 152  9.314767117383853e-02
121 153  1.009386743552875e-01
121 161  1.926739108211325e-02
122 154  1.009386743552875e-01
122 162  1.926739108211325e-02
123 155  1.009386743552875e-01
123 163  1.926739108211325e-02
124 156  1.009386743552875e-01
124 164  1.926739108211325e-02
125 157  1.009386743552875e-01
125 165  1.926739108211325e-02
126 158  1.009386743552875e-01
126 166  1.926739108211325e-02
127 159  1.009386743552875e-01
127 167  1.926739108211325e-02
128 160  1.009386743552875e-01
128 168  1.926739108211325e-02
129 153 -2.912955726645447e-02
129 161  8.926479629592882e-02
130 154 -2.912955726645447e-02
130 162  8.926479629592882e-02
131 155 -2.912955726645447e-02
131 163  8.926479629592882e-02
132 156 -2.912955726645447e-02
132 164  8.926479629592882e-02
133 157 -2.912955726645447e-02
133 165  8.926479629592882e-02
134 158 -2.912955726645447e-02
134 166  8.926479629592882e-02
135 159 -2.912955726645447e-02
135 167  8.926479629592882e-02
136 160 -2.912955726645447e-02
136 168  8.926479629592882e-02
137 169  9.431237180311712e-02
137 177  1.535262469905074e-02
138 170  9.431237180311712e-02
138 178  1.535262469905074e-02
139 171  9.431237180311712e-02
139 179  1.535262469905074e-02
140 172  9.431237180311712e-02
140 180  1.535262469905074e-02
141 173  9.431237180311712e-02
141 181  1.535262469905074e-02
142 174  9.431237180311712e-02
142 182  1.535262469905074e-02
143 175  9.431237180311712e-02
143 183  1.535262469905074e-02
144 176  9.431237180311712e-02
144 184  1.535262469905074e-02
145 169 -3.118132816676270e-02
145 177  8.148723753730636e-02
146 170 -3.118132816676270e-02
146 178  8.148723753730636e-02
147 171 -3.118132816676270e-02
147 179  8.148723753730636e-02
148 172 -3.118132816676270e-02
148 180  8.148723753730636e-02
149 173 -3.118132816676270e-02
149 181  8.148723753730636e-02
150 174 -3.118132816676270e-02
150 182  8.148723753730636e-02
151 175 -3.118132816676270e-02
151 183  8.148723753730636e-02
152 176 -3.118132816676270e-02
152 184  8.148723753730636e-02
153 185  8.435554978840172e-02
153 193  1.138581120660476e-02
154 186  8.435554978840172e-02
154 194  1.138581120660476e-02
155 187  8.435554978840172e-02
155 195  1.138581120660476e-02
156 188  8.435554978840172e-02
156 196  1.138581120660476e-02
157 189  8.435554978840172e-02
157 197  1.138581120660476e-02
158 190  8.435554978840172e-02
158 198  1.138581120660476e-02
159 191  8.435554978840172e-02
159 199  1.138581120660476e-02
160 192  8.435554978840172e-02
160 200  1.138581120660476e-02
161 185 -3.220393725400005e-02
161 193  6.978150122397545e-02
162 186 -3.220393725400005e-02
162 194  6.978150122397545e-02
163 187 -3.220393725400005e-02
163 195  6.978150122397545e-02
164 188 -3.220393725400005e-02
164 196  6.978150122397545e-02
165 189 -3.220393725400005e-02
165 197  6.978150122397545e-02
166 190 -3.220393725400005e-02
166 198  6.978150122397545e-02
167 191 -3.220393725400005e-02
167 199  6.978150122397545e-02
168 192 -3.220393725400005e-02
168 200  6.978150122397545e-02
169 201  7.103372981440671e-02
169 209  7.521219345024892e-03
170 202  7.103372981440671e-02
170 210  7.521219345024892e-03
171 203  7.103372981440671e-02
171 211  7.521219345024892e-03
172 204  7.103372981440671e-02
172 212  7.521219345024892e-03
173 205  7.103372981440671e-02
173 213  7.521219345024892e-03
174 206  7.103372981440671e-02
174 214  7.521219345024892e-03
175 207  7.103372981440671e-02
175 215  7.521219345024892e-03
176 208  7.103372981440671e-02
176 216  7.521219345024892e-03
177 201 -3.179884015641267e-02
177 209  5.405251842276187e-02
178 202 -3.179884015641267e-02
178 210  5.405251842276187e-02
179 203 -3.179884015641267e-02
179 211  5.405251842276187e-02
180 204 -3.179884015641267e-02
180 212  5.405251842276187e-02
181 205 -3.179884015641267e-02
181 213  5.405251842276187e-02
182 206 -3.179884015641267e-02
182 214  5.405251842276187e-02
183 207 -3.179884015641267e-02
183 215  5.405251842276187e-02
184 208 -3.179884015641267e-02
184 216  5.405251842276187e-02
185 217  5.425290729492670e-02
185 225  3.914166646266314e-03
186 218  5.425290729492670e-02
186 226  3.914166646266314e-03
187 219  5.425290729492670e-02
187 227  3.914166646266314e-03
188 220  5.425290729492670e-02
188 228  3.914166646266314e-03
189 221  5.425290729492670e-02
189 229  3.914166646266314e-03
190 222  5.425290729492670e-02
190 230  3.914166646266314e-03
191 223  5.425290729492670e-02
191 231  3.914166646266314e-03
192 224  5.425290729492670e-02
192 232  3.914166646266314e-03
193 217 -2.929094109013308e-02
193 225  3.392584235436620e-02
194 218 -2.929094109013308e-02
194 226  3.392584235436620e-02
195 219 -2.929094109013308e-02
195 227  3.392584235436620e-02
196 220 -2.929094109013308e-02
196 228  3.392584235436620e-02
197 221 -2.929094109013308e-02
197 229  3.392584235436620e-02
198 222 -2.929094109013308e-02
198 230  3.392584235436620e-02
199 223 -2.929094109013308e-02
199 231  3.392584235436620e-02
200 224 -2.929094109013308e-02
200 232  3.392584235436620e-02
201 233  3.364622478509582e-02
202 234  3.364622478509582e-02
203 235  3.364622478509582e-02
204 236  3.364622478509582e-02
205 237  3.364622478509582e-02
206 238  3.364622478509582e-02
207 239  3.364622478509582e-02
208 240  3.364622478509582e-02
209 233 -2.315652216365897e-02
210 234 -2.315652216365897e-02
211 235 -2.315652216365897e-02
212 236 -2.315652216365897e-02
213 237 -2.315652216365897e-02
214 238 -2.315652216365897e-02
215 239 -2.315652216365897e-02
216 240 -2.315652216365897e-02
1 1  9.238269307042009e-02
2 2  9.238269307042009e-02
3 3  9.238269307042009e-02
4 4  9.238269307042009e-02
5 5  9.238269307042009e-02
6 6  9.238269307042009e-02
7 7  9.238269307042009e-02
8 8  9.238269307042009e-02
9 9 -3.079423102347336e-02
9 17 -6.057012369838987e-02
10 10 -3.079423102347336e-02
10 18 -6.057012369838987e-02
11 11 -3.079423102347336e-02
11 19 -6.057012369838987e-02
12 12 -3.079423102347336e-02
12 20 -6.057012369838987e-02
13 13 -3.079423102347336e-02
13 21 -6.057012369838987e-02
14 14 -3.079423102347336e-02
14 22 -6.057012369838987e-02
15 15 -3.079423102347336e-02
15 23 -6.057012369838987e-02
16 16 -3.079423102347336e-02
16 24 -6.057012369838987e-02
17 17  6.067265930962691e-02
18 18  6.067265930962691e-02
19 19  6.067265930962691e-02
20 20  6.067265930962691e-02
21 21  6.067265930962691e-02
22 22  6.067265930962691e-02
23 23  6.067265930962691e-02
24 24  6.067265930962691e-02
25 25 -7.478598962843531e-02
25 33 -2.539789689255721e-02
26 26 -7.478598962843531e-02
26 34 -2.539789689255721e-02
27 27 -7.478598962843531e-02
27 35 -2.539789689255721e-02
28 28 -7.478598962843531e-02
28 36 -2.539789689255721e-02
29 29 -7.478598962843531e-02
29 37 -2.539789689255721e-02
30 30 -7.478598962843531e-02
30 38 -2.539789689255721e-02
31 31 -7.478598962843531e-02
31 39 -2.539789689255721e-02
32 32 -7.478598962843531e-02
32 40 -2.539789689255721e-02
33 33 -3.266989347441449e-02
34 34 -3.266989347441449e-02
35 35 -3.266989347441449e-02
36 36 -3.266989347441449e-02
37 37 -3.266989347441449e-02
38 38 -3.266989347441449e-02
39 39 -3.266989347441449e-02
40 40 -3.266989347441449e-02
41 41 -6.801802676613347e-02
41 49  1.120710910321443e-02
42 42 -6.801802676613347e-02
42 50  1.120710910321443e-02
43 43 -6.801802676613347e-02
43 51  1.120710910321443e-02
44 44 -6.801802676613347e-02
44 52  1.120710910321443e-02
45 45 -6.801802676613347e-02
45 53  1.120710910321443e-02
46 46 -6.801802676613347e-02
46 54  1.120710910321443e-02
47 47 -6.801802676613347e-02
47 55  1.120710910321443e-02
48 48 -6.801802676613347e-02
48 56  1.120710910321443e-02
49 49 -5.600553167042484e-02
50 50 -5.600553167042484e-02
51 51 -5.600553167042484e-02
52 52 -5.600553167042484e-02
53 53 -5.600553167042484e-02
54 54 -5.600553167042484e-02
55 55 -5.600553167042484e-02
56 56 -5.600553167042484e-02
57 57 -3.417821245462428e-02
57 65  3.416615762701432e-02
58 58 -3.417821245462428e-02
58 66  3.416615762701432e-02
59 59 -3.417821245462428e-02
59 67  3.416615762701432e-02
60 60 -3.417821245462428e-02
60 68  3.416615762701432e-02
61 61 -3.417821245462428e-02
61 69  3.416615762701432e-02
62 62 -3.417821245462428e-02
62 70  3.416615762701432e-02
63 63 -3.417821245462428e-02
63 71  3.416615762701432e-02
64 64 -3.417821245462428e-02
64 72  3.416615762701432e-02
65 65 -3.903415843696277e-02
66 66 -3.903415843696277e-02
67 67 -3.903415843696277e-02
68 68 -3.903415843696277e-02
69 69 -3.903415843696277e-02
70 70 -3.903415843696277e-02
71 71 -3.903415843696277e-02
72 72 -3.903415843696277e-02
73 73  7.783157291647113e-03
73 81  4.002334769889096e-02
74 74  7.783157291647113e-03
74 82  4.002334769889096e-02
75 75  7.783157291647113e-03
75 83  4.002334769889096e-02
76 76  7.783157291647113e-03
76 84  4.002334769889096e-02
77 77  7.783157291647113e-03
77 85  4.002334769889096e-02
78 78  7.783157291647113e-03
78 86  4.002334769889096e-02
79 79  7.783157291647113e-03
79 87  4.002334769889096e-02
80 80  7.783157291647113e-03
80 88  4.002334769889096e-02
81 81 -5.515696300875174e-03
82 82 -5.515696300875174e-03
83 83 -5.515696300875174e-03
84 84 -5.515696300875174e-03
85 85 -5.515696300875174e-03
86 86 -5.515696300875174e-03
87 87 -5.515696300875174e-03
88 88 -5.515696300875174e-03
89 89  4.365336046184685e-02
89 97  3.077917743634248e-02
90 90  4.365336046184685e-02
90 98  3.077917743634248e-02
91 91  4.365336046184685e-02
91 99  3.077917743634248e-02
92 92  4.365336046184685e-02
92 100  3.077917743634248e-02
93 93  4.365336046184685e-02
93 101  3.077917743634248e-02
94 94  4.365336046184685e-02
94 102  3.077917743634248e-02
95 95  4.365336046184685e-02
95 103  3.077917743634248e-02
96 96  4.365336046184685e-02
96 104  3.077917743634248e-02
97 97  2.672991284270276e-02
98 98  2.672991284270276e-02
99 99  2.672991284270276e-02
100 100  2.672991284270276e-02
101 101  2.672991284270276e-02
102 102  2.672991284270276e-02
103 103  2.672991284270276e-02
104 104  2.672991284270276e-02
105 105  6.395724904875237e-02
105 113  1.143631706193375e-02
106 106  6.395724904875237e-02
106 114  1.143631706193375e-02
107 107  6.395724904875237e-02
107 115  1.143631706193375e-02
108 108  6.395724904875237e-02
108 116  1.143631706193375e-02
109 109  6.395724904875237e-02
109 117  1.143631706193375e-02
110 110  6.395724904875237e-02
110 118  1.143631706193375e-02
111 111  6.395724904875237e-02
111 119  1.143631706193375e-02
112 112  6.395724904875237e-02
112 120  1.143631706193375e-02
113 113  4.582270773034760e-02
114 114  4.582270773034760e-02
115 115  4.582270773034760e-02
116 116  4.582270773034760e-02
117 117  4.582270773034760e-02
118 118  4.582270773034760e-02
119 119  4.582270773034760e-02
120 120  4.582270773034760e-02
121 121  6.395724904875237e-02
121 129 -1.143631706193375e-02
122 122  6.395724904875237e-02
122 130 -1.143631706193375e-02
123 123  6.395724904875237e-02
123 131 -1.143631706193375e-02
124 124  6.395724904875237e-02
124 132 -1.143631706193375e-02
125 125  6.395724904875237e-02
125 133 -1.143631706193375e-02
126 126  6.395724904875237e-02
126 134 -1.143631706193375e-02
127 127  6.395724904875237e-02
127 135 -1.143631706193375e-02
128 128  6.395724904875237e-02
128 136 -1.143631706193375e-02
129 129  4.582270773034760e-02
130 130  4.582270773034760e-02
131 131  4.582270773034760e-02
132 132  4.582270773034760e-02
133 133  4.582270773034760e-02
134 134  4.582270773034760e-02
135 135  4.582270773034760e-02
136 136  4.582270773034760e-02
137 137  4.365336046184685e-02
137 145 -3.077917743634248e-02
138 138  4.365336046184685e-02
138 146 -3.077917743634248e-02
139 139  4.365336046184685e-02
139 147 -3.077917743634248e-02
140 140  4.365336046184685e-02
140 148 -3.077917743634248e-02
141 141  4.365336046184685e-02
141 149 -3.077917743634248e-02
142 142  4.365336046184685e-02
142 150 -3.077917743634248e-02
143 143  4.365336046184685e-02
143 151 -3.077917743634248e-02
144 144  4.365336046184685e-02
144 152 -3.077917743634248e-02
145 145  2.672991284270276e-02
146 146  2.672991284270276e-02
147 147  2.672991284270276e-02
148 148  2.672991284270276e-02
149 149  2.672991284270276e-02
150 150  2.672991284270276e-02
151 151  2.672991284270276e-02
152 152  2.672991284270276e-02
153 153  7.783157291647113e-03
153 161 -4.002334769889096e-02
154 154  7.783157291647113e-03
154 162 -4.002334769889096e-02
155 155  7.783157291647113e-03
155 163 -4.002334769889096e-02
156 156  7.783157291647113e-03
156 164 -4.002334769889096e-02
157 157  7.783157291647113e-03
157 165 -4.002334769889096e-02
158 158  7.783157291647113e-03
158 166 -4.002334769889096e-02
159 159  7.783157291647113e-03
159 167 -4.002334769889096e-02
160 160  7.783157291647113e-03
160 168 -4.002334769889096e-02
161 161 -5.515696300875174e-03
162 162 -5.515696300875174e-03
163 163 -5.515696300875174e-03
164 164 -5.515696300875174e-03
165 165 -5.515696300875174e-03
166 166 -5.515696300875174e-03
167 167 -5.515696300875174e-03
168 168 -5.515696300875174e-03
169 169 -3.417821245462428e-02
169 177 -3.416615762701432e-02
170 170 -3.417821245462428e-02
170 178 -3.416615762701432e-02
171 171 -3.417821245462428e-02
171 179 -3.416615762701432e-02
172 172 -3.417821245462428e-02
172 180 -3.416615762701432e-02
173 173 -3.417821245462428e-02
173 181 -3.416615762701432e-02
174 174 -3.417821245462428e-02
174 182 -3.416615762701432e-02
175 175 -3.417821245462428e-02
175 183 -3.416615762701432e-02
176 176 -3.417821245462428e-02
176 184 -3.416615762701432e-02
177 177 -3.903415843696277e-02
178 178 -3.903415843696277e-02
179 179 -3.903415843696277e-02
180 180 -3.903415843696277e-02
181 181 -3.903415843696277e-02
182 182 -3.903415843696277e-02
183 183 -3.903415843696277e-02
184 184 -3.903415843696277e-02
185 185 -6.801802676613347e-02
185 193 -1.120710910321443e-02
186 186 -6.801802676613347e-02
186 194 -1.120710910321443e-02
187 187 -6.801802676613347e-02
187 195 -1.120710910321443e-02
188 188 -6.801802676613347e-02
188 196 -1.120710910321443e-02
189 189 -6.801802676613347e-02
189 197 -1.120710910321443e-02
190 190 -6.801802676613347e-02
190 198 -1.120710910321443e-02
191 191 -6.801802676613347e-02
191 199 -1.120710910321443e-02
192 192 -6.801802676613347e-02
192 200 -1.120710910321443e-02
193 193 -5.600553167042484e-02
194 194 -5.600553167042484e-02
195 195 -5.600553167042484e-02
196 196 -5.600553167042484e-02
197 197 -5.600553167042484e-02
198 198 -5.600553167042484e-02
199 199 -5.600553167042484e-02
200 200 -5.600553167042484e-02
201 201 -7.478598962843531e-02
201 209  2.539789689255721e-02
202 202 -7.478598962843531e-02
202 210  2.539789689255721e-02
203 203 -7.478598962843531e-02
203 211  2.539789689255721e-02
204 204 -7.478598962843531e-02
204 212  2.539789689255721e-02
205 205 -7.478598962843531e-02
205 213  2.539789689255721e-02
206 206 -7.478598962843531e-02
206 214  2.539789689255721e-02
207 207 -7.478598962843531e-02
207 215  2.539789689255721e-02
208 208 -7.478598962843531e-02
208 216  2.539789689255721e-02
209 209 -3.266989347441449e-02
210 210 -3.266989347441449e-02
211 211 -3.266989347441449e-02
212 212 -3.266989347441449e-02
213 213 -3.266989347441449e-02
214 214 -3.266989347441449e-02
215 215 -3.266989347441449e-02
216 216 -3.266989347441449e-02
217 217 -3.079423102347336e-02
217 225  6.057012369838987e-02
218 218 -3.079423102347336e-02
218 226  6.057012369838987e-02
219 219 -3.079423102347336e-02
219 227  6.057012369838987e-02
220 220 -3.079423102347336e-02
220 228  6.057012369838987e-02
221 221 -3.079423102347336e-02
221 229  6.057012369838987e-02
222 222 -3.079423102347336e-02
222 230  6.057012369838987e-02
223 223 -3.079423102347336e-02
223 231  6.057012369838987e-02
224 224 -3.079423102347336e-02
224 232  6.057012369838987e-02
225 225  6.067265930962691e-02
226 226  6.067265930962691e-02
227 227  6.067265930962691e-02
228 228  6.067265930962691e-02
229 229  6.067265930962691e-02
230 230  6.067265930962691e-02
231 231  6.067265930962691e-02
232 232  6.067265930962691e-02
233 233  9.238269307042009e-02
234 234  9.238269307042009e-02
235 235  9.238269307042009e-02
236 236  9.238269307042009e-02
237 237  9.238269307042009e-02
238 238  9.238269307042009e-02
239 239  9.238269307042009e-02
240 240  9.238269307042009e-02
1 9 -1.066743454253392e-01
1 17 -5.245526583317148e-02
2 10 -1.066743454253392e-01
2 18 -5.245526583317148e-02
3 11 -1.066743454253392e-01
3 19 -5.245526583317148e-02
4 12 -1.066743454253392e-01
4 20 -5.245526583317148e-02
5 13 -1.066743454253392e-01
5 21 -5.245526583317148e-02
6 14 -1.066743454253392e-01
6 22 -5.245526583317148e-02
7 15 -1.066743454253392e-01
7 23 -5.245526583317148e-02
8 16 -1.066743454253392e-01
8 24 -5.245526583317148e-02
9 25 -5.205175074116279e-02
9 33  1.878199804241328e-02
10 26 -5.205175074116279e-02
10 34  1.878199804241328e-02
11 27 -5.205175074116279e-02
11 35  1.878199804241328e-02
12 28 -5.205175074116279e-02
12 36  1.878199804241328e-02
13 29 -5.205175074116279e-02
13 37  1.878199804241328e-02
14 30 -5.205175074116279e-02
14 38  1.878199804241328e-02
15 31 -5.205175074116279e-02
15 39  1.878199804241328e-02
16 32 -5.205175074116279e-02
16 40  1.878199804241328e-02
17 25  5.119109775312675e-02
17 33 -7.525517194291041e-02
18 26  5.119109775312675e-02
18 34 -7.525517194291041e-02
19 27  5.119109775312675e-02
19 35 -7.525517194291041e-02
20 28  5.119109775312675e-02
20 36 -7.525517194291041e-02
21 29  5.119109775312675e-02
21 37 -7.525517194291041e-02
22 30  5.119109775312675e-02
22 38 -7.525517194291041e-02
23 31  5.119109775312675e-02
23 39 -7.525517194291041e-02
24 32  5.119109775312675e-02
24 40 -7.525517194291041e-02
25 41  9.450945801649640e-03
25 49  4.347187825388733e-02
26 42  9.450945801649640e-03
26 50  4.347187825388733e-02
27 43  9.450945801649640e-03
27 51  4.347187825388733e-02
28 44  9.450945801649640e-03
28 52  4.347187825388733e-02
29 45  9.450945801649640e-03
29 53  4.347187825388733e-02
30 46  9.450945801649640e-03
30 54  4.347187825388733e-02
31 47  9.450945801649640e-03
31 55  4.347187825388733e-02
32 48  9.450945801649640e-03
32 56  4.347187825388733e-02
33 41  4.774300580196028e-02
33 49 -2.556291086746806e-02
34 42  4.774300580196028e-02
34 50 -2.556291086746806e-02
35 43  4.774300580196028e-02
35 51 -2.556291086746806e-02
36 44  4.774300580196028e-02
36 52 -2.556291086746806e-02
37 45  4.774300580196028e-02
37 53 -2.556291086746806e-02
38 46  4.774300580196028e-02
38 54 -2.556291086746806e-02
39 47  4.774300580196028e-02
39 55 -2.556291086746806e-02
40 48  4.774300580196028e-02
40 56 -2.556291086746806e-02
41 57  5.242441490689060e-02
41 65  3.853419150080313e-02
42 58  5.242441490689060e-02
42 66  3.853419150080313e-02
43 59  5.242441490689060e-02
43 67  3.853419150080313e-02
44 60  5.242441490689060e-02
44 68  3.853419150080313e-02
45 61  5.242441490689060e-02
45 69  3.853419150080313e-02
46 62  5.242441490689060e-02
46 70  3.853419150080313e-02
47 63  5.242441490689060e-02
47 71  3.853419150080313e-02
48 64  5.242441490689060e-02
48 72  3.853419150080313e-02
49 57  2.652524533748163e-02
49 65  2.180012363631524e-02
50 58  2.652524533748163e-02
50 66  2.180012363631524e-02
51 59  2.652524533748163e-02
51 67  2.180012363631524e-02
52 60  2.652524533748163e-02
52 68  2.180012363631524e-02
53 61  2.652524533748163e-02
53 69  2.180012363631524e-02
54 62  2.652524533748163e-02
54 70  2.180012363631524e-02
55 63  2.652524533748163e-02
55 71  2.180012363631524e-02
56 64  2.652524533748163e-02
56 72  2.180012363631524e-02
57 73  6.958505956887640e-02
57 81  1.805297009527715e-02
58 74  6.958505956887640e-02
58 82  1.805297009527715e-02
59 75  6.958505956887640e-02
59 83  1.805297009527715e-02
60 76  6.958505956887640e-02
60 84  1.805297009527715e-02
61 77  6.958505956887640e-02
61 85  1.805297009527715e-02
62 78  6.958505956887640e-02
62 86  1.805297009527715e-02
63 79  6.958505956887640e-02
63 87  1.805297009527715e-02
64 80  6.958505956887640e-02
64 88  1.805297009527715e-02
65 73 -5.660156112734561e-05
65 81  4.740226374274414e-02
66 74 -5.660156112734561e-05
66 82  4.740226374274414e-02
67 75 -5.660156112734561e-05
67 83  4.740226374274414e-02
68 76 -5.660156112734561e-05
68 84  4.740226374274414e-02
69 77 -5.660156112734561e-05
69 85  4.740226374274414e-02
70 78 -5.660156112734561e-05
70 86  4.740226374274414e-02
71 79 -5.660156112734561e-05
71 87  4.740226374274414e-02
72 80 -5.660156112734561e-05
72 88  4.740226374274414e-02
73 89  6.212901436860417e-02
73 97 -6.723922413413682e-03
74 90  6.212901436860417e-02
74 98 -6.723922413413682e-03
75 91  6.212901436860417e-02
75 99 -6.723922413413682e-03
76 92  6.212901436860417e-02
76 100 -6.723922413413682e-03
77 93  6.212901436860417e-02
77 101 -6.723922413413682e-03
78 94  6.212901436860417e-02
78 102 -6.723922413413682e-03
79 95  6.212901436860417e-02
79 103 -6.723922413413682e-03
80 96  6.212901436860417e-02
80 104 -6.723922413413682e-03
81 89 -2.315370554896034e-02
81 97  4.836841371536691e-02
82 90 -2.315370554896034e-02
82 98  4.836841371536691e-02
83 91 -2.315370554896034e-02
83 99  4.836841371536691e-02
84 92 -2.315370554896034e-02
84 100  4.836841371536691e-02
85 93 -2.315370554896034e-02
85 101  4.836841371536691e-02
86 94 -2.315370554896034e-02
86 102  4.836841371536691e-02
87 95 -2.315370554896034e-02
87 103  4.836841371536691e-02
88 96 -2.315370554896034e-02
88 104  4.836841371536691e-02
89 105  3.603582743618963e-02
89 113 -2.738544739939998e-02
90 106  3.603582743618963e-02
90 114 -2.738544739939998e-02
91 107  3.603582743618963e-02
91 115 -2.738544739939998e-02
92 108  3.603582743618963e-02
92 116 -2.738544739939998e-02
93 109  3.603582743618963e-02
93 117 -2.738544739939998e-02
94 110  3.603582743618963e-02
94 118 -2.738544739939998e-02
95 111  3.603582743618963e-02
95 119 -2.738544739939998e-02
96 112  3.603582743618963e-02
96 120 -2.738544739939998e-02
97 105 -3.691055460234763e-02
97 113  2.957843065296102e-02
98 106 -3.691055460234763e-02
98 114  2.957843065296102e-02
99 107 -3.691055460234763e-02
99 115  2.957843065296102e-02
100 108 -3.691055460234763e-02
100 116  2.957843065296102e-02
101 109 -3.691055460234763e-02
101 117  2.957843065296102e-02
102 110 -3.691055460234763e-02
102 118  2.957843065296102e-02
103 111 -3.691055460234763e-02
103 119  2.957843065296102e-02
104 112 -3.691055460234763e-02
104 120  2.957843065296102e-02
105 121  4.717603806238644e-21
105 129 -3.835857354408681e-02
106 122  4.717603806238644e-21
106 130 -3.835857354408681e-02
107 123  4.717603806238644e-21
107 131 -3.835857354408681e-02
108 124  4.717603806238644e-21
108 132 -3.835857354408681e-02
109 125  4.717603806238644e-21
109 133 -3.835857354408681e-02
110 126  4.717603806238644e-21
110 134 -3.835857354408681e-02
111 127  4.717603806238644e-21
111 135 -3.835857354408681e-02
112 128  4.717603806238644e-21
112 136 -3.835857354408681e-02
113 121 -3.835857354408681e-02
114 122 -3.835857354408681e-02
115 123 -3.835857354408681e-02
116 124 -3.835857354408681e-02
117 125 -3.835857354408681e-02
118 126 -3.835857354408681e-02
119 127 -3.835857354408681e-02
120 128 -3.835857354408681e-02
121 137 -3.603582743618963e-02
121 145 -3.691055460234763e-02
122 138 -3.603582743618963e-02
122 146 -3.691055460234763e-02
123 139 -3.603582743618963e-02
123 147 -3.691055460234763e-02
124 140 -3.603582743618963e-02
124 148 -3.691055460234763e-02
125 141 -3.603582743618963e-02
125 149 -3.691055460234763e-02
126 142 -3.603582743618963e-02
126 150 -3.691055460234763e-02
127 143 -3.603582743618963e-02
127 151 -3.691055460234763e-02
128 144 -3.603582743618963e-02
128 152 -3.691055460234763e-02
129 137 -2.738544739939998e-02
129 145 -2.957843065296102e-02
130 138 -2.738544739939998e-02
130 146 -2.957843065296102e-02
131 139 -2.738544739939998e-02
131 147 -2.957843065296102e-02
132 140 -2.738544739939998e-02
132 148 -2.957843065296102e-02
133 141 -2.738544739939998e-02
133 149 -2.957843065296102e-02
134 142 -2.738544739939998e-02
134 150 -2.957843065296102e-02
135 143 -2.738544739939998e-02
135 151 -2.957843065296102e-02
136 144 -2.738544739939998e-02
136 152 -2.957843065296102e-02
137 153 -6.212901436860417e-02
137 161 -2.315370554896034e-02
138 154 -6.212901436860417e-02
138 162 -2.315370554896034e-02
139 155 -6.212901436860417e-02
139 163 -2.315370554896034e-02
140 156 -6.212901436860417e-02
140 164 -2.315370554896034e-02
141 157 -6.212901436860417e-02
141 165 -2.315370554896034e-02
142 158 -6.212901436860417e-02
142 166 -2.315370554896034e-02
143 159 -6.212901436860417e-02
143 167 -2.315370554896034e-02
144 160 -6.212901436860417e-02
144 168 -2.315370554896034e-02
145 153 -6.723922413413682e-03
145 161 -4.836841371536691e-02
146 154 -6.723922413413682e-03
146 162 -4.836841371536691e-02
147 155 -6.723922413413682e-03
147 163 -4.836841371536691e-02
148 156 -6.723922413413682e-03
148 164 -4.836841371536691e-02
149 157 -6.723922413413682e-03
149 165 -4.836841371536691e-02
150 158 -6.723922413413682e-03
150 166 -4.836841371536691e-02
151 159 -6.723922413413682e-03
151 167 -4.836841371536691e-02
152 160 -6.723922413413682e-03
152 168 -4.836841371536691e-02
153 169 -6.958505956887640e-02
153 177 -5.660156112734561e-05
154 170 -6.958505956887640e-02
154 178 -5.660156112734561e-05
155 171 -6.958505956887640e-02
155 179 -5.660156112734561e-05
156 172 -6.958505956887640e-02
156 180 -5.660156112734561e-05
157 173 -6.958505956887640e-02
157 181 -5.660156112734561e-05
158 174 -6.958505956887640e-02
158 182 -5.660156112734561e-05
159 175 -6.958505956887640e-02
159 183 -5.660156112734561e-05
160 176 -6.958505956887640e-02
160 184 -5.660156112734561e-05
161 169  1.805297009527715e-02
161 177 -4.740226374274414e-02
162 170  1.805297009527715e-02
162 178 -4.740226374274414e-02
163 171  1.805297009527715e-02
163 179 -4.740226374274414e-02
164 172  1.805297009527715e-02
164 180 -4.740226374274414e-02
165 173  1.805297009527715e-02
165 181 -4.740226374274414e-02
166 174  1.805297009527715e-02
166 182 -4.740226374274414e-02
167 175  1.805297009527715e-02
167 183 -4.740226374274414e-02
168 176  1.805297009527715e-02
168 184 -4.740226374274414e-02
169 185 -5.242441490689060e-02
169 193  2.652524533748163e-02
170 186 -5.242441490689060e-02
170 194  2.652524533748163e-02
171 187 -5.242441490689060e-02
171 195  2.652524533748163e-02
172 188 -5.242441490689060e-02
172 196  2.652524533748163e-02
173 189 -5.242441490689060e-02
173 197  2.652524533748163e-02
174 190 -5.242441490689060e-02
174 198  2.652524533748163e-02
175 191 -5.242441490689060e-02
175 199  2.652524533748163e-02
176 192 -5.242441490689060e-02
176 200  2.652524533748163e-02
177 185  3.853419150080313e-02
177 193 -2.180012363631524e-02
178 186  3.853419150080313e-02
178 194 -2.180012363631524e-02
179 187  3.853419150080313e-02
179 195 -2.180012363631524e-02
180 188  3.853419150080313e-02
180 196 -2.180012363631524e-02
181 189  3.853419150080313e-02
181 197 -2.180012363631524e-02
182 190  3.853419150080313e-02
182 198 -2.180012363631524e-02
183 191  3.853419150080313e-02
183 199 -2.180012363631524e-02
184 192  3.853419150080313e-02
184 200 -2.180012363631524e-02
185 201 -9.450945801649640e-03
185 209  4.774300580196028e-02
186 202 -9.450945801649640e-03
186 210  4.774300580196028e-02
187 203 -9.450945801649640e-03
187 211  4.774300580196028e-02
188 204 -9.450945801649640e-03
188 212  4.774300580196028e-02
189 205 -9.450945801649640e-03
189 213  4.774300580196028e-02
190 206 -9.450945801649640e-03
190 214  4.774300580196028e-02
191 207 -9.450945801649640e-03
191 215  4.774300580196028e-02
192 208 -9.450945801649640e-03
192 216  4.774300580196028e-02
193 201  4.347187825388733e-02
193 209  2.556291086746806e-02
194 202  4.347187825388733e-02
194 210  2.556291086746806e-02
195 203  4.347187825388733e-02
195 211  2.556291086746806e-02
196 204  4.347187825388733e-02
196 212  2.556291086746806e-02
197 205  4.347187825388733e-02
197 213  2.556291086746806e-02
198 206  4.347187825388733e-02
198 214  2.556291086746806e-02
199 207  4.347187825388733e-02
199 215  2.556291086746806e-02
200 208  4.347187825388733e-02
200 216  2.556291086746806e-02
201 217  5.205175074116279e-02
201 225  5.119109775312675e-02
202 218  5.205175074116279e-02
202 226  5.119109775312675e-02
203 219  5.205175074116279e-02
203 227  5.119109775312675e-02
204 220  5.205175074116279e-02
204 228  5.119109775312675e-02
205 221  5.205175074116279e-02
205 229  5.119109775312675e-02
206 222  5.205175074116279e-02
206 230  5.119109775312675e-02
207 223  5.205175074116279e-02
207 231  5.119109775312675e-02
208 224  5.205175074116279e-02
208 232  5.119109775312675e-02
209 217  1.878199804241328e-02
209 225  7.525517194291041e-02
210 218  1.878199804241328e-02
210 226  7.525517194291041e-02
211 219  1.878199804241328e-02
211 227  7.525517194291041e-02
212 220  1.878199804241328e-02
212 228  7.525517194291041e-02
213 221  1.878199804241328e-02
213 229  7.525517194291041e-02
214 222  1.878199804241328e-02
214 230  7.525517194291041e-02
215 223  1.878199804241328e-02
215 231  7.525517194291041e-02
216 224  1.878199804241328e-02
216 232  7.525517194291041e-02
217 233  1.066743454253392e-01
218 234  1.066743454253392e-01
219 235  1.066743454253392e-01
220 236  1.066743454253392e-01
221 237  1.066743454253392e-01
222 238  1.066743454253392e-01
223 239  1.066743454253392e-01
224 240  1.066743454253392e-01
225 233 -5.245526583317148e-02
226 234 -5.245526583317148e-02
227 235 -5.245526583317148e-02
228 236 -5.245526583317148e-02
229 237 -5.245526583317148e-02
230 238 -5.245526583317148e-02
231 239 -5.245526583317148e-02
232 240 -5.245526583317148e-02
1 25  8.552975411571333e-02
1 33  6.172394401708575e-02
2 26  8.552975411571333e-02
2 34  6.172394401708575e-02
3 27  8.552975411571333e-02
3 35  6.172394401708575e-02
4 28  8.552975411571333e-02
4 36  6.172394401708575e-02
5 29  8.552975411571333e-02
5 37  6.172394401708575e-02
6 30  8.552975411571333e-02
6 38  6.172394401708575e-02
7 31  8.552975411571333e-02
7 39  6.172394401708575e-02
8 32  8.552975411571333e-02
8 40  6.172394401708575e-02
9 41  8.840550292685635e-02
9 49  3.253137487711900e-02
10 42  8.840550292685635e-02
10 50  3.253137487711900e-02
11 43  8.840550292685635e-02
11 51  3.253137487711900e-02
12 44  8.840550292685635e-02
12 52  3.253137487711900e-02
13 45  8.840550292685635e-02
13 53  3.253137487711900e-02
14 46  8.840550292685635e-02
14 54  3.253137487711900e-02
15 47  8.840550292685635e-02
15 55  3.253137487711900e-02
16 48  8.840550292685635e-02
16 56  3.253137487711900e-02
17 41 -3.477750260310986e-02
17 49  6.517289066872635e-02
18 42 -3.477750260310986e-02
18 50  6.517289066872635e-02
19 43 -3.477750260310986e-02
19 51  6.517289066872635e-02
20 44 -3.477750260310986e-02
20 52  6.517289066872635e-02
21 45 -3.477750260310986e-02
21 53  6.517289066872635e-02
22 46 -3.477750260310986e-02
22 54  6.517289066872635e-02
23 47 -3.477750260310986e-02
23 55  6.517289066872635e-02
24 48 -3.477750260310986e-02
24 56  6.517289066872635e-02
25 57  6.173331946864142e-02
25 65 -2.140407323977209e-03
26 58  6.173331946864142e-02
26 66 -2.140407323977209e-03
27 59  6.173331946864142e-02
27 67 -2.140407323977209e-03
28 60  6.173331946864142e-02
28 68 -2.140407323977209e-03
29 61  6.173331946864142e-02
29 69 -2.140407323977209e-03
30 62  6.173331946864142e-02
30 70 -2.140407323977209e-03
31 63  6.173331946864142e-02
31 71 -2.140407323977209e-03
32 64  6.173331946864142e-02
32 72 -2.140407323977209e-03
33 57 -4.733528692919454e-02
33 65  5.978495943652019e-02
34 58 -4.733528692919454e-02
34 66  5.978495943652019e-02
35 59 -4.733528692919454e-02
35 67  5.978495943652019e-02
36 60 -4.733528692919454e-02
36 68  5.978495943652019e-02
37 61 -4.733528692919454e-02
37 69  5.978495943652019e-02
38 62 -4.733528692919454e-02
38 70  5.978495943652019e-02
39 63 -4.733528692919454e-02
39 71  5.978495943652019e-02
40 64 -4.733528692919454e-02
40 72  5.978495943652019e-02
41 73  2.199327608579602e-02
41 81 -2.796300438575841e-02
42 74  2.199327608579602e-02
42 82 -2.796300438575841e-02
43 75  2.199327608579602e-02
43 83 -2.796300438575841e-02
44 76  2.199327608579602e-02
44 84 -2.796300438575841e-02
45 77  2.199327608579602e-02
45 85 -2.796300438575841e-02
46 78  2.199327608579602e-02
46 86 -2.796300438575841e-02
47 79  2.199327608579602e-02
47 87 -2.796300438575841e-02
48 80  2.199327608579602e-02
48 88 -2.796300438575841e-02
49 73 -4.644315889245147e-02
49 81  3.168526293965550e-02
50 74 -4.644315889245147e-02
50 82  3.168526293965550e-02
51 75 -4.644315889245147e-02
51 83  3.168526293965550e-02
52 76 -4.644315889245147e-02
52 84  3.168526293965550e-02
53 77 -4.644315889245147e-02
53 85  3.168526293965550e-02
54 78 -4.644315889245147e-02
54 86  3.168526293965550e-02
55 79 -4.644315889245147e-02
55 87  3.168526293965550e-02
56 80 -4.644315889245147e-02
56 88  3.168526293965550e-02
57 89 -1.844192264091015e-02
57 97 -4.029776755198782e-02
58 90 -1.844192264091015e-02
58 98 -4.029776755198782e-02
59 91 -1.844192264091015e-02
59 99 -4.029776755198782e-02
60 92 -1.844192264091015e-02
60 100 -4.029776755198782e-02
61 93 -1.844192264091015e-02
61 101 -4.029776755198782e-02
62 94 -1.844192264091015e-02
62 102 -4.029776755198782e-02
63 95 -1.844192264091015e-02
63 103 -4.029776755198782e-02
64 96 -1.844192264091015e-02
64 104 -4.029776755198782e-02
65 89 -3.441216651959475e-02
65 97 -2.846185816615620e-03
66 90 -3.441216651959475e-02
66 98 -2.846185816615620e-03
67 91 -3.441216651959475e-02
67 99 -2.846185816615620e-03
68 92 -3.441216651959475e-02
68 100 -2.846185816615620e-03
69 93 -3.441216651959475e-02
69 101 -2.846185816615620e-03
70 94 -3.441216651959475e-02
70 102 -2.846185816615620e-03
71 95 -3.441216651959475e-02
71 103 -2.846185816615620e-03
72 96 -3.441216651959475e-02
72 104 -2.846185816615620e-03
73 105 -5.044062422208734e-02
73 113 -3.901863830479069e-02
74 106 -5.044062422208734e-02
74 114 -3.901863830479069e-02
75 107 -5.044062422208734e-02
75 115 -3.901863830479069e-02
76 108 -5.044062422208734e-02
76 116 -3.901863830479069e-02
77 109 -5.044062422208734e-02
77 117 -3.901863830479069e-02
78 110 -5.044062422208734e-02
78 118 -3.901863830479069e-02
79 111 -5.044062422208734e-02
79 119 -3.901863830479069e-02
80 112 -5.044062422208734e-02
80 120 -3.901863830479069e-02
81 105 -1.504409442248641e-02
81 113 -3.221768360864050e-02
82 106 -1.504409442248641e-02
82 114 -3.221768360864050e-02
83 107 -1.504409442248641e-02
83 115 -3.221768360864050e-02
84 108 -1.504409442248641e-02
84 116 -3.221768360864050e-02
85 109 -1.504409442248641e-02
85 117 -3.221768360864050e-02
86 110 -1.504409442248641e-02
86 118 -3.221768360864050e-02
87 111 -1.504409442248641e-02
87 119 -3.221768360864050e-02
88 112 -1.504409442248641e-02
88 120 -3.221768360864050e-02
89 121 -6.794980785546112e-02
89 129 -2.657863704580442e-02
90 122 -6.794980785546112e-02
90 130 -2.657863704580442e-02
91 123 -6.794980785546112e-02
91 131 -2.657863704580442e-02
92 124 -6.794980785546112e-02
92 132 -2.657863704580442e-02
93 125 -6.794980785546112e-02
93 133 -2.657863704580442e-02
94 126 -6.794980785546112e-02
94 134 -2.657863704580442e-02
95 127 -6.794980785546112e-02
95 135 -2.657863704580442e-02
96 128 -6.794980785546112e-02
96 136 -2.657863704580442e-02
97 121  6.959920921780357e-03
97 129 -4.880192074698448e-02
98 122  6.959920921780357e-03
98 130 -4.880192074698448e-02
99 123  6.959920921780357e-03
99 131 -4.880192074698448e-02
100 124  6.959920921780357e-03
100 132 -4.880192074698448e-02
101 125  6.959920921780357e-03
101 133 -4.880192074698448e-02
102 126  6.959920921780357e-03
102 134 -4.880192074698448e-02
103 127  6.959920921780357e-03
103 135 -4.880192074698448e-02
104 128  6.959920921780357e-03
104 136 -4.880192074698448e-02
105 137 -6.794980785546112e-02
105 145 -6.959920921780357e-03
106 138 -6.794980785546112e-02
106 146 -6.959920921780357e-03
107 139 -6.794980785546112e-02
107 147 -6.959920921780357e-03
108 140 -6.794980785546112e-02
108 148 -6.959920921780357e-03
109 141 -6.794980785546112e-02
109 149 -6.959920921780357e-03
110 142 -6.794980785546112e-02
110 150 -6.959920921780357e-03
111 143 -6.794980785546112e-02
111 151 -6.959920921780357e-03
112 144 -6.794980785546112e-02
112 152 -6.959920921780357e-03
113 137  2.657863704580442e-02
113 145 -4.880192074698448e-02
114 138  2.657863704580442e-02
114 146 -4.880192074698448e-02
115 139  2.657863704580442e-02
115 147 -4.880192074698448e-02
116 140  2.657863704580442e-02
116 148 -4.880192074698448e-02
117 141  2.657863704580442e-02
117 149 -4.880192074698448e-02
118 142  2.657863704580442e-02
118 150 -4.880192074698448e-02
119 143  2.657863704580442e-02
119 151 -4.880192074698448e-02
120 144  2.657863704580442e-02
120 152 -4.880192074698448e-02
121 153 -5.044062422208734e-02
121 161  1.504409442248641e-02
122 154 -5.044062422208734e-02
122 162  1.504409442248641e-02
123 155 -5.044062422208734e-02
123 163  1.504409442248641e-02
124 156 -5.044062422208734e-02
124 164  1.504409442248641e-02
125 157 -5.044062422208734e-02
125 165  1.504409442248641e-02
126 158 -5.044062422208734e-02
126 166  1.504409442248641e-02
127 159 -5.044062422208734e-02
127 167  1.504409442248641e-02
128 160 -5.044062422208734e-02
128 168  1.504409442248641e-02
129 153  3.901863830479069e-02
129 161 -3.221768360864050e-02
130 154  3.901863830479069e-02
130 162 -3.221768360864050e-02
131 155  3.901863830479069e-02
131 163 -3.221768360864050e-02
132 156  3.901863830479069e-02
132 164 -3.221768360864050e-02
133 157  3.901863830479069e-02
133 165 -3.221768360864050e-02
134 158  3.901863830479069e-02
134 166 -3.221768360864050e-02
135 159  3.901863830479069e-02
135 167 -3.221768360864050e-02
136 160  3.901863830479069e-02
136 168 -3.221768360864050e-02
137 169 -1.844192264091015e-02
137 177  3.441216651959475e-02
138 170 -1.844192264091015e-02
138 178  3.441216651959475e-02
139 171 -1.844192264091015e-02
139 179  3.441216651959475e-02
140 172 -1.844192264091015e-02
140 180  3.441216651959475e-02
141 173 -1.844192264091015e-02
141 181  3.441216651959475e-02
142 174 -1.844192264091015e-02
142 182  3.441216651959475e-02
143 175 -1.844192264091015e-02
143 183  3.441216651959475e-02
144 176 -1.844192264091015e-02
144 184  3.441216651959475e-02
145 169  4.029776755198782e-02
145 177 -2.846185816615620e-03
146 170  4.029776755198782e-02
146 178 -2.846185816615620e-03
147 171  4.029776755198782e-02
147 179 -2.846185816615620e-03
148 172  4.029776755198782e-02
148 180 -2.846185816615620e-03
149 173  4.029776755198782e-02
149 181 -2.846185816615620e-03
150 174  4.029776755198782e-02
150 182 -2.846185816615620e-03
151 175  4.029776755198782e-02
151 183 -2.846185816615620e-03
152 176  4.029776755198782e-02
152 184 -2.846185816615620e-03
153 185  2.199327608579602e-02
153 193  4.644315889245147e-02
154 186  2.199327608579602e-02
154 194  4.644315889245147e-02
155 187  2.199327608579602e-02
155 195  4.644315889245147e-02
156 188  2.199327608579602e-02
156 196  4.644315889245147e-02
157 189  2.199327608579602e-02
157 197  4.644315889245147e-02
158 190  2.199327608579602e-02
158 198  4.644315889245147e-02
159 191  2.199327608579602e-02
159 199  4.644315889245147e-02
160 192  2.199327608579602e-02
160 200  4.644315889245147e-02
161 185  2.796300438575841e-02
161 193  3.168526293965550e-02
162 186  2.796300438575841e-02
162 194  3.168526293965550e-02
163 187  2.796300438575841e-02
163 195  3.168526293965550e-02
164 188  2.796300438575841e-02
164 196  3.168526293965550e-02
165 189  2.796300438575841e-02
165 197  3.168526293965550e-02
166 190  2.796300438575841e-02
166 198  3.168526293965550e-02
167 191  2.796300438575841e-02
167 199  3.168526293965550e-02
168 192  2.796300438575841e-02
168 200  3.168526293965550e-02
169 201  6.173331946864142e-02
169 209  4.733528692919454e-02
170 202  6.173331946864142e-02
170 210  4.733528692919454e-02
171 203  6.173331946864142e-02
171 211  4.733528692919454e-02
172 204  6.173331946864142e-02
172 212  4.733528692919454e-02
173 205  6.173331946864142e-02
173 213  4.733528692919454e-02
174 206  6.173331946864142e-02
174 214  4.733528692919454e-02
175 207  6.173331946864142e-02
175 215  4.733528692919454e-02
176 208  6.173331946864142e-02
176 216  4.733528692919454e-02
177 201  2.140407323977209e-03
177 209  5.978495943652019e-02
178 202  2.140407323977209e-03
178 210  5.978495943652019e-02
179 203  2.140407323977209e-03
179 211  5.978495943652019e-02
180 204  2.140407323977209e-03
180 212  5.978495943652019e-02
181 205  2.140407323977209e-03
181 213  5.978495943652019e-02
182 206  2.140407323977209e-03
182 214  5.978495943652019e-02
183 207  2.140407323977209e-03
183 215  5.978495943652019e-02
184 208  2.140407323977209e-03
184 216  5.978495943652019e-02
185 217  8.840550292685635e-02
185 225  3.477750260310986e-02
186 218  8.840550292685635e-02
186 226  3.477750260310986e-02
187 219  8.840550292685635e-02
187 227  3.477750260310986e-02
188 220  8.840550292685635e-02
188 228  3.477750260310986e-02
189 221  8.840550292685635e-02
189 229  3.477750260310986e-02
190 222  8.840550292685635e-02
190 230  3.477750260310986e-02
191 223  8.840550292685635e-02
191 231  3.477750260310986e-02
192 224  8.840550292685635e-02
192 232  3.477750260310986e-02
193 217 -3.253137487711900e-02
193 225  6.517289066872635e-02
194 218 -3.253137487711900e-02
194 226  6.517289066872635e-02
195 219 -3.253137487711900e-02
195 227  6.517289066872635e-02
196 220 -3.253137487711900e-02
196 228  6.517289066872635e-02
197 221 -3.253137487711900e-02
197 229  6.517289066872635e-02
198 222 -3.253137487711900e-02
198 230  6.517289066872635e-02
199 223 -3.253137487711900e-02
199 231  6.517289066872635e-02
200 224 -3.253137487711900e-02
200 232  6.517289066872635e-02
201 233  8.552975411571333e-02
202 234  8.552975411571333e-02
203 235  8.552975411571333e-02
204 236  8.552975411571333e-02
205 237  8.552975411571333e-02
206 238  8.552975411571333e-02
207 239  8.552975411571333e-02
208 240  8.552975411571333e-02
209 233 -6.172394401708575e-02
210 234 -6.172394401708575e-02
211 235 -6.172394401708575e-02
212 236 -6.172394401708575e-02
213 237 -6.172394401708575e-02
214 238 -6.172394401708575e-02
215 239 -6.172394401708575e-02
216 240 -6.172394401708575e-02
1 41 -5.124469797397714e-02
1 49 -4.714244094158535e-02
2 42 -5.124469797397714e-02
2 50 -4.714244094158535e-02
3 43 -5.124469797397714e-02
3 51 -4.714244094158535e-02
4 44 -5.124469797397714e-02
4 52 -4.714244094158535e-02
5 45 -5.124469797397714e-02
5 53 -4.714244094158535e-02
6 46 -5.124469797397714e-02
6 54 -4.714244094158535e-02
7 47 -5.124469797397714e-02
7 55 -4.714244094158535e-02
8 48 -5.124469797397714e-02
8 56 -4.714244094158535e-02
9 57 -7.639108543750575e-02
9 65 -5.297237866499727e-02
10 58 -7.639108543750575e-02
10 66 -5.297237866499727e-02
11 59 -7.639108543750575e-02
11 67 -5.297237866499727e-02
12 60 -7.639108543750575e-02
12 68 -5.297237866499727e-02
13 61 -7.639108543750575e-02
13 69 -5.297237866499727e-02
14 62 -7.639108543750575e-02
14 70 -5.297237866499727e-02
15 63 -7.639108543750575e-02
15 71 -5.297237866499727e-02
16 64 -7.639108543750575e-02
16 72 -5.297237866499727e-02
17 57  1.878199804241328e-02
17 65 -4.244964199929300e-02
18 58  1.878199804241328e-02
18 66 -4.244964199929300e-02
19 59  1.878199804241328e-02
19 67 -4.244964199929300e-02
20 60  1.878199804241328e-02
20 68 -4.244964199929300e-02
21 61  1.878199804241328e-02
21 69 -4.244964199929300e-02
22 62  1.878199804241328e-02
22 70 -4.244964199929300e-02
23 63  1.878199804241328e-02
23 71 -4.244964199929300e-02
24 64  1.878199804241328e-02
24 72 -4.244964199929300e-02
25 73 -8.565150471701231e-02
25 81 -4.305358968973171e-02
26 74 -8.565150471701231e-02
26 82 -4.305358968973171e-02
27 75 -8.565150471701231e-02
27 83 -4.305358968973171e-02
28 76 -8.565150471701231e-02
28 84 -4.305358968973171e-02
29 77 -8.565150471701231e-02
29 85 -4.305358968973171e-02
30 78 -8.565150471701231e-02
30 86 -4.305358968973171e-02
31 79 -8.565150471701231e-02
31 87 -4.305358968973171e-02
32 80 -8.565150471701231e-02
32 88 -4.305358968973171e-02
33 73  3.301312436786618e-02
33 81 -5.956927829150784e-02
34 74  3.301312436786618e-02
34 82 -5.956927829150784e-02
35 75  3.301312436786618e-02
35 83 -5.956927829150784e-02
36 76  3.301312436786618e-02
36 84 -5.956927829150784e-02
37 77  3.301312436786618e-02
37 85 -5.956927829150784e-02
38 78  3.301312436786618e-02
38 86 -5.956927829150784e-02
39 79  3.301312436786618e-02
39 87 -5.956927829150784e-02
40 80  3.301312436786618e-02
40 88 -5.956927829150784e-02
41 89 -7.967821241055718e-02
41 97 -2.448369208398255e-02
42 90 -7.967821241055718e-02
42 98 -2.448369208398255e-02
43 91 -7.967821241055718e-02
43 99 -2.448369208398255e-02
44 92 -7.967821241055718e-02
44 100 -2.448369208398255e-02
45 93 -7.967821241055718e-02
45 101 -2.448369208398255e-02
46 94 -7.967821241055718e-02
46 102 -2.448369208398255e-02
47 95 -7.967821241055718e-02
47 103 -2.448369208398255e-02
48 96 -7.967821241055718e-02
48 104 -2.448369208398255e-02
49 89  4.331351022929446e-02
49 97 -6.117644522730308e-02
50 90  4.331351022929446e-02
50 98 -6.117644522730308e-02
51 91  4.331351022929446e-02
51 99 -6.117644522730308e-02
52 92  4.331351022929446e-02
52 100 -6.117644522730308e-02
53 93  4.331351022929446e-02
53 101 -6.117644522730308e-02
54 94  4.331351022929446e-02
54 102 -6.117644522730308e-02
55 95  4.331351022929446e-02
55 103 -6.117644522730308e-02
56 96  4.331351022929446e-02
56 104 -6.117644522730308e-02
57 105 -6.085523993502469e-02
57 113 -2.720410231553616e-03
58 106 -6.085523993502469e-02
58 114 -2.720410231553616e-03
59 107 -6.085523993502469e-02
59 115 -2.720410231553616e-03
60 108 -6.085523993502469e-02
60 116 -2.720410231553616e-03
61 109 -6.085523993502469e-02
61 117 -2.720410231553616e-03
62 110 -6.085523993502469e-02
62 118 -2.720410231553616e-03
63 111 -6.085523993502469e-02
63 119 -2.720410231553616e-03
64 112 -6.085523993502469e-02
64 120 -2.720410231553616e-03
65 105  4.757006808457449e-02
65 113 -4.918771268525883e-02
66 106  4.757006808457449e-02
66 114 -4.918771268525883e-02
67 107  4.757006808457449e-02
67 115 -4.918771268525883e-02
68 108  4.757006808457449e-02
68 116 -4.918771268525883e-02
69 109  4.757006808457449e-02
69 117 -4.918771268525883e-02
70 110  4.757006808457449e-02
70 118 -4.918771268525883e-02
71 111  4.757006808457449e-02
71 119 -4.918771268525883e-02
72 112  4.757006808457449e-02
72 120 -4.918771268525883e-02
73 121 -3.282287551548899e-02
73 129  1.797418199877904e-02
74 122 -3.282287551548899e-02
74 130  1.797418199877904e-02
75 123 -3.282287551548899e-02
75 131  1.797418199877904e-02
76 124 -3.282287551548899e-02
76 132  1.797418199877904e-02
77 125 -3.282287551548899e-02
77 133  1.797418199877904e-02
78 126 -3.282287551548899e-02
78 134  1.797418199877904e-02
79 127 -3.282287551548899e-02
79 135  1.797418199877904e-02
80 128 -3.282287551548899e-02
80 136  1.797418199877904e-02
81 121  4.464367177703730e-02
81 129 -2.722041087139059e-02
82 122  4.464367177703730e-02
82 130 -2.722041087139059e-02
83 123  4.464367177703730e-02
83 131 -2.722041087139059e-02
84 124  4.464367177703730e-02
84 132 -2.722041087139059e-02
85 125  4.464367177703730e-02
85 133 -2.722041087139059e-02
86 126  4.464367177703730e-02
86 134 -2.722041087139059e-02
87 127  4.464367177703730e-02
87 135 -2.722041087139059e-02
88 128  4.464367177703730e-02
88 136 -2.722041087139059e-02
89 145  3.444985096219112e-02
90 146  3.444985096219112e-02
91 147  3.444985096219112e-02
92 148  3.444985096219112e-02
93 149  3.444985096219112e-02
94 150  3.444985096219112e-02
95 151  3.444985096219112e-02
96 152  3.444985096219112e-02
97 137  3.444985096219112e-02
98 138  3.444985096219112e-02
99 139  3.444985096219112e-02
100 140  3.444985096219112e-02
101 141  3.444985096219112e-02
102 142  3.444985096219112e-02
103 143  3.444985096219112e-02
104 144  3.444985096219112e-02
105 153  3.282287551548899e-02
105 161  4.464367177703730e-02
106 154  3.282287551548899e-02
106 162  4.464367177703730e-02
107 155  3.282287551548899e-02
107 163  4.464367177703730e-02
108 156  3.282287551548899e-02
108 164  4.464367177703730e-02
109 157  3.282287551548899e-02
109 165  4.464367177703730e-02
110 158  3.282287551548899e-02
110 166  4.464367177703730e-02
111 159  3.282287551548899e-02
111 167  4.464367177703730e-02
112 160  3.282287551548899e-02
112 168  4.464367177703730e-02
113 153  1.797418199877904e-02
113 161  2.722041087139059e-02
114 154  1.797418199877904e-02
114 162  2.722041087139059e-02
115 155  1.797418199877904e-02
115 163  2.722041087139059e-02
116 156  1.797418199877904e-02
116 164  2.722041087139059e-02
117 157  1.797418199877904e-02
117 165  2.722041087139059e-02
118 158  1.797418199877904e-02
118 166  2.722041087139059e-02
119 159  1.797418199877904e-02
119 167  2.722041087139059e-02
120 160  1.797418199877904e-02
120 168  2.722041087139059e-02
121 169  6.085523993502469e-02
121 177  4.757006808457449e-02
122 170  6.085523993502469e-02
122 178  4.757006808457449e-02
123 171  6.085523993502469e-02
123 179  4.757006808457449e-02
124 172  6.085523993502469e-02
124 180  4.757006808457449e-02
125 173  6.085523993502469e-02
125 181  4.757006808457449e-02
126 174  6.085523993502469e-02
126 182  4.757006808457449e-02
127 175  6.085523993502469e-02
127 183  4.757006808457449e-02
128 176  6.085523993502469e-02
128 184  4.757006808457449e-02
129 169 -2.720410231553616e-03
129 177  4.918771268525883e-02
130 170 -2.720410231553616e-03
130 178  4.918771268525883e-02
131 171 -2.720410231553616e-03
131 179  4.918771268525883e-02
132 172 -2.720410231553616e-03
132 180  4.918771268525883e-02
133 173 -2.720410231553616e-03
133 181  4.918771268525883e-02
134 174 -2.720410231553616e-03
134 182  4.918771268525883e-02
135 175 -2.720410231553616e-03
135 183  4.918771268525883e-02
136 176 -2.720410231553616e-03
136 184  4.918771268525883e-02
137 185  7.967821241055718e-02
137 193  4.331351022929446e-02
138 186  7.967821241055718e-02
138 194  4.331351022929446e-02
139 187  7.967821241055718e-02
139 195  4.331351022929446e-02
140 188  7.967821241055718e-02
140 196  4.331351022929446e-02
141 189  7.967821241055718e-02
141 197  4.331351022929446e-02
142 190  7.967821241055718e-02
142 198  4.331351022929446e-02
143 191  7.967821241055718e-02
143 199  4.331351022929446e-02
144 192  7.967821241055718e-02
144 200  4.331351022929446e-02
145 185 -2.448369208398255e-02
145 193  6.117644522730308e-02
146 186 -2.448369208398255e-02
146 194  6.117644522730308e-02
147 187 -2.448369208398255e-02
147 195  6.117644522730308e-02
148 188 -2.448369208398255e-02
148 196  6.117644522730308e-02
149 189 -2.448369208398255e-02
149 197  6.117644522730308e-02
150 190 -2.448369208398255e-02
150 198  6.117644522730308e-02
151 191 -2.448369208398255e-02
151 199  6.117644522730308e-02
152 192 -2.448369208398255e-02
152 200  6.117644522730308e-02
153 201  8.565150471701231e-02
153 209  3.301312436786618e-02
154 202  8.565150471701231e-02
154 210  3.301312436786618e-02
155 203  8.565150471701231e-02
155 211  3.301312436786618e-02
156 204  8.565150471701231e-02
156 212  3.301312436786618e-02
157 205  8.565150471701231e-02
157 213  3.301312436786618e-02
158 206  8.565150471701231e-02
158 214  3.301312436786618e-02
159 207  8.565150471701231e-02
159 215  3.301312436786618e-02
160 208  8.565150471701231e-02
160 216  3.301312436786618e-02
161 201 -4.305358968973171e-02
161 209  5.956927829150784e-02
162 202 -4.305358968973171e-02
162 210  5.956927829150784e-02
163 203 -4.305358968973171e-02
163 211  5.956927829150784e-02
164 204 -4.305358968973171e-02
164 212  5.956927829150784e-02
165 205 -4.305358968973171e-02
165 213  5.956927829150784e-02
166 206 -4.305358968973171e-02
166 214  5.956927829150784e-02
167 207 -4.305358968973171e-02
167 215  5.956927829150784e-02
168 208 -4.305358968973171e-02
168 216  5.956927829150784e-02
169 217  7.639108543750575e-02
169 225  1.878199804241328e-02
170 218  7.639108543750575e-02
170 226  1.878199804241328e-02
171 219  7.639108543750575e-02
171 227  1.878199804241328e-02
172 220  7.639108543750575e-02
172 228  1.878199804241328e-02
173 221  7.639108543750575e-02
173 229  1.878199804241328e-02
174 222  7.639108543750575e-02
174 230  1.878199804241328e-02
175 223  7.639108543750575e-02
175 231  1.878199804241328e-02
176 224  7.639108543750575e-02
176 232  1.878199804241328e-02
177 217 -5.297237866499727e-02
177 225  4.244964199929300e-02
178 218 -5.297237866499727e-02
178 226  4.244964199929300e-02
179 219 -5.297237866499727e-02
179 227  4.244964199929300e-02
180 220 -5.297237866499727e-02
180 228  4.244964199929300e-02
181 221 -5.297237866499727e-02
181 229  4.244964199929300e-02
182 222 -5.297237866499727e-02
182 230  4.244964199929300e-02
183 223 -5.297237866499727e-02
183 231  4.244964199929300e-02
184 224 -5.297237866499727e-02
184 232  4.244964199929300e-02
185 233  5.124469797397714e-02
186 234  5.124469797397714e-02
187 235  5.124469797397714e-02
188 236  5.124469797397714e-02
189 237  5.124469797397714e-02
190 238  5.124469797397714e-02
191 239  5.124469797397714e-02
192 240  5.124469797397714e-02
193 233 -4.714244094158535e-02
194 234 -4.714244094158535e-02
195 235 -4.714244094158535e-02
196 236 -4.714244094158535e-02
197 237 -4.714244094158535e-02
198 238 -4.714244094158535e-02
199 239 -4.714244094158535e-02
200 240 -4.714244094158535e-02
1 57  2.092056034321315e-02
1 65  2.321133337561952e-02
2 58  2.092056034321315e-02
2 66  2.321133337561952e-02
3 59  2.092056034321315e-02
3 67  2.321133337561952e-02
4 60  2.092056034321315e-02
4 68  2.321133337561952e-02
5 61  2.092056034321315e-02
5 69  2.321133337561952e-02
6 62  2.092056034321315e-02
6 70  2.321133337561952e-02
7 63  2.092056034321315e-02
7 71  2.321133337561952e-02
8 64  2.092056034321315e-02
8 72  2.321133337561952e-02
9 73  4.005982316408903e-02
9 81  3.790394867993390e-02
10 74  4.005982316408903e-02
10 82  3.790394867993390e-02
11 75  4.005982316408903e-02
11 83  3.790394867993390e-02
12 76  4.005982316408903e-02
12 84  3.790394867993390e-02
13 77  4.005982316408903e-02
13 85  3.790394867993390e-02
14 78  4.005982316408903e-02
14 86  3.790394867993390e-02
15 79  4.005982316408903e-02
15 87  3.790394867993390e-02
16 80  4.005982316408903e-02
16 88  3.790394867993390e-02
17 73 -7.163172993890005e-03
17 81  1.898405702618984e-02
18 74 -7.163172993890005e-03
18 82  1.898405702618984e-02
19 75 -7.163172993890005e-03
19 83  1.898405702618984e-02
20 76 -7.163172993890005e-03
20 84  1.898405702618984e-02
21 77 -7.163172993890005e-03
21 85  1.898405702618984e-02
22 78 -7.163172993890005e-03
22 86  1.898405702618984e-02
23 79 -7.163172993890005e-03
23 87  1.898405702618984e-02
24 80 -7.163172993890005e-03
24 88  1.898405702618984e-02
25 89  5.864157652220973e-02
25 97  4.805202524678621e-02
26 90  5.864157652220973e-02
26 98  4.805202524678621e-02
27 91  5.864157652220973e-02
27 99  4.805202524678621e-02
28 92  5.864157652220973e-02
28 100  4.805202524678621e-02
29 93  5.864157652220973e-02
29 101  4.805202524678621e-02
30 94  5.864157652220973e-02
30 102  4.805202524678621e-02
31 95  5.864157652220973e-02
31 103  4.805202524678621e-02
32 96  5.864157652220973e-02
32 104  4.805202524678621e-02
33 89 -1.538896417872663e-02
33 97  3.532023712004783e-02
34 90 -1.538896417872663e-02
34 98  3.532023712004783e-02
35 91 -1.538896417872663e-02
35 99  3.532023712004783e-02
36 92 -1.538896417872663e-02
36 100  3.532023712004783e-02
37 93 -1.538896417872663e-02
37 101  3.532023712004783e-02
38 94 -1.538896417872663e-02
38 102  3.532023712004783e-02
39 95 -1.538896417872663e-02
39 103  3.532023712004783e-02
40 96 -1.538896417872663e-02
40 104  3.532023712004783e-02
41 105  7.453214300772611e-02
41 113  5.330893566682395e-02
42 106  7.453214300772611e-02
42 114  5.330893566682395e-02
43 107  7.453214300772611e-02
43 115  5.330893566682395e-02
44 108  7.453214300772611e-02
44 116  5.330893566682395e-02
45 109  7.453214300772611e-02
45 117  5.330893566682395e-02
46 110  7.453214300772611e-02
46 118  5.330893566682395e-02
47 111  7.453214300772611e-02
47 119  5.330893566682395e-02
48 112  7.453214300772611e-02
48 120  5.330893566682395e-02
49 105 -2.493297161485358e-02
49 113  4.995035836140527e-02
50 106 -2.493297161485358e-02
50 114  4.995035836140527e-02
51 107 -2.493297161485358e-02
51 115  4.995035836140527e-02
52 108 -2.493297161485358e-02
52 116  4.995035836140527e-02
53 109 -2.493297161485358e-02
53 117  4.995035836140527e-02
54 110 -2.493297161485358e-02
54 118  4.995035836140527e-02
55 111 -2.493297161485358e-02
55 119  4.995035836140527e-02
56 112 -2.493297161485358e-02
56 120  4.995035836140527e-02
57 121  8.606230565758070e-02
57 129  5.386137462554319e-02
58 122  8.606230565758070e-02
58 130  5.386137462554319e-02
59 123  8.606230565758070e-02
59 131  5.386137462554319e-02
60 124  8.606230565758070e-02
60 132  5.386137462554319e-02
61 125  8.606230565758070e-02
61 133  5.386137462554319e-02
62 126  8.606230565758070e-02
62 134  5.386137462554319e-02
63 127  8.606230565758070e-02
63 135  5.386137462554319e-02
64 128  8.606230565758070e-02
64 136  5.386137462554319e-02
65 121 -3.472218603778929e-02
65 129  6.086668908390364e-02
66 122 -3.472218603778929e-02
66 130  6.086668908390364e-02
67 123 -3.472218603778929e-02
67 131  6.086668908390364e-02
68 124 -3.472218603778929e-02
68 132  6.086668908390364e-02
69 125 -3.472218603778929e-02
69 133  6.086668908390364e-02
70 126 -3.472218603778929e-02
70 134  6.086668908390364e-02
71 127 -3.472218603778929e-02
71 135  6.086668908390364e-02
72 128 -3.472218603778929e-02
72 136  6.086668908390364e-02
73 137  9.210896597076820e-02
73 145  5.031722793248834e-02
74 138  9.210896597076820e-02
74 146  5.031722793248834e-02
75 139  9.210896597076820e-02
75 147  5.031722793248834e-02
76 140  9.210896597076820e-02
76 148  5.031722793248834e-02
77 141  9.210896597076820e-02
77 149  5.031722793248834e-02
78 142  9.210896597076820e-02
78 150  5.031722793248834e-02
79 143  9.210896597076820e-02
79 151  5.031722793248834e-02
80 144  9.210896597076820e-02
80 152  5.031722793248834e-02
81 137 -4.357599763754685e-02
81 145  6.667611722381496e-02
82 138 -4.357599763754685e-02
82 146  6.667611722381496e-02
83 139 -4.357599763754685e-02
83 147  6.667611722381496e-02
84 140 -4.357599763754685e-02
84 148  6.667611722381496e-02
85 141 -4.357599763754685e-02
85 149  6.667611722381496e-02
86 142 -4.357599763754685e-02
86 150  6.667611722381496e-02
87 143 -4.357599763754685e-02
87 151  6.667611722381496e-02
88 144 -4.357599763754685e-02
88 152  6.667611722381496e-02
89 153  9.210896597076820e-02
89 161  4.357599763754685e-02
90 154  9.210896597076820e-02
90 162  4.357599763754685e-02
91 155  9.210896597076820e-02
91 163  4.357599763754685e-02
92 156  9.210896597076820e-02
92 164  4.357599763754685e-02
93 157  9.210896597076820e-02
93 165  4.357599763754685e-02
94 158  9.210896597076820e-02
94 166  4.357599763754685e-02
95 159  9.210896597076820e-02
95 167  4.357599763754685e-02
96 160  9.210896597076820e-02
96 168  4.357599763754685e-02
97 153 -5.031722793248834e-02
97 161  6.667611722381496e-02
98 154 -5.031722793248834e-02
98 162  6.667611722381496e-02
99 155 -5.031722793248834e-02
99 163  6.667611722381496e-02
100 156 -5.031722793248834e-02
100 164  6.667611722381496e-02
101 157 -5.031722793248834e-02
101 165  6.667611722381496e-02
102 158 -5.031722793248834e-02
102 166  6.667611722381496e-02
103 159 -5.031722793248834e-02
103 167  6.667611722381496e-02
104 160 -5.031722793248834e-02
104 168  6.667611722381496e-02
105 169  8.606230565758070e-02
105 177  3.472218603778929e-02
106 170  8.606230565758070e-02
106 178  3.472218603778929e-02
107 171  8.606230565758070e-02
107 179  3.472218603778929e-02
108 172  8.606230565758070e-02
108 180  3.472218603778929e-02
109 173  8.606230565758070e-02
109 181  3.472218603778929e-02
110 174  8.606230565758070e-02
110 182  3.472218603778929e-02
111 175  8.606230565758070e-02
111 183  3.472218603778929e-02
112 176  8.606230565758070e-02
112 184  3.472218603778929e-02
113 169 -5.386137462554319e-02
113 177  6.086668908390364e-02
114 170 -5.386137462554319e-02
114 178  6.086668908390364e-02
115 171 -5.386137462554319e-02
115 179  6.086668908390364e-02
116 172 -5.386137462554319e-02
116 180  6.086668908390364e-02
117 173 -5.386137462554319e-02
117 181  6.086668908390364e-02
118 174 -5.386137462554319e-02
118 182  6.086668908390364e-02
119 175 -5.386137462554319e-02
119 183  6.086668908390364e-02
120 176 -5.386137462554319e-02
120 184  6.086668908390364e-02
121 185  7.453214300772611e-02
121 193  2.493297161485358e-02
122 186  7.453214300772611e-02
122 194  2.493297161485358e-02
123 187  7.453214300772611e-02
123 195  2.493297161485358e-02
124 188  7.453214300772611e-02
124 196  2.493297161485358e-02
125 189  7.453214300772611e-02
125 197  2.493297161485358e-02
126 190  7.453214300772611e-02
126 198  2.493297161485358e-02
127 191  7.453214300772611e-02
127 199  2.493297161485358e-02
128 192  7.453214300772611e-02
128 200  2.493297161485358e-02
129 185 -5.330893566682395e-02
129 193  4.995035836140527e-02
130 186 -5.330893566682395e-02
130 194  4.995035836140527e-02
131 187 -5.330893566682395e-02
131 195  4.995035836140527e-02
132 188 -5.330893566682395e-02
132 196  4.995035836140527e-02
133 189 -5.330893566682395e-02
133 197  4.995035836140527e-02
134 190 -5.330893566682395e-02
134 198  4.995035836140527e-02
135 191 -5.330893566682395e-02
135 199  4.995035836140527e-02
136 192 -5.330893566682395e-02
136 200  4.995035836140527e-02
137 201  5.864157652220973e-02
137 209  1.538896417872663e-02
138 202  5.864157652220973e-02
138 210  1.538896417872663e-02
139 203  5.864157652220973e-02
139 211  1.538896417872663e-02
140 204  5.864157652220973e-02
140 212  1.538896417872663e-02
141 205  5.864157652220973e-02
141 213  1.538896417872663e-02
142 206  5.864157652220973e-02
142 214  1.538896417872663e-02
143 207  5.864157652220973e-02
143 215  1.538896417872663e-02
144 208  5.864157652220973e-02
144 216  1.538896417872663e-02
145 201 -4.805202524678621e-02
145 209  3.532023712004783e-02
146 202 -4.805202524678621e-02
146 210  3.532023712004783e-02
147 203 -4.805202524678621e-02
147 211  3.532023712004783e-02
148 204 -4.805202524678621e-02
148 212  3.532023712004783e-02
149 205 -4.805202524678621e-02
149 213  3.532023712004783e-02
150 206 -4.805202524678621e-02
150 214  3.532023712004783e-02
151 207 -4.805202524678621e-02
151 215  3.532023712004783e-02
152 208 -4.805202524678621e-02
152 216  3.532023712004783e-02
153 217  4.005982316408903e-02
153 225  7.163172993890005e-03
154 218  4.005982316408903e-02
154 226  7.163172993890005e-03
155 219  4.005982316408903e-02
155 227  7.163172993890005e-03
156 220  4.005982316408903e-02
156 228  7.163172993890005e-03
157 221  4.005982316408903e-02
157 229  7.163172993890005e-03
158 222  4.005982316408903e-02
158 230  7.163172993890005e-03
159 223  4.005982316408903e-02
159 231  7.163172993890005e-03
160 224  4.005982316408903e-02
160 232  7.163172993890005e-03
161 217 -3.790394867993390e-02
161 225  1.898405702618984e-02
162 218 -3.790394867993390e-02
162 226  1.898405702618984e-02
163 219 -3.790394867993390e-02
163 227  1.898405702618984e-02
164 220 -3.790394867993390e-02
164 228  1.898405702618984e-02
165 221 -3.790394867993390e-02
165 229  1.898405702618984e-02
166 222 -3.790394867993390e-02
166 230  1.898405702618984e-02
167 223 -3.790394867993390e-02
167 231  1.898405702618984e-02
168 224 -3.790394867993390e-02
168 232  1.898405702618984e-02
169 233  2.092056034321315e-02
170 234  2.092056034321315e-02
171 235  2.092056034321315e-02
172 236  2.092056034321315e-02
173 237  2.092056034321315e-02
174 238  2.092056034321315e-02
175 239  2.092056034321315e-02
176 240  2.092056034321315e-02
177 233 -2.321133337561952e-02
178 234 -2.321133337561952e-02
179 235 -2.321133337561952e-02
180 236 -2.321133337561952e-02
181 237 -2.321133337561952e-02
182 238 -2.321133337561952e-02
183 239 -2.321133337561952e-02
184 240 -2.321133337561952e-02
1 1  1.126763860830814e-01
2 2  1.126763860830814e-01
3 3  1.126763860830814e-01
4 4  1.126763860830814e-01
5 5  1.126763860830814e-01
6 6  1.126763860830814e-01
7 7  1.126763860830814e-01
8 8  1.126763860830814e-01
9 9 -2.028174949495466e-01
9 17 -1.607260753373653e-01
10 10 -2.028174949495466e-01
10 18 -1.607260753373653e-01
11 11 -2.028174949495466e-01
11 19 -1.607260753373653e-01
12 12 -2.028174949495466e-01
12 20 -1.607260753373653e-01
13 13 -2.028174949495466e-01
13 21 -1.607260753373653e-01
14 14 -2.028174949495466e-01
14 22 -1.607260753373653e-01
15 15 -2.028174949495466e-01
15 23 -1.607260753373653e-01
16 16 -2.028174949495466e-01
16 24 -1.607260753373653e-01
17 17  3.441574431384531e-02
18 18  3.441574431384531e-02
19 19  3.441574431384531e-02
20 20  3.441574431384531e-02
21 21  3.441574431384531e-02
22 22  3.441574431384531e-02
23 23  3.441574431384531e-02
24 24  3.441574431384531e-02
25 25 -6.760583164984886e-02
25 33  1.179406953493893e-01
26 26 -6.760583164984886e-02
26 34  1.179406953493893e-01
27 27 -6.760583164984886e-02
27 35  1.179406953493893e-01
28 28 -6.760583164984886e-02
28 36  1.179406953493893e-01
29 29 -6.760583164984886e-02
29 37  1.179406953493893e-01
30 30 -6.760583164984886e-02
30 38  1.179406953493893e-01
31 31 -6.760583164984886e-02
31 39  1.179406953493893e-01
32 32 -6.760583164984886e-02
32 40  1.179406953493893e-01
33 33 -7.677358346934722e-02
34 34 -7.677358346934722e-02
35 35 -7.677358346934722e-02
36 36 -7.677358346934722e-02
37 37 -7.677358346934722e-02
38 38 -7.677358346934722e-02
39 39 -7.677358346934722e-02
40 40 -7.677358346934722e-02
41 41  1.022754889061816e-01
41 49  1.387804400845933e-01
42 42  1.022754889061816e-01
42 50  1.387804400845933e-01
43 43  1.022754889061816e-01
43 51  1.387804400845933e-01
44 44  1.022754889061816e-01
44 52  1.387804400845933e-01
45 45  1.022754889061816e-01
45 53  1.387804400845933e-01
46 46  1.022754889061816e-01
46 54  1.387804400845933e-01
47 47  1.022754889061816e-01
47 55  1.387804400845933e-01
48 48  1.022754889061816e-01
48 56  1.387804400845933e-01
49 49 -2.647364947218870e-03
50 50 -2.647364947218870e-03
51 51 -2.647364947218870e-03
52 52 -2.647364947218870e-03
53 53 -2.647364947218870e-03
54 54 -2.647364947218870e-03
55 55 -2.647364947218870e-03
56 56 -2.647364947218870e-03
57 57  1.508130090650474e-01
57 65  1.394795903033317e-02
58 58  1.508130090650474e-01
58 66  1.394795903033317e-02
59 59  1.508130090650474e-01
59 67  1.394795903033317e-02
60 60  1.508130090650474e-01
60 68  1.394795903033317e-02
61 61  1.508130090650474e-01
61 69  1.394795903033317e-02
62 62  1.508130090650474e-01
62 70  1.394795903033317e-02
63 63  1.508130090650474e-01
63 71  1.394795903033317e-02
64 64  1.508130090650474e-01
64 72  1.394795903033317e-02
65 65  5.463198572897122e-02
66 66  5.463198572897122e-02
67 67  5.463198572897122e-02
68 68  5.463198572897122e-02
69 69  5.463198572897122e-02
70 70  5.463198572897122e-02
71 71  5.463198572897122e-02
72 72  5.463198572897122e-02
73 73  7.800672882674868e-02
73 81 -1.040800199938008e-01
74 74  7.800672882674868e-02
74 82 -1.040800199938008e-01
75 75  7.800672882674868e-02
75 83 -1.040800199938008e-01
76 76  7.800672882674868e-02
76 84 -1.040800199938008e-01
77 77  7.800672882674868e-02
77 85 -1.040800199938008e-01
78 78  7.800672882674868e-02
78 86 -1.040800199938008e-01
79 79  7.800672882674868e-02
79 87 -1.040800199938008e-01
80 80  7.800672882674868e-02
80 88 -1.040800199938008e-01
81 81  4.452386502140827e-02
82 82  4.452386502140827e-02
83 83  4.452386502140827e-02
84 84  4.452386502140827e-02
85 85  4.452386502140827e-02
86 86  4.452386502140827e-02
87 87  4.452386502140827e-02
88 88  4.452386502140827e-02
89 89 -4.333707157041593e-02
89 97 -1.287656304871768e-01
90 90 -4.333707157041593e-02
90 98 -1.287656304871768e-01
91 91 -4.333707157041593e-02
91 99 -1.287656304871768e-01
92 92 -4.333707157041593e-02
92 100 -1.287656304871768e-01
93 93 -4.333707157041593e-02
93 101 -1.287656304871768e-01
94 94 -4.333707157041593e-02
94 102 -1.287656304871768e-01
95 95 -4.333707157041593e-02
95 103 -1.287656304871768e-01
96 96 -4.333707157041593e-02
96 104 -1.287656304871768e-01
97 97 -6.016738516406522e-03
98 98 -6.016738516406522e-03
99 99 -6.016738516406522e-03
100 100 -6.016738516406522e-03
101 101 -6.016738516406522e-03
102 102 -6.016738516406522e-03
103 103 -6.016738516406522e-03
104 104 -6.016738516406522e-03
105 105 -1.300112147112478e-01
105 113 -5.619792843963821e-02
106 106 -1.300112147112478e-01
106 114 -5.619792843963821e-02
107 107 -1.300112147112478e-01
107 115 -5.619792843963821e-02
108 108 -1.300112147112478e-01
108 116 -5.619792843963821e-02
109 109 -1.300112147112478e-01
109 117 -5.619792843963821e-02
110 110 -1.300112147112478e-01
110 118 -5.619792843963821e-02
111 111 -1.300112147112478e-01
111 119 -5.619792843963821e-02
112 112 -1.300112147112478e-01
112 120 -5.619792843963821e-02
113 113 -4.813390813125218e-02
114 114 -4.813390813125218e-02
115 115 -4.813390813125218e-02
116 116 -4.813390813125218e-02
117 117 -4.813390813125218e-02
118 118 -4.813390813125218e-02
119 119 -4.813390813125218e-02
120 120 -4.813390813125218e-02
121 121 -1.300112147112478e-01
121 129  5.619792843963821e-02
122 122 -1.300112147112478e-01
122 130  5.619792843963821e-02
123 123 -1.300112147112478e-01
123 131  5.619792843963821e-02
124 124 -1.300112147112478e-01
124 132  5.619792843963821e-02
125 125 -1.300112147112478e-01
125 133  5.619792843963821e-02
126 126 -1.300112147112478e-01
126 134  5.619792843963821e-02
127 127 -1.300112147112478e-01
127 135  5.619792843963821e-02
128 128 -1.300112147112478e-01
128 136  5.619792843963821e-02
129 129 -4.813390813125218e-02
130 130 -4.813390813125218e-02
131 131 -4.813390813125218e-02
132 132 -4.813390813125218e-02
133 133 -4.813390813125218e-02
134 134 -4.813390813125218e-02
135 135 -4.813390813125218e-02
136 136 -4.813390813125218e-02
137 137 -4.333707157041593e-02
137 145  1.287656304871768e-01
138 138 -4.333707157041593e-02
138 146  1.287656304871768e-01
139 139 -4.333707157041593e-02
139 147  1.287656304871768e-01
140 140 -4.333707157041593e-02
140 148  1.287656304871768e-01
141 141 -4.333707157041593e-02
141 149  1.287656304871768e-01
142 142 -4.333707157041593e-02
142 150  1.287656304871768e-01
143 143 -4.333707157041593e-02
143 151  1.287656304871768e-01
144 144 -4.333707157041593e-02
144 152  1.287656304871768e-01
145 145 -6.016738516406522e-03
146 146 -6.016738516406522e-03
147 147 -6.016738516406522e-03
148 148 -6.016738516406522e-03
149 149 -6.016738516406522e-03
150 150 -6.016738516406522e-03
151 151 -6.016738516406522e-03
152 152 -6.016738516406522e-03
153 153  7.800672882674868e-02
153 161  1.040800199938008e-01
154 154  7.800672882674868e-02
154 162  1.040800199938008e-01
155 155  7.800672882674868e-02
155 163  1.040800199938008e-01
156 156  7.800672882674868e-02
156 164  1.040800199938008e-01
157 157  7.800672882674868e-02
157 165  1.040800199938008e-01
158 158  7.800672882674868e-02
158 166  1.040800199938008e-01
159 159  7.800672882674868e-02
159 167  1.040800199938008e-01
160 160  7.800672882674868e-02
160 168  1.040800199938008e-01
161 161  4.452386502140827e-02
162 162  4.452386502140827e-02
163 163  4.452386502140827e-02
164 164  4.452386502140827e-02
165 165  4.452386502140827e-02
166 166  4.452386502140827e-02
167 167  4.452386502140827e-02
168 168  4.452386502140827e-02
169 169  1.508130090650474e-01
169 177 -1.394795903033317e-02
170 170  1.508130090650474e-01
170 178 -1.394795903033317e-02
171 171  1.508130090650474e-01
171 179 -1.394795903033317e-02
172 172  1.508130090650474e-01
172 180 -1.394795903033317e-02
173 173  1.508130090650474e-01
173 181 -1.394795903033317e-02
174 174  1.508130090650474e-01
174 182 -1.394795903033317e-02
175 175  1.508130090650474e-01
175 183 -1.394795903033317e-02
176 176  1.508130090650474e-01
176 184 -1.394795903033317e-02
177 177  5.463198572897122e-02
178 178  5.463198572897122e-02
179 179  5.463198572897122e-02
180 180  5.463198572897122e-02
181 181  5.463198572897122e-02
182 182  5.463198572897122e-02
183 183  5.463198572897122e-02
184 184  5.463198572897122e-02
185 185  1.022754889061816e-01
185 193 -1.387804400845933e-01
186 186  1.022754889061816e-01
186 194 -1.387804400845933e-01
187 187  1.022754889061816e-01
187 195 -1.387804400845933e-01
188 188  1.022754889061816e-01
188 196 -1.387804400845933e-01
189 189  1.022754889061816e-01
189 197 -1.387804400845933e-01
190 190  1.022754889061816e-01
190 198 -1.387804400845933e-01
191 191  1.022754889061816e-01
191 199 -1.387804400845933e-01
192 192  1.022754889061816e-01
192 200 -1.387804400845933e-01
193 193 -2.647364947218870e-03
194 194 -2.647364947218870e-03
195 195 -2.647364947218870e-03
196 196 -2.647364947218870e-03
197 197 -2.647364947218870e-03
198 198 -2.647364947218870e-03
199 199 -2.647364947218870e-03
200 200 -2.647364947218870e-03
201 201 -6.760583164984886e-02
201 209 -1.179406953493893e-01
202 202 -6.760583164984886e-02
202 210 -1.179406953493893e-01
203 203 -6.760583164984886e-02
203 211 -1.179406953493893e-01
204 204 -6.760583164984886e-02
204 212 -1.179406953493893e-01
205 205 -6.760583164984886e-02
205 213 -1.179406953493893e-01
206 206 -6.760583164984886e-02
206 214 -1.179406953493893e-01
207 207 -6.760583164984886e-02
207 215 -1.179406953493893e-01
208 208 -6.760583164984886e-02
208 216 -1.179406953493893e-01
209 209 -7.677358346934722e-02
210 210 -7.677358346934722e-02
211 211 -7.677358346934722e-02
212 212 -7.677358346934722e-02
213 213 -7.677358346934722e-02
214 214 -7.677358346934722e-02
215 215 -7.677358346934722e-02
216 216 -7.677358346934722e-02
217 217 -2.028174949495466e-01
217 225  1.607260753373653e-01
218 218 -2.028174949495466e-01
218 226  1.607260753373653e-01
219 219 -2.028174949495466e-01
219 227  1.607260753373653e-01
220 220 -2.028174949495466e-01
220 228  1.607260753373653e-01
221 221 -2.028174949495466e-01
221 229  1.607260753373653e-01
222 222 -2.028174949495466e-01
222 230  1.607260753373653e-01
223 223 -2.028174949495466e-01
223 231  1.607260753373653e-01
224 224 -2.028174949495466e-01
224 232  1.607260753373653e-01
225 225  3.441574431384531e-02
226 226  3.441574431384531e-02
227 227  3.441574431384531e-02
228 228  3.441574431384531e-02
229 229  3.441574431384531e-02
230 230  3.441574431384531e-02
231 231  3.441574431384531e-02
232 232  3.441574431384531e-02
233 233  1.126763860830814e-01
234 234  1.126763860830814e-01
235 235  1.126763860830814e-01
236 236  1.126763860830814e-01
237 237  1.126763860830814e-01
238 238  1.126763860830814e-01
239 239  1.126763860830814e-01
240 240  1.126763860830814e-01
1 9 -1.885436563400693e-01
1 17 -9.605220175462703e-02
2 10 -1.885436563400693e-01
2 18 -9.605220175462703e-02
3 11 -1.885436563400693e-01
3 19 -9.605220175462703e-02
4 12 -1.885436563400693e-01
4 20 -9.605220175462703e-02
5 13 -1.885436563400693e-01
5 21 -9.605220175462703e-02
6 14 -1.885436563400693e-01
6 22 -9.605220175462703e-02
7 15 -1.885436563400693e-01
7 23 -9.605220175462703e-02
8 16 -1.885436563400693e-01
8 24 -9.605220175462703e-02
9 25  1.103998607857541e-01
9 33  1.857179079739573e-01
10 26  1.103998607857541e-01
10 34  1.857179079739573e-01
11 27  1.103998607857541e-01
11 35  1.857179079739573e-01
12 28  1.103998607857541e-01
12 36  1.857179079739573e-01
13 29  1.103998607857541e-01
13 37  1.857179079739573e-01
14 30  1.103998607857541e-01
14 38  1.857179079739573e-01
15 31  1.103998607857541e-01
15 39  1.857179079739573e-01
16 32  1.103998607857541e-01
16 40  1.857179079739573e-01
17 25  1.968484364683363e-01
17 33 -6.186003132406814e-02
18 26  1.968484364683363e-01
18 34 -6.186003132406814e-02
19 27  1.968484364683363e-01
19 35 -6.186003132406814e-02
20 28  1.968484364683363e-01
20 36 -6.186003132406814e-02
21 29  1.968484364683363e-01
21 37 -6.186003132406814e-02
22 30  1.968484364683363e-01
22 38 -6.186003132406814e-02
23 31  1.968484364683363e-01
23 39 -6.186003132406814e-02
24 32  1.968484364683363e-01
24 40 -6.186003132406814e-02
25 41  1.637017366083360e-01
25 49  4.457739276407374e-02
26 42  1.637017366083360e-01
26 50  4.457739276407374e-02
27 43  1.637017366083360e-01
27 51  4.457739276407374e-02
28 44  1.637017366083360e-01
28 52  4.457739276407374e-02
29 45  1.637017366083360e-01
29 53  4.457739276407374e-02
30 46  1.637017366083360e-01
30 54  4.457739276407374e-02
31 47  1.637017366083360e-01
31 55  4.457739276407374e-02
32 48  1.637017366083360e-01
32 56  4.457739276407374e-02
33 41 -8.742345983426993e-03
33 49  5.603415423976613e-02
34 42 -8.742345983426993e-03
34 50  5.603415423976613e-02
35 43 -8.742345983426993e-03
35 51  5.603415423976613e-02
36 44 -8.742345983426993e-03
36 52  5.603415423976613e-02
37 45 -8.742345983426993e-03
37 53  5.603415423976613e-02
38 46 -8.742345983426993e-03
38 54  5.603415423976613e-02
39 47 -8.742345983426993e-03
39 55  5.603415423976613e-02
40 48 -8.742345983426993e-03
40 56  5.603415423976613e-02
41 57  5.188879166803128e-02
41 65 -1.081047167251232e-01
42 58  5.188879166803128e-02
42 66 -1.081047167251232e-01
43 59  5.188879166803128e-02
43 67 -1.081047167251232e-01
44 60  5.188879166803128e-02
44 68 -1.081047167251232e-01
45 61  5.188879166803128e-02
45 69 -1.081047167251232e-01
46 62  5.188879166803128e-02
46 70 -1.081047167251232e-01
47 63  5.188879166803128e-02
47 71 -1.081047167251232e-01
48 64  5.188879166803128e-02
48 72 -1.081047167251232e-01
49 57 -1.359989868239244e-01
49 65  5.077271775327034e-02
50 58 -1.359989868239244e-01
50 66  5.077271775327034e-02
51 59 -1.359989868239244e-01
51 67  5.077271775327034e-02
52 60 -1.359989868239244e-01
52 68  5.077271775327034e-02
53 61 -1.359989868239244e-01
53 69  5.077271775327034e-02
54 62 -1.359989868239244e-01
54 70  5.077271775327034e-02
55 63 -1.359989868239244e-01
55 71  5.077271775327034e-02
56 64 -1.359989868239244e-01
56 72  5.077271775327034e-02
57 73 -8.331544965022039e-02
57 81 -1.327151887930565e-01
58 74 -8.331544965022039e-02
58 82 -1.327151887930565e-01
59 75 -8.331544965022039e-02
59 83 -1.327151887930565e-01
60 76 -8.331544965022039e-02
60 84 -1.327151887930565e-01
61 77 -8.331544965022039e-02
61 85 -1.327151887930565e-01
62 78 -8.331544965022039e-02
62 86 -1.327151887930565e-01
63 79 -8.331544965022039e-02
63 87 -1.327151887930565e-01
64 80 -8.331544965022039e-02
64 88 -1.327151887930565e-01
65 73 -1.175329661065605e-01
65 81 -9.864515735883270e-03
66 74 -1.175329661065605e-01
66 82 -9.864515735883270e-03
67 75 -1.175329661065605e-01
67 83 -9.864515735883270e-03
68 76 -1.175329661065605e-01
68 84 -9.864515735883270e-03
69 77 -1.175329661065605e-01
69 85 -9.864515735883270e-03
70 78 -1.175329661065605e-01
70 86 -9.864515735883270e-03
71 79 -1.175329661065605e-01
71 87 -9.864515735883270e-03
72 80 -1.175329661065605e-01
72 88 -9.864515735883270e-03
73 89 -1.450335818000533e-01
73 97 -4.617130963717642e-02
74 90 -1.450335818000533e-01
74 98 -4.617130963717642e-02
75 91 -1.450335818000533e-01
75 99 -4.617130963717642e-02
76 92 -1.450335818000533e-01
76 100 -4.617130963717642e-02
77 93 -1.450335818000533e-01
77 101 -4.617130963717642e-02
78 94 -1.450335818000533e-01
78 102 -4.617130963717642e-02
79 95 -1.450335818000533e-01
79 103 -4.617130963717642e-02
80 96 -1.450335818000533e-01
80 104 -4.617130963717642e-02
81 89 -8.885672682620456e-03
81 97 -5.231449477473350e-02
82 90 -8.885672682620456e-03
82 98 -5.231449477473350e-02
83 91 -8.885672682620456e-03
83 99 -5.231449477473350e-02
84 92 -8.885672682620456e-03
84 100 -5.231449477473350e-02
85 93 -8.885672682620456e-03
85 101 -5.231449477473350e-02
86 94 -8.885672682620456e-03
86 102 -5.231449477473350e-02
87 95 -8.885672682620456e-03
87 103 -5.231449477473350e-02
88 96 -8.885672682620456e-03
88 104 -5.231449477473350e-02
89 105 -1.061537122939943e-01
89 113  6.882812463927843e-02
90 106 -1.061537122939943e-01
90 114  6.882812463927843e-02
91 107 -1.061537122939943e-01
91 115  6.882812463927843e-02
92 108 -1.061537122939943e-01
92 116  6.882812463927843e-02
93 109 -1.061537122939943e-01
93 117  6.882812463927843e-02
94 110 -1.061537122939943e-01
94 118  6.882812463927843e-02
95 111 -1.061537122939943e-01
95 119  6.882812463927843e-02
96 112 -1.061537122939943e-01
96 120  6.882812463927843e-02
97 105  9.762693295994120e-02
97 113 -4.502514822839950e-02
98 106  9.762693295994120e-02
98 114 -4.502514822839950e-02
99 107  9.762693295994120e-02
99 115 -4.502514822839950e-02
100 108  9.762693295994120e-02
100 116 -4.502514822839950e-02
101 109  9.762693295994120e-02
101 117 -4.502514822839950e-02
102 110  9.762693295994120e-02
102 118 -4.502514822839950e-02
103 111  9.762693295994120e-02
103 119 -4.502514822839950e-02
104 112  9.762693295994120e-02
104 120 -4.502514822839950e-02
105 121  7.370015795037467e-22
105 129  1.300729292874914e-01
106 122  7.370015795037467e-22
106 130  1.300729292874914e-01
107 123  7.370015795037467e-22
107 131  1.300729292874914e-01
108 124  7.370015795037467e-22
108 132  1.300729292874914e-01
109 125  7.370015795037467e-22
109 133  1.300729292874914e-01
110 126  7.370015795037467e-22
110 134  1.300729292874914e-01
111 127  7.370015795037467e-22
111 135  1.300729292874914e-01
112 128  7.370015795037467e-22
112 136  1.300729292874914e-01
113 121  1.300729292874914e-01
113 129  3.887908126257304e-22
114 122  1.300729292874914e-01
114 130  3.887908126257304e-22
115 123  1.300729292874914e-01
115 131  3.887908126257304e-22
116 124  1.300729292874914e-01
116 132  3.887908126257304e-22
117 125  1.300729292874914e-01
117 133  3.887908126257304e-22
118 126  1.300729292874914e-01
118 134  3.887908126257304e-22
119 127  1.300729292874914e-01
119 135  3.887908126257304e-22
120 128  1.300729292874914e-01
120 136  3.887908126257304e-22
121 137  1.061537122939943e-01
121 145  9.762693295994120e-02
122 138  1.061537122939943e-01
122 146  9.762693295994120e-02
123 139  1.061537122939943e-01
123 147  9.762693295994120e-02
124 140  1.061537122939943e-01
124 148  9.762693295994120e-02
125 141  1.061537122939943e-01
125 149  9.762693295994120e-02
126 142  1.061537122939943e-01
126 150  9.762693295994120e-02
127 143  1.061537122939943e-01
127 151  9.762693295994120e-02
128 144  1.061537122939943e-01
128 152  9.762693295994120e-02
129 137  6.882812463927843e-02
129 145  4.502514822839950e-02
130 138  6.882812463927843e-02
130 146  4.502514822839950e-02
131 139  6.882812463927843e-02
131 147  4.502514822839950e-02
132 140  6.882812463927843e-02
132 148  4.502514822839950e-02
133 141  6.882812463927843e-02
133 149  4.502514822839950e-02
134 142  6.882812463927843e-02
134 150  4.502514822839950e-02
135 143  6.882812463927843e-02
135 151  4.502514822839950e-02
136 144  6.882812463927843e-02
136 152  4.502514822839950e-02
137 153  1.450335818000533e-01
137 161 -8.885672682620456e-03
138 154  1.450335818000533e-01
138 162 -8.885672682620456e-03
139 155  1.450335818000533e-01
139 163 -8.885672682620456e-03
140 156  1.450335818000533e-01
140 164 -8.885672682620456e-03
141 157  1.450335818000533e-01
141 165 -8.885672682620456e-03
142 158  1.450335818000533e-01
142 166 -8.885672682620456e-03
143 159  1.450335818000533e-01
143 167 -8.885672682620456e-03
144 160  1.450335818000533e-01
144 168 -8.885672682620456e-03
145 153 -4.617130963717642e-02
145 161  5.231449477473350e-02
146 154 -4.617130963717642e-02
146 162  5.231449477473350e-02
147 155 -4.617130963717642e-02
147 163  5.231449477473350e-02
148 156 -4.617130963717642e-02
148 164  5.231449477473350e-02
149 157 -4.617130963717642e-02
149 165  5.231449477473350e-02
150 158 -4.617130963717642e-02
150 166  5.231449477473350e-02
151 159 -4.617130963717642e-02
151 167  5.231449477473350e-02
152 160 -4.617130963717642e-02
152 168  5.231449477473350e-02
153 169  8.331544965022039e-02
153 177 -1.175329661065605e-01
154 170  8.331544965022039e-02
154 178 -1.175329661065605e-01
155 171  8.331544965022039e-02
155 179 -1.175329661065605e-01
156 172  8.331544965022039e-02
156 180 -1.175329661065605e-01
157 173  8.331544965022039e-02
157 181 -1.175329661065605e-01
158 174  8.331544965022039e-02
158 182 -1.175329661065605e-01
159 175  8.331544965022039e-02
159 183 -1.175329661065605e-01
160 176  8.331544965022039e-02
160 184 -1.175329661065605e-01
161 169 -1.327151887930565e-01
161 177  9.864515735883270e-03
162 170 -1.327151887930565e-01
162 178  9.864515735883270e-03
163 171 -1.327151887930565e-01
163 179  9.864515735883270e-03
164 172 -1.327151887930565e-01
164 180  9.864515735883270e-03
165 173 -1.327151887930565e-01
165 181  9.864515735883270e-03
166 174 -1.327151887930565e-01
166 182  9.864515735883270e-03
167 175 -1.327151887930565e-01
167 183  9.864515735883270e-03
168 176 -1.327151887930565e-01
168 184  9.864515735883270e-03
169 185 -5.188879166803128e-02
169 193 -1.359989868239244e-01
170 186 -5.188879166803128e-02
170 194 -1.359989868239244e-01
171 187 -5.188879166803128e-02
171 195 -1.359989868239244e-01
172 188 -5.188879166803128e-02
172 196 -1.359989868239244e-01
173 189 -5.188879166803128e-02
173 197 -1.359989868239244e-01
174 190 -5.188879166803128e-02
174 198 -1.359989868239244e-01
175 191 -5.188879166803128e-02
175 199 -1.359989868239244e-01
176 192 -5.188879166803128e-02
176 200 -1.359989868239244e-01
177 185 -1.081047167251232e-01
177 193 -5.077271775327034e-02
178 186 -1.081047167251232e-01
178 194 -5.077271775327034e-02
179 187 -1.081047167251232e-01
179 195 -5.077271775327034e-02
180 188 -1.081047167251232e-01
180 196 -5.077271775327034e-02
181 189 -1.081047167251232e-01
181 197 -5.077271775327034e-02
182 190 -1.081047167251232e-01
182 198 -5.077271775327034e-02
183 191 -1.081047167251232e-01
183 199 -5.077271775327034e-02
184 192 -1.081047167251232e-01
184 200 -5.077271775327034e-02
185 201 -1.637017366083360e-01
185 209 -8.742345983426993e-03
186 202 -1.637017366083360e-01
186 210 -8.742345983426993e-03
187 203 -1.637017366083360e-01
187 211 -8.742345983426993e-03
188 204 -1.637017366083360e-01
188 212 -8.742345983426993e-03
189 205 -1.637017366083360e-01
189 213 -8.742345983426993e-03
190 206 -1.637017366083360e-01
190 214 -8.742345983426993e-03
191 207 -1.637017366083360e-01
191 215 -8.742345983426993e-03
192 208 -1.637017366083360e-01
192 216 -8.742345983426993e-03
193 201  4.457739276407374e-02
193 209 -5.603415423976613e-02
194 202  4.457739276407374e-02
194 210 -5.603415423976613e-02
195 203  4.457739276407374e-02
195 211 -5.603415423976613e-02
196 204  4.457739276407374e-02
196 212 -5.603415423976613e-02
197 205  4.457739276407374e-02
197 213 -5.603415423976613e-02
198 206  4.457739276407374e-02
198 214 -5.603415423976613e-02
199 207  4.457739276407374e-02
199 215 -5.603415423976613e-02
200 208  4.457739276407374e-02
200 216 -5.603415423976613e-02
201 217 -1.103998607857541e-01
201 225  1.968484364683363e-01
202 218 -1.103998607857541e-01
202 226  1.968484364683363e-01
203 219 -1.103998607857541e-01
203 227  1.968484364683363e-01
204 220 -1.103998607857541e-01
204 228  1.968484364683363e-01
205 221 -1.103998607857541e-01
205 229  1.968484364683363e-01
206 222 -1.103998607857541e-01
206 230  1.968484364683363e-01
207 223 -1.103998607857541e-01
207 231  1.968484364683363e-01
208 224 -1.103998607857541e-01
208 232  1.968484364683363e-01
209 217  1.857179079739573e-01
209 225  6.186003132406814e-02
210 218  1.857179079739573e-01
210 226  6.186003132406814e-02
211 219  1.857179079739573e-01
211 227  6.186003132406814e-02
212 220  1.857179079739573e-01
212 228  6.186003132406814e-02
213 221  1.857179079739573e-01
213 229  6.186003132406814e-02
214 222  1.857179079739573e-01
214 230  6.186003132406814e-02
215 223  1.857179079739573e-01
215 231  6.186003132406814e-02
216 224  1.857179079739573e-01
216 232  6.186003132406814e-02
217 233  1.885436563400693e-01
218 234  1.885436563400693e-01
219 235  1.885436563400693e-01
220 236  1.885436563400693e-01
221 237  1.885436563400693e-01
222 238  1.885436563400693e-01
223 239  1.885436563400693e-01
224 240  1.885436563400693e-01
225 233 -9.605220175462703e-02
226 234 -9.605220175462703e-02
227 235 -9.605220175462703e-02
228 236 -9.605220175462703e-02
229 237 -9.605220175462703e-02
230 238 -9.605220175462703e-02
231 239 -9.605220175462703e-02
232 240 -9.605220175462703e-02
1 25  2.253527721661629e-01
1 33  1.684867076419847e-01
2 26  2.253527721661629e-01
2 34  1.684867076419847e-01
3 27  2.253527721661629e-01
3 35  1.684867076419847e-01
4 28  2.253527721661629e-01
4 36  1.684867076419847e-01
5 29  2.253527721661629e-01
5 37  1.684867076419847e-01
6 30  2.253527721661629e-01
6 38  1.684867076419847e-01
7 31  2.253527721661629e-01
7 39  1.684867076419847e-01
8 32  2.253527721661629e-01
8 40  1.684867076419847e-01
9 41  2.795157128457237e-02
9 49 -1.065603503223138e-01
10 42  2.795157128457237e-02
10 50 -1.065603503223138e-01
11 43  2.795157128457237e-02
11 51 -1.065603503223138e-01
12 44  2.795157128457237e-02
12 52 -1.065603503223138e-01
13 45  2.795157128457237e-02
13 53 -1.065603503223138e-01
14 46  2.795157128457237e-02
14 54 -1.065603503223138e-01
15 47  2.795157128457237e-02
15 55 -1.065603503223138e-01
16 48  2.795157128457237e-02
16 56 -1.065603503223138e-01
17 41 -1.993561609603522e-01
17 49  7.986095703799501e-02
18 42 -1.993561609603522e-01
18 50  7.986095703799501e-02
19 43 -1.993561609603522e-01
19 51  7.986095703799501e-02
20 44 -1.993561609603522e-01
20 52  7.986095703799501e-02
21 45 -1.993561609603522e-01
21 53  7.986095703799501e-02
22 46 -1.993561609603522e-01
22 54  7.986095703799501e-02
23 47 -1.993561609603522e-01
23 55  7.986095703799501e-02
24 48 -1.993561609603522e-01
24 56  7.986095703799501e-02
25 57 -1.280901912045069e-01
25 65 -1.472342825311536e-01
26 58 -1.280901912045069e-01
26 66 -1.472342825311536e-01
27 59 -1.280901912045069e-01
27 67 -1.472342825311536e-01
28 60 -1.280901912045069e-01
28 68 -1.472342825311536e-01
29 61 -1.280901912045069e-01
29 69 -1.472342825311536e-01
30 62 -1.280901912045069e-01
30 70 -1.472342825311536e-01
31 63 -1.280901912045069e-01
31 71 -1.472342825311536e-01
32 64 -1.280901912045069e-01
32 72 -1.472342825311536e-01
33 57 -9.576760201275297e-02
33 65 -1.156717001765328e-02
34 58 -9.576760201275297e-02
34 66 -1.156717001765328e-02
35 59 -9.576760201275297e-02
35 67 -1.156717001765328e-02
36 60 -9.576760201275297e-02
36 68 -1.156717001765328e-02
37 61 -9.576760201275297e-02
37 69 -1.156717001765328e-02
38 62 -9.576760201275297e-02
38 70 -1.156717001765328e-02
39 63 -9.576760201275297e-02
39 71 -1.156717001765328e-02
40 64 -9.576760201275297e-02
40 72 -1.156717001765328e-02
41 73 -1.521125038737054e-01
41 81 -3.727748852590457e-02
42 74 -1.521125038737054e-01
42 82 -3.727748852590457e-02
43 75 -1.521125038737054e-01
43 83 -3.727748852590457e-02
44 76 -1.521125038737054e-01
44 84 -3.727748852590457e-02
45 77 -1.521125038737054e-01
45 85 -3.727748852590457e-02
46 78 -1.521125038737054e-01
46 86 -3.727748852590457e-02
47 79 -1.521125038737054e-01
47 87 -3.727748852590457e-02
48 80 -1.521125038737054e-01
48 88 -3.727748852590457e-02
49 73  5.271832984454167e-02
49 81 -5.973260912149451e-02
50 74  5.271832984454167e-02
50 82 -5.973260912149451e-02
51 75  5.271832984454167e-02
51 83 -5.973260912149451e-02
52 76  5.271832984454167e-02
52 84 -5.973260912149451e-02
53 77  5.271832984454167e-02
53 85 -5.973260912149451e-02
54 78  5.271832984454167e-02
54 86 -5.973260912149451e-02
55 79  5.271832984454167e-02
55 87 -5.973260912149451e-02
56 80  5.271832984454167e-02
56 88 -5.973260912149451e-02
57 89 -6.802677977786105e-02
57 97  8.662505534955987e-02
58 90 -6.802677977786105e-02
58 98  8.662505534955987e-02
59 91 -6.802677977786105e-02
59 99  8.662505534955987e-02
60 92 -6.802677977786105e-02
60 100  8.662505534955987e-02
61 93 -6.802677977786105e-02
61 101  8.662505534955987e-02
62 94 -6.802677977786105e-02
62 102  8.662505534955987e-02
63 95 -6.802677977786105e-02
63 103  8.662505534955987e-02
64 96 -6.802677977786105e-02
64 104  8.662505534955987e-02
65 89  1.350622247758309e-01
65 97 -4.185159581978679e-02
66 90  1.350622247758309e-01
66 98 -4.185159581978679e-02
67 91  1.350622247758309e-01
67 99 -4.185159581978679e-02
68 92  1.350622247758309e-01
68 100 -4.185159581978679e-02
69 93  1.350622247758309e-01
69 101 -4.185159581978679e-02
70 94  1.350622247758309e-01
70 102 -4.185159581978679e-02
71 95  1.350622247758309e-01
71 103 -4.185159581978679e-02
72 96  1.350622247758309e-01
72 104 -4.185159581978679e-02
73 105  5.200448588449912e-02
73 113  1.348750282551317e-01
74 106  5.200448588449912e-02
74 114  1.348750282551317e-01
75 107  5.200448588449912e-02
75 115  1.348750282551317e-01
76 108  5.200448588449912e-02
76 116  1.348750282551317e-01
77 109  5.200448588449912e-02
77 117  1.348750282551317e-01
78 110  5.200448588449912e-02
78 118  1.348750282551317e-01
79 111  5.200448588449912e-02
79 119  1.348750282551317e-01
80 112  5.200448588449912e-02
80 120  1.348750282551317e-01
81 105  1.147004301972498e-01
81 113  9.551276290869225e-03
82 106  1.147004301972498e-01
82 114  9.551276290869225e-03
83 107  1.147004301972498e-01
83 115  9.551276290869225e-03
84 108  1.147004301972498e-01
84 116  9.551276290869225e-03
85 109  1.147004301972498e-01
85 117  9.551276290869225e-03
86 110  1.147004301972498e-01
86 118  9.551276290869225e-03
87 111  1.147004301972498e-01
87 119  9.551276290869225e-03
88 112  1.147004301972498e-01
88 120  9.551276290869225e-03
89 121  1.342750051724959e-01
89 129  8.706145637522998e-02
90 122  1.342750051724959e-01
90 130  8.706145637522998e-02
91 123  1.342750051724959e-01
91 131  8.706145637522998e-02
92 124  1.342750051724959e-01
92 132  8.706145637522998e-02
93 125  1.342750051724959e-01
93 133  8.706145637522998e-02
94 126  1.342750051724959e-01
94 134  8.706145637522998e-02
95 127  1.342750051724959e-01
95 135  8.706145637522998e-02
96 128  1.342750051724959e-01
96 136  8.706145637522998e-02
97 121  1.899836733107557e-02
97 129  4.983370713595317e-02
98 122  1.899836733107557e-02
98 130  4.983370713595317e-02
99 123  1.899836733107557e-02
99 131  4.983370713595317e-02
100 124  1.899836733107557e-02
100 132  4.983370713595317e-02
101 125  1.899836733107557e-02
101 133  4.983370713595317e-02
102 126  1.899836733107557e-02
102 134  4.983370713595317e-02
103 127  1.899836733107557e-02
103 135  4.983370713595317e-02
104 128  1.899836733107557e-02
104 136  4.983370713595317e-02
105 137  1.342750051724959e-01
105 145 -1.899836733107557e-02
106 138  1.342750051724959e-01
106 146 -1.899836733107557e-02
107 139  1.342750051724959e-01
107 147 -1.899836733107557e-02
108 140  1.342750051724959e-01
108 148 -1.899836733107557e-02
109 141  1.342750051724959e-01
109 149 -1.899836733107557e-02
110 142  1.342750051724959e-01
110 150 -1.899836733107557e-02
111 143  1.342750051724959e-01
111 151 -1.899836733107557e-02
112 144  1.342750051724959e-01
112 152 -1.899836733107557e-02
113 137 -8.706145637522998e-02
113 145  4.983370713595317e-02
114 138 -8.706145637522998e-02
114 146  4.983370713595317e-02
115 139 -8.706145637522998e-02
115 147  4.983370713595317e-02
116 140 -8.706145637522998e-02
116 148  4.983370713595317e-02
117 141 -8.706145637522998e-02
117 149  4.983370713595317e-02
118 142 -8.706145637522998e-02
118 150  4.983370713595317e-02
119 143 -8.706145637522998e-02
119 151  4.983370713595317e-02
120 144 -8.706145637522998e-02
120 152  4.983370713595317e-02
121 153  5.200448588449912e-02
121 161 -1.147004301972498e-01
122 154  5.200448588449912e-02
122 162 -1.147004301972498e-01
123 155  5.200448588449912e-02
123 163 -1.147004301972498e-01
124 156  5.200448588449912e-02
124 164 -1.147004301972498e-01
125 157  5.200448588449912e-02
125 165 -1.147004301972498e-01
126 158  5.200448588449912e-02
126 166 -1.147004301972498e-01
127 159  5.200448588449912e-02
127 167 -1.147004301972498e-01
128 160  5.200448588449912e-02
128 168 -1.147004301972498e-01
129 153 -1.348750282551317e-01
129 161  9.551276290869225e-03
130 154 -1.348750282551317e-01
130 162  9.551276290869225e-03
131 155 -1.348750282551317e-01
131 163  9.551276290869225e-03
132 156 -1.348750282551317e-01
132 164  9.551276290869225e-03
133 157 -1.348750282551317e-01
133 165  9.551276290869225e-03
134 158 -1.348750282551317e-01
134 166  9.551276290869225e-03
135 159 -1.348750282551317e-01
135 167  9.551276290869225e-03
136 160 -1.348750282551317e-01
136 168  9.551276290869225e-03
137 169 -6.802677977786105e-02
137 177 -1.350622247758309e-01
138 170 -6.802677977786105e-02
138 178 -1.350622247758309e-01
139 171 -6.802677977786105e-02
139 179 -1.350622247758309e-01
140 172 -6.802677977786105e-02
140 180 -1.350622247758309e-01
141 173 -6.802677977786105e-02
141 181 -1.350622247758309e-01
142 174 -6.802677977786105e-02
142 182 -1.350622247758309e-01
143 175 -6.802677977786105e-02
143 183 -1.350622247758309e-01
144 176 -6.802677977786105e-02
144 184 -1.350622247758309e-01
145 169 -8.662505534955987e-02
145 177 -4.185159581978679e-02
146 170 -8.662505534955987e-02
146 178 -4.185159581978679e-02
147 171 -8.662505534955987e-02
147 179 -4.185159581978679e-02
148 172 -8.662505534955987e-02
148 180 -4.185159581978679e-02
149 173 -8.662505534955987e-02
149 181 -4.185159581978679e-02
150 174 -8.662505534955987e-02
150 182 -4.185159581978679e-02
151 175 -8.662505534955987e-02
151 183 -4.185159581978679e-02
152 176 -8.662505534955987e-02
152 184 -4.185159581978679e-02
153 185 -1.521125038737054e-01
153 193 -5.271832984454167e-02
154 186 -1.521125038737054e-01
154 194 -5.271832984454167e-02
155 187 -1.521125038737054e-01
155 195 -5.271832984454167e-02
156 188 -1.521125038737054e-01
156 196 -5.271832984454167e-02
157 189 -1.521125038737054e-01
157 197 -5.271832984454167e-02
158 190 -1.521125038737054e-01
158 198 -5.271832984454167e-02
159 191 -1.521125038737054e-01
159 199 -5.271832984454167e-02
160 192 -1.521125038737054e-01
160 200 -5.271832984454167e-02
161 185  3.727748852590457e-02
161 193 -5.973260912149451e-02
162 186  3.727748852590457e-02
162 194 -5.973260912149451e-02
163 187  3.727748852590457e-02
163 195 -5.973260912149451e-02
164 188  3.727748852590457e-02
164 196 -5.973260912149451e-02
165 189  3.727748852590457e-02
165 197 -5.973260912149451e-02
166 190  3.727748852590457e-02
166 198 -5.973260912149451e-02
167 191  3.727748852590457e-02
167 199 -5.973260912149451e-02
168 192  3.727748852590457e-02
168 200 -5.973260912149451e-02
169 201 -1.280901912045069e-01
169 209  9.576760201275297e-02
170 202 -1.280901912045069e-01
170 210  9.576760201275297e-02
171 203 -1.280901912045069e-01
171 211  9.576760201275297e-02
172 204 -1.280901912045069e-01
172 212  9.576760201275297e-02
173 205 -1.280901912045069e-01
173 213  9.576760201275297e-02
174 206 -1.280901912045069e-01
174 214  9.576760201275297e-02
175 207 -1.280901912045069e-01
175 215  9.576760201275297e-02
176 208 -1.280901912045069e-01
176 216  9.576760201275297e-02
177 201  1.472342825311536e-01
177 209 -1.156717001765328e-02
178 202  1.472342825311536e-01
178 210 -1.156717001765328e-02
179 203  1.472342825311536e-01
179 211 -1.156717001765328e-02
180 204  1.472342825311536e-01
180 212 -1.156717001765328e-02
181 205  1.472342825311536e-01
181 213 -1.156717001765328e-02
182 206  1.472342825311536e-01
182 214 -1.156717001765328e-02
183 207  1.472342825311536e-01
183 215 -1.156717001765328e-02
184 208  1.472342825311536e-01
184 216 -1.156717001765328e-02
185 217  2.795157128457237e-02
185 225  1.993561609603522e-01
186 218  2.795157128457237e-02
186 226  1.993561609603522e-01
187 219  2.795157128457237e-02
187 227  1.993561609603522e-01
188 220  2.795157128457237e-02
188 228  1.993561609603522e-01
189 221  2.795157128457237e-02
189 229  1.993561609603522e-01
190 222  2.795157128457237e-02
190 230  1.993561609603522e-01
191 223  2.795157128457237e-02
191 231  1.993561609603522e-01
192 224  2.795157128457237e-02
192 232  1.993561609603522e-01
193 217  1.065603503223138e-01
193 225  7.986095703799501e-02
194 218  1.065603503223138e-01
194 226  7.986095703799501e-02
195 219  1.065603503223138e-01
195 227  7.986095703799501e-02
196 220  1.065603503223138e-01
196 228  7.986095703799501e-02
197 221  1.065603503223138e-01
197 229  7.986095703799501e-02
198 222  1.065603503223138e-01
198 230  7.986095703799501e-02
199 223  1.065603503223138e-01
199 231  7.986095703799501e-02
200 224  1.065603503223138e-01
200 232  7.986095703799501e-02
201 233  2.253527721661629e-01
202 234  2.253527721661629e-01
203 235  2.253527721661629e-01
204 236  2.253527721661629e-01
205 237  2.253527721661629e-01
206 238  2.253527721661629e-01
207 239  2.253527721661629e-01
208 240  2.253527721661629e-01
209 233 -1.684867076419847e-01
210 234 -1.684867076419847e-01
211 235 -1.684867076419847e-01
212 236 -1.684867076419847e-01
213 237 -1.684867076419847e-01
214 238 -1.684867076419847e-01
215 239 -1.684867076419847e-01
216 240 -1.684867076419847e-01
1 41 -2.165119401709565e-01
1 49 -2.063532310821748e-01
2 42 -2.165119401709565e-01
2 50 -2.063532310821748e-01
3 43 -2.165119401709565e-01
3 51 -2.063532310821748e-01
4 44 -2.165119401709565e-01
4 52 -2.063532310821748e-01
5 45 -2.165119401709565e-01
5 53 -2.063532310821748e-01
6 46 -2.165119401709565e-01
6 54 -2.063532310821748e-01
7 47 -2.165119401709565e-01
7 55 -2.063532310821748e-01
8 48 -2.165119401709565e-01
8 56 -2.063532310821748e-01
9 57 -1.452406248487879e-01
9 65 -2.782466400288957e-02
10 58 -1.452406248487879e-01
10 66 -2.782466400288957e-02
11 59 -1.452406248487879e-01
11 67 -2.782466400288957e-02
12 60 -1.452406248487879e-01
12 68 -2.782466400288957e-02
13 61 -1.452406248487879e-01
13 69 -2.782466400288957e-02
14 62 -1.452406248487879e-01
14 70 -2.782466400288957e-02
15 63 -1.452406248487879e-01
15 71 -2.782466400288957e-02
16 64 -1.452406248487879e-01
16 72 -2.782466400288957e-02
17 57  1.726474997926046e-01
17 65 -8.341204922131716e-02
18 58  1.726474997926046e-01
18 66 -8.341204922131716e-02
19 59  1.726474997926046e-01
19 67 -8.341204922131716e-02
20 60  1.726474997926046e-01
20 68 -8.341204922131716e-02
21 61  1.726474997926046e-01
21 69 -8.341204922131716e-02
22 62  1.726474997926046e-01
22 70 -8.341204922131716e-02
23 63  1.726474997926046e-01
23 71 -8.341204922131716e-02
24 64  1.726474997926046e-01
24 72 -8.341204922131716e-02
25 81  1.163989206147966e-01
26 82  1.163989206147966e-01
27 83  1.163989206147966e-01
28 84  1.163989206147966e-01
29 85  1.163989206147966e-01
30 86  1.163989206147966e-01
31 87  1.163989206147966e-01
32 88  1.163989206147966e-01
33 73  1.614162602635814e-01
33 81 -3.657860333819443e-02
34 74  1.614162602635814e-01
34 82 -3.657860333819443e-02
35 75  1.614162602635814e-01
35 83 -3.657860333819443e-02
36 76  1.614162602635814e-01
36 84 -3.657860333819443e-02
37 77  1.614162602635814e-01
37 85 -3.657860333819443e-02
38 78  1.614162602635814e-01
38 86 -3.657860333819443e-02
39 79  1.614162602635814e-01
39 87 -3.657860333819443e-02
40 80  1.614162602635814e-01
40 88 -3.657860333819443e-02
41 89  1.178258388505544e-01
41 97  1.417034972364648e-01
42 90  1.178258388505544e-01
42 98  1.417034972364648e-01
43 91  1.178258388505544e-01
43 99  1.417034972364648e-01
44 92  1.178258388505544e-01
44 100  1.417034972364648e-01
45 93  1.178258388505544e-01
45 101  1.417034972364648e-01
46 94  1.178258388505544e-01
46 102  1.417034972364648e-01
47 95  1.178258388505544e-01
47 103  1.417034972364648e-01
48 96  1.178258388505544e-01
48 104  1.417034972364648e-01
49 89  6.125316405833380e-02
49 97  2.671323489381715e-02
50 90  6.125316405833380e-02
50 98  2.671323489381715e-02
51 91  6.125316405833380e-02
51 99  2.671323489381715e-02
52 92  6.125316405833380e-02
52 100  2.671323489381715e-02
53 93  6.125316405833380e-02
53 101  2.671323489381715e-02
54 94  6.125316405833380e-02
54 102  2.671323489381715e-02
55 95  6.125316405833380e-02
55 103  2.671323489381715e-02
56 96  6.125316405833380e-02
56 104  2.671323489381715e-02
57 105  1.542702358155241e-01
57 113  6.668399869951283e-02
58 106  1.542702358155241e-01
58 114  6.668399869951283e-02
59 107  1.542702358155241e-01
59 115  6.668399869951283e-02
60 108  1.542702358155241e-01
60 116  6.668399869951283e-02
61 109  1.542702358155241e-01
61 117  6.668399869951283e-02
62 110  1.542702358155241e-01
62 118  6.668399869951283e-02
63 111  1.542702358155241e-01
63 119  6.668399869951283e-02
64 112  1.542702358155241e-01
64 120  6.668399869951283e-02
65 105 -5.776565979648899e-02
65 113  5.839398943870919e-02
66 106 -5.776565979648899e-02
66 114  5.839398943870919e-02
67 107 -5.776565979648899e-02
67 115  5.839398943870919e-02
68 108 -5.776565979648899e-02
68 116  5.839398943870919e-02
69 109 -5.776565979648899e-02
69 117  5.839398943870919e-02
70 110 -5.776565979648899e-02
70 118  5.839398943870919e-02
71 111 -5.776565979648899e-02
71 119  5.839398943870919e-02
72 112 -5.776565979648899e-02
72 120  5.839398943870919e-02
73 121  1.040089717689982e-01
73 129 -4.495834275171056e-02
74 122  1.040089717689982e-01
74 130 -4.495834275171056e-02
75 123  1.040089717689982e-01
75 131 -4.495834275171056e-02
76 124  1.040089717689982e-01
76 132 -4.495834275171056e-02
77 125  1.040089717689982e-01
77 133 -4.495834275171056e-02
78 126  1.040089717689982e-01
78 134 -4.495834275171056e-02
79 127  1.040089717689982e-01
79 135 -4.495834275171056e-02
80 128  1.040089717689982e-01
80 136 -4.495834275171056e-02
81 121 -1.316930865227683e-01
81 129  4.457262269072305e-02
82 122 -1.316930865227683e-01
82 130  4.457262269072305e-02
83 123 -1.316930865227683e-01
83 131  4.457262269072305e-02
84 124 -1.316930865227683e-01
84 132  4.457262269072305e-02
85 125 -1.316930865227683e-01
85 133  4.457262269072305e-02
86 126 -1.316930865227683e-01
86 134  4.457262269072305e-02
87 127 -1.316930865227683e-01
87 135  4.457262269072305e-02
88 128 -1.316930865227683e-01
88 136  4.457262269072305e-02
89 137  5.896012636029973e-21
89 145 -1.256623881856997e-01
90 138  5.896012636029973e-21
90 146 -1.256623881856997e-01
91 139  5.896012636029973e-21
91 147 -1.256623881856997e-01
92 140  5.896012636029973e-21
92 148 -1.256623881856997e-01
93 141  5.896012636029973e-21
93 149 -1.256623881856997e-01
94 142  5.896012636029973e-21
94 150 -1.256623881856997e-01
95 143  5.896012636029973e-21
95 151 -1.256623881856997e-01
96 144  5.896012636029973e-21
96 152 -1.256623881856997e-01
97 137 -1.256623881856997e-01
97 145 -4.147102001341124e-21
98 138 -1.256623881856997e-01
98 146 -4.147102001341124e-21
99 139 -1.256623881856997e-01
99 147 -4.147102001341124e-21
100 140 -1.256623881856997e-01
100 148 -4.147102001341124e-21
101 141 -1.256623881856997e-01
101 149 -4.147102001341124e-21
102 142 -1.256623881856997e-01
102 150 -4.147102001341124e-21
103 143 -1.256623881856997e-01
103 151 -4.147102001341124e-21
104 144 -1.256623881856997e-01
104 152 -4.147102001341124e-21
105 153 -1.040089717689982e-01
105 161 -1.316930865227683e-01
106 154 -1.040089717689982e-01
106 162 -1.316930865227683e-01
107 155 -1.040089717689982e-01
107 163 -1.316930865227683e-01
108 156 -1.040089717689982e-01
108 164 -1.316930865227683e-01
109 157 -1.040089717689982e-01
109 165 -1.316930865227683e-01
110 158 -1.040089717689982e-01
110 166 -1.316930865227683e-01
111 159 -1.040089717689982e-01
111 167 -1.316930865227683e-01
112 160 -1.040089717689982e-01
112 168 -1.316930865227683e-01
113 153 -4.495834275171056e-02
113 161 -4.457262269072305e-02
114 154 -4.495834275171056e-02
114 162 -4.457262269072305e-02
115 155 -4.495834275171056e-02
115 163 -4.457262269072305e-02
116 156 -4.495834275171056e-02
116 164 -4.457262269072305e-02
117 157 -4.495834275171056e-02
117 165 -4.457262269072305e-02
118 158 -4.495834275171056e-02
118 166 -4.457262269072305e-02
119 159 -4.495834275171056e-02
119 167 -4.457262269072305e-02
120 160 -4.495834275171056e-02
120 168 -4.457262269072305e-02
121 169 -1.542702358155241e-01
121 177 -5.776565979648899e-02
122 170 -1.542702358155241e-01
122 178 -5.776565979648899e-02
123 171 -1.542702358155241e-01
123 179 -5.776565979648899e-02
124 172 -1.542702358155241e-01
124 180 -5.776565979648899e-02
125 173 -1.542702358155241e-01
125 181 -5.776565979648899e-02
126 174 -1.542702358155241e-01
126 182 -5.776565979648899e-02
127 175 -1.542702358155241e-01
127 183 -5.776565979648899e-02
128 176 -1.542702358155241e-01
128 184 -5.776565979648899e-02
129 169  6.668399869951283e-02
129 177 -5.839398943870919e-02
130 170  6.668399869951283e-02
130 178 -5.839398943870919e-02
131 171  6.668399869951283e-02
131 179 -5.839398943870919e-02
132 172  6.668399869951283e-02
132 180 -5.839398943870919e-02
133 173  6.668399869951283e-02
133 181 -5.839398943870919e-02
134 174  6.668399869951283e-02
134 182 -5.839398943870919e-02
135 175  6.668399869951283e-02
135 183 -5.839398943870919e-02
136 176  6.668399869951283e-02
136 184 -5.839398943870919e-02
137 185 -1.178258388505544e-01
137 193  6.125316405833380e-02
138 186 -1.178258388505544e-01
138 194  6.125316405833380e-02
139 187 -1.178258388505544e-01
139 195  6.125316405833380e-02
140 188 -1.178258388505544e-01
140 196  6.125316405833380e-02
141 189 -1.178258388505544e-01
141 197  6.125316405833380e-02
142 190 -1.178258388505544e-01
142 198  6.125316405833380e-02
143 191 -1.178258388505544e-01
143 199  6.125316405833380e-02
144 192 -1.178258388505544e-01
144 200  6.125316405833380e-02
145 185  1.417034972364648e-01
145 193 -2.671323489381715e-02
146 186  1.417034972364648e-01
146 194 -2.671323489381715e-02
147 187  1.417034972364648e-01
147 195 -2.671323489381715e-02
148 188  1.417034972364648e-01
148 196 -2.671323489381715e-02
149 189  1.417034972364648e-01
149 197 -2.671323489381715e-02
150 190  1.417034972364648e-01
150 198 -2.671323489381715e-02
151 191  1.417034972364648e-01
151 199 -2.671323489381715e-02
152 192  1.417034972364648e-01
152 200 -2.671323489381715e-02
153 201 -5.896012636029973e-21
153 209  1.614162602635814e-01
154 202 -5.896012636029973e-21
154 210  1.614162602635814e-01
155 203 -5.896012636029973e-21
155 211  1.614162602635814e-01
156 204 -5.896012636029973e-21
156 212  1.614162602635814e-01
157 205 -5.896012636029973e-21
157 213  1.614162602635814e-01
158 206 -5.896012636029973e-21
158 214  1.614162602635814e-01
159 207 -5.896012636029973e-21
159 215  1.614162602635814e-01
160 208 -5.896012636029973e-21
160 216  1.614162602635814e-01
161 201  1.163989206147966e-01
161 209  3.657860333819443e-02
162 202  1.163989206147966e-01
162 210  3.657860333819443e-02
163 203  1.163989206147966e-01
163 211  3.657860333819443e-02
164 204  1.163989206147966e-01
164 212  3.657860333819443e-02
165 205  1.163989206147966e-01
165 213  3.657860333819443e-02
166 206  1.163989206147966e-01
166 214  3.657860333819443e-02
167 207  1.163989206147966e-01
167 215  3.657860333819443e-02
168 208  1.163989206147966e-01
168 216  3.657860333819443e-02
169 217  1.452406248487879e-01
169 225  1.726474997926046e-01
170 218  1.452406248487879e-01
170 226  1.726474997926046e-01
171 219  1.452406248487879e-01
171 227  1.726474997926046e-01
172 220  1.452406248487879e-01
172 228  1.726474997926046e-01
173 221  1.452406248487879e-01
173 229  1.726474997926046e-01
174 222  1.452406248487879e-01
174 230  1.726474997926046e-01
175 223  1.452406248487879e-01
175 231  1.726474997926046e-01
176 224  1.452406248487879e-01
176 232  1.726474997926046e-01
177 217 -2.782466400288957e-02
177 225  8.341204922131716e-02
178 218 -2.782466400288957e-02
178 226  8.341204922131716e-02
179 219 -2.782466400288957e-02
179 227  8.341204922131716e-02
180 220 -2.782466400288957e-02
180 228  8.341204922131716e-02
181 221 -2.782466400288957e-02
181 229  8.341204922131716e-02
182 222 -2.782466400288957e-02
182 230  8.341204922131716e-02
183 223 -2.782466400288957e-02
183 231  8.341204922131716e-02
184 224 -2.782466400288957e-02
184 232  8.341204922131716e-02
185 233  2.165119401709565e-01
186 234  2.165119401709565e-01
187 235  2.165119401709565e-01
188 236  2.165119401709565e-01
189 237  2.165119401709565e-01
190 238  2.165119401709565e-01
191 239  2.165119401709565e-01
192 240  2.165119401709565e-01
193 233 -2.063532310821748e-01
194 234 -2.063532310821748e-01
195 235 -2.063532310821748e-01
196 236 -2.063532310821748e-01
197 237 -2.063532310821748e-01
198 238 -2.063532310821748e-01
199 239 -2.063532310821748e-01
200 240 -2.063532310821748e-01
1 57  1.711677178905821e-01
1 65  1.967500860068044e-01
2 58  1.711677178905821e-01
2 66  1.967500860068044e-01
3 59  1.711677178905821e-01
3 67  1.967500860068044e-01
4 60  1.711677178905821e-01
4 68  1.967500860068044e-01
5 61  1.711677178905821e-01
5 69  1.967500860068044e-01
6 62  1.711677178905821e-01
6 70  1.967500860068044e-01
7 63  1.711677178905821e-01
7 71  1.967500860068044e-01
8 64  1.711677178905821e-01
8 72  1.967500860068044e-01
9 73  1.966567356974794e-01
9 81  1.445811952696127e-01
10 74  1.966567356974794e-01
10 82  1.445811952696127e-01
11 75  1.966567356974794e-01
11 83  1.445811952696127e-01
12 76  1.966567356974794e-01
12 84  1.445811952696127e-01
13 77  1.966567356974794e-01
13 85  1.445811952696127e-01
14 78  1.966567356974794e-01
14 86  1.445811952696127e-01
15 79  1.966567356974794e-01
15 87  1.445811952696127e-01
16 80  1.966567356974794e-01
16 88  1.445811952696127e-01
17 73 -1.275086289799544e-01
17 81  7.223695360737867e-02
18 74 -1.275086289799544e-01
18 82  7.223695360737867e-02
19 75 -1.275086289799544e-01
19 83  7.223695360737867e-02
20 76 -1.275086289799544e-01
20 84  7.223695360737867e-02
21 77 -1.275086289799544e-01
21 85  7.223695360737867e-02
22 78 -1.275086289799544e-01
22 86  7.223695360737867e-02
23 79 -1.275086289799544e-01
23 87  7.223695360737867e-02
24 80 -1.275086289799544e-01
24 88  7.223695360737867e-02
25 89  1.343421258990934e-01
25 97  1.900786414113185e-02
26 90  1.343421258990934e-01
26 98  1.900786414113185e-02
27 91  1.343421258990934e-01
27 99  1.900786414113185e-02
28 92  1.343421258990934e-01
28 100  1.900786414113185e-02
29 93  1.343421258990934e-01
29 101  1.900786414113185e-02
30 94  1.343421258990934e-01
30 102  1.900786414113185e-02
31 95  1.343421258990934e-01
31 103  1.900786414113185e-02
32 96  1.343421258990934e-01
32 104  1.900786414113185e-02
33 89 -1.734905689837496e-01
33 97  6.869250048971870e-02
34 90 -1.734905689837496e-01
34 98  6.869250048971870e-02
35 91 -1.734905689837496e-01
35 99  6.869250048971870e-02
36 92 -1.734905689837496e-01
36 100  6.869250048971870e-02
37 93 -1.734905689837496e-01
37 101  6.869250048971870e-02
38 94 -1.734905689837496e-01
38 102  6.869250048971870e-02
39 95 -1.734905689837496e-01
39 103  6.869250048971870e-02
40 96 -1.734905689837496e-01
40 104  6.869250048971870e-02
41 105  2.439226601741698e-02
41 113 -9.489299372017501e-02
42 106  2.439226601741698e-02
42 114 -9.489299372017501e-02
43 107  2.439226601741698e-02
43 115 -9.489299372017501e-02
44 108  2.439226601741698e-02
44 116 -9.489299372017501e-02
45 109  2.439226601741698e-02
45 117 -9.489299372017501e-02
46 110  2.439226601741698e-02
46 118 -9.489299372017501e-02
47 111  2.439226601741698e-02
47 119 -9.489299372017501e-02
48 112  2.439226601741698e-02
48 120 -9.489299372017501e-02
49 105 -1.493494028414910e-01
49 113  2.745426642905323e-02
50 106 -1.493494028414910e-01
50 114  2.745426642905323e-02
51 107 -1.493494028414910e-01
51 115  2.745426642905323e-02
52 108 -1.493494028414910e-01
52 116  2.745426642905323e-02
53 109 -1.493494028414910e-01
53 117  2.745426642905323e-02
54 110 -1.493494028414910e-01
54 118  2.745426642905323e-02
55 111 -1.493494028414910e-01
55 119  2.745426642905323e-02
56 112 -1.493494028414910e-01
56 120  2.745426642905323e-02
57 121 -8.449728810780391e-02
57 129 -1.460973212494734e-01
58 122 -8.449728810780391e-02
58 130 -1.460973212494734e-01
59 123 -8.449728810780391e-02
59 131 -1.460973212494734e-01
60 124 -8.449728810780391e-02
60 132 -1.460973212494734e-01
61 125 -8.449728810780391e-02
61 133 -1.460973212494734e-01
62 126 -8.449728810780391e-02
62 134 -1.460973212494734e-01
63 127 -8.449728810780391e-02
63 135 -1.460973212494734e-01
64 128 -8.449728810780391e-02
64 136 -1.460973212494734e-01
65 121 -6.769393145611581e-02
65 129 -2.316061413807892e-02
66 122 -6.769393145611581e-02
66 130 -2.316061413807892e-02
67 123 -6.769393145611581e-02
67 131 -2.316061413807892e-02
68 124 -6.769393145611581e-02
68 132 -2.316061413807892e-02
69 125 -6.769393145611581e-02
69 133 -2.316061413807892e-02
70 126 -6.769393145611581e-02
70 134 -2.316061413807892e-02
71 127 -6.769393145611581e-02
71 135 -2.316061413807892e-02
72 128 -6.769393145611581e-02
72 136 -2.316061413807892e-02
73 137 -1.507233194888335e-01
73 145 -1.208451484836382e-01
74 138 -1.507233194888335e-01
74 146 -1.208451484836382e-01
75 139 -1.507233194888335e-01
75 147 -1.208451484836382e-01
76 140 -1.507233194888335e-01
76 148 -1.208451484836382e-01
77 141 -1.507233194888335e-01
77 149 -1.208451484836382e-01
78 142 -1.507233194888335e-01
78 150 -1.208451484836382e-01
79 143 -1.507233194888335e-01
79 151 -1.208451484836382e-01
80 144 -1.507233194888335e-01
80 152 -1.208451484836382e-01
81 137  3.693704770974113e-02
81 145 -5.638040359599508e-02
82 138  3.693704770974113e-02
82 146 -5.638040359599508e-02
83 139  3.693704770974113e-02
83 147 -5.638040359599508e-02
84 140  3.693704770974113e-02
84 148 -5.638040359599508e-02
85 141  3.693704770974113e-02
85 149 -5.638040359599508e-02
86 142  3.693704770974113e-02
86 150 -5.638040359599508e-02
87 143  3.693704770974113e-02
87 151 -5.638040359599508e-02
88 144  3.693704770974113e-02
88 152 -5.638040359599508e-02
89 153 -1.507233194888335e-01
89 161 -3.693704770974113e-02
90 154 -1.507233194888335e-01
90 162 -3.693704770974113e-02
91 155 -1.507233194888335e-01
91 163 -3.693704770974113e-02
92 156 -1.507233194888335e-01
92 164 -3.693704770974113e-02
93 157 -1.507233194888335e-01
93 165 -3.693704770974113e-02
94 158 -1.507233194888335e-01
94 166 -3.693704770974113e-02
95 159 -1.507233194888335e-01
95 167 -3.693704770974113e-02
96 160 -1.507233194888335e-01
96 168 -3.693704770974113e-02
97 153  1.208451484836382e-01
97 161 -5.638040359599508e-02
98 154  1.208451484836382e-01
98 162 -5.638040359599508e-02
99 155  1.208451484836382e-01
99 163 -5.638040359599508e-02
100 156  1.208451484836382e-01
100 164 -5.638040359599508e-02
101 157  1.208451484836382e-01
101 165 -5.638040359599508e-02
102 158  1.208451484836382e-01
102 166 -5.638040359599508e-02
103 159  1.208451484836382e-01
103 167 -5.638040359599508e-02
104 160  1.208451484836382e-01
104 168 -5.638040359599508e-02
105 169 -8.449728810780391e-02
105 177  6.769393145611581e-02
106 170 -8.449728810780391e-02
106 178  6.769393145611581e-02
107 171 -8.449728810780391e-02
107 179  6.769393145611581e-02
108 172 -8.449728810780391e-02
108 180  6.769393145611581e-02
109 173 -8.449728810780391e-02
109 181  6.769393145611581e-02
110 174 -8.449728810780391e-02
110 182  6.769393145611581e-02
111 175 -8.449728810780391e-02
111 183  6.769393145611581e-02
112 176 -8.449728810780391e-02
112 184  6.769393145611581e-02
113 169  1.460973212494734e-01
113 177 -2.316061413807892e-02
114 170  1.460973212494734e-01
114 178 -2.316061413807892e-02
115 171  1.460973212494734e-01
115 179 -2.316061413807892e-02
116 172  1.460973212494734e-01
116 180 -2.316061413807892e-02
117 173  1.460973212494734e-01
117 181 -2.316061413807892e-02
118 174  1.460973212494734e-01
118 182 -2.316061413807892e-02
119 175  1.460973212494734e-01
119 183 -2.316061413807892e-02
120 176  1.460973212494734e-01
120 184 -2.316061413807892e-02
121 185  2.439226601741698e-02
121 193  1.493494028414910e-01
122 186  2.439226601741698e-02
122 194  1.493494028414910e-01
123 187  2.439226601741698e-02
123 195  1.493494028414910e-01
124 188  2.439226601741698e-02
124 196  1.493494028414910e-01
125 189  2.439226601741698e-02
125 197  1.493494028414910e-01
126 190  2.439226601741698e-02
126 198  1.493494028414910e-01
127 191  2.439226601741698e-02
127 199  1.493494028414910e-01
128 192  2.439226601741698e-02
128 200  1.493494028414910e-01
129 185  9.489299372017501e-02
129 193  2.745426642905323e-02
130 186  9.489299372017501e-02
130 194  2.745426642905323e-02
131 187  9.489299372017501e-02
131 195  2.745426642905323e-02
132 188  9.489299372017501e-02
132 196  2.745426642905323e-02
133 189  9.489299372017501e-02
133 197  2.745426642905323e-02
134 190  9.489299372017501e-02
134 198  2.745426642905323e-02
135 191  9.489299372017501e-02
135 199  2.745426642905323e-02
136 192  9.489299372017501e-02
136 200  2.745426642905323e-02
137 201  1.343421258990934e-01
137 209  1.734905689837496e-01
138 202  1.343421258990934e-01
138 210  1.734905689837496e-01
139 203  1.343421258990934e-01
139 211  1.734905689837496e-01
140 204  1.343421258990934e-01
140 212  1.734905689837496e-01
141 205  1.343421258990934e-01
141 213  1.734905689837496e-01
142 206  1.343421258990934e-01
142 214  1.734905689837496e-01
143 207  1.343421258990934e-01
143 215  1.734905689837496e-01
144 208  1.343421258990934e-01
144 216  1.734905689837496e-01
145 201 -1.900786414113185e-02
145 209  6.869250048971870e-02
146 202 -1.900786414113185e-02
146 210  6.869250048971870e-02
147 203 -1.900786414113185e-02
147 211  6.869250048971870e-02
148 204 -1.900786414113185e-02
148 212  6.869250048971870e-02
149 205 -1.900786414113185e-02
149 213  6.869250048971870e-02
150 206 -1.900786414113185e-02
150 214  6.869250048971870e-02
151 207 -1.900786414113185e-02
151 215  6.869250048971870e-02
152 208 -1.900786414113185e-02
152 216  6.869250048971870e-02
153 217  1.966567356974794e-01
153 225  1.275086289799544e-01
154 218  1.966567356974794e-01
154 226  1.275086289799544e-01
155 219  1.966567356974794e-01
155 227  1.275086289799544e-01
156 220  1.966567356974794e-01
156 228  1.275086289799544e-01
157 221  1.966567356974794e-01
157 229  1.275086289799544e-01
158 222  1.966567356974794e-01
158 230  1.275086289799544e-01
159 223  1.966567356974794e-01
159 231  1.275086289799544e-01
160 224  1.966567356974794e-01
160 232  1.275086289799544e-01
161 217 -1.445811952696127e-01
161 225  7.223695360737867e-02
162 218 -1.445811952696127e-01
162 226  7.223695360737867e-02
163 219 -1.445811952696127e-01
163 227  7.223695360737867e-02
164 220 -1.445811952696127e-01
164 228  7.223695360737867e-02
165 221 -1.445811952696127e-01
165 229  7.223695360737867e-02
166 222 -1.445811952696127e-01
166 230  7.223695360737867e-02
167 223 -1.445811952696127e-01
167 231  7.223695360737867e-02
168 224 -1.445811952696127e-01
168 232  7.223695360737867e-02
169 233  1.711677178905821e-01
170 234  1.711677178905821e-01
171 235  1.711677178905821e-01
172 236  1.711677178905821e-01
173 237  1.711677178905821e-01
174 238  1.711677178905821e-01
175 239  1.711677178905821e-01
176 240  1.711677178905821e-01
177 233 -1.967500860068044e-01
178 234 -1.967500860068044e-01
179 235 -1.967500860068044e-01
180 236 -1.967500860068044e-01
181 237 -1.967500860068044e-01
182 238 -1.967500860068044e-01
183 239 -1.967500860068044e-01
184 240 -1.967500860068044e-01
1 73 -1.082559700854783e-01
1 81 -1.459137690179605e-01
2 74 -1.082559700854783e-01
2 82 -1.459137690179605e-01
3 75 -1.082559700854783e-01
3 83 -1.459137690179605e-01
4 76 -1.082559700854783e-01
4 84 -1.459137690179605e-01
5 77 -1.082559700854783e-01
5 85 -1.459137690179605e-01
6 78 -1.082559700854783e-01
6 86 -1.459137690179605e-01
7 79 -1.082559700854783e-01
7 87 -1.459137690179605e-01
8 80 -1.082559700854783e-01
8 88 -1.459137690179605e-01
9 89 -1.732095521367652e-01
9 97 -1.853353784061832e-01
10 90 -1.732095521367652e-01
10 98 -1.853353784061832e-01
11 91 -1.732095521367652e-01
11 99 -1.853353784061832e-01
12 92 -1.732095521367652e-01
12 100 -1.853353784061832e-01
13 93 -1.732095521367652e-01
13 101 -1.853353784061832e-01
14 94 -1.732095521367652e-01
14 102 -1.853353784061832e-01
15 95 -1.732095521367652e-01
15 103 -1.853353784061832e-01
16 96 -1.732095521367652e-01
16 104 -1.853353784061832e-01
17 89  7.721030913632894e-02
17 97 -5.050850407218366e-02
18 90  7.721030913632894e-02
18 98 -5.050850407218366e-02
19 91  7.721030913632894e-02
19 99 -5.050850407218366e-02
20 92  7.721030913632894e-02
20 100 -5.050850407218366e-02
21 93  7.721030913632894e-02
21 101 -5.050850407218366e-02
22 94  7.721030913632894e-02
22 102 -5.050850407218366e-02
23 95  7.721030913632894e-02
23 103 -5.050850407218366e-02
24 96  7.721030913632894e-02
24 104 -5.050850407218366e-02
25 105 -1.948607461538608e-01
25 113 -1.544206182726579e-01
26 106 -1.948607461538608e-01
26 114 -1.544206182726579e-01
27 107 -1.948607461538608e-01
27 115 -1.544206182726579e-01
28 108 -1.948607461538608e-01
28 116 -1.544206182726579e-01
29 109 -1.948607461538608e-01
29 117 -1.544206182726579e-01
30 110 -1.948607461538608e-01
30 118 -1.544206182726579e-01
31 111 -1.948607461538608e-01
31 119 -1.544206182726579e-01
32 112 -1.948607461538608e-01
32 120 -1.544206182726579e-01
33 105  1.375952737205832e-01
33 113 -7.279050157681946e-02
34 106  1.375952737205832e-01
34 114 -7.279050157681946e-02
35 107  1.375952737205832e-01
35 115 -7.279050157681946e-02
36 108  1.375952737205832e-01
36 116 -7.279050157681946e-02
37 109  1.375952737205832e-01
37 117 -7.279050157681946e-02
38 110  1.375952737205832e-01
38 118 -7.279050157681946e-02
39 111  1.375952737205832e-01
39 119 -7.279050157681946e-02
40 112  1.375952737205832e-01
40 120 -7.279050157681946e-02
41 121 -1.664143548303972e-01
41 129 -7.418126554032244e-02
42 122 -1.664143548303972e-01
42 130 -7.418126554032244e-02
43 123 -1.664143548303972e-01
43 131 -7.418126554032244e-02
44 124 -1.664143548303972e-01
44 132 -7.418126554032244e-02
45 125 -1.664143548303972e-01
45 133 -7.418126554032244e-02
46 126 -1.664143548303972e-01
46 134 -7.418126554032244e-02
47 127 -1.664143548303972e-01
47 135 -7.418126554032244e-02
48 128 -1.664143548303972e-01
48 136 -7.418126554032244e-02
49 121  1.718234020094965e-01
49 129 -6.933872827173523e-02
50 122  1.718234020094965e-01
50 130 -6.933872827173523e-02
51 123  1.718234020094965e-01
51 131 -6.933872827173523e-02
52 124  1.718234020094965e-01
52 132 -6.933872827173523e-02
53 125  1.718234020094965e-01
53 133 -6.933872827173523e-02
54 126  1.718234020094965e-01
54 134 -6.933872827173523e-02
55 127  1.718234020094965e-01
55 135 -6.933872827173523e-02
56 128  1.718234020094965e-01
56 136 -6.933872827173523e-02
57 137 -9.532579721719189e-02
57 145  2.472708851344081e-02
58 138 -9.532579721719189e-02
58 146  2.472708851344081e-02
59 139 -9.532579721719189e-02
59 147  2.472708851344081e-02
60 140 -9.532579721719189e-02
60 148  2.472708851344081e-02
61 141 -9.532579721719189e-02
61 149  2.472708851344081e-02
62 142 -9.532579721719189e-02
62 150  2.472708851344081e-02
63 143 -9.532579721719189e-02
63 151  2.472708851344081e-02
64 144 -9.532579721719189e-02
64 152  2.472708851344081e-02
65 137  1.643594864056575e-01
65 145 -4.181282638504616e-02
66 138  1.643594864056575e-01
66 146 -4.181282638504616e-02
67 139  1.643594864056575e-01
67 147 -4.181282638504616e-02
68 140  1.643594864056575e-01
68 148 -4.181282638504616e-02
69 141  1.643594864056575e-01
69 149 -4.181282638504616e-02
70 142  1.643594864056575e-01
70 150 -4.181282638504616e-02
71 143  1.643594864056575e-01
71 151 -4.181282638504616e-02
72 144  1.643594864056575e-01
72 152 -4.181282638504616e-02
73 161  1.118324655777137e-01
74 162  1.118324655777137e-01
75 163  1.118324655777137e-01
76 164  1.118324655777137e-01
77 165  1.118324655777137e-01
78 166  1.118324655777137e-01
79 167  1.118324655777137e-01
80 168  1.118324655777137e-01
81 153  1.118324655777137e-01
82 154  1.118324655777137e-01
83 155  1.118324655777137e-01
84 156  1.118324655777137e-01
85 157  1.118324655777137e-01
86 158  1.118324655777137e-01
87 159  1.118324655777137e-01
88 160  1.118324655777137e-01
89 169  9.532579721719189e-02
89 177  1.643594864056575e-01
90 170  9.532579721719189e-02
90 178  1.643594864056575e-01
91 171  9.532579721719189e-02
91 179  1.643594864056575e-01
92 172  9.532579721719189e-02
92 180  1.643594864056575e-01
93 173  9.532579721719189e-02
93 181  1.643594864056575e-01
94 174  9.532579721719189e-02
94 182  1.643594864056575e-01
95 175  9.532579721719189e-02
95 183  1.643594864056575e-01
96 176  9.532579721719189e-02
96 184  1.643594864056575e-01
97 169  2.472708851344081e-02
97 177  4.181282638504616e-02
98 170  2.472708851344081e-02
98 178  4.181282638504616e-02
99 171  2.472708851344081e-02
99 179  4.181282638504616e-02
100 172  2.472708851344081e-02
100 180  4.181282638504616e-02
101 173  2.472708851344081e-02
101 181  4.181282638504616e-02
102 174  2.472708851344081e-02
102 182  4.181282638504616e-02
103 175  2.472708851344081e-02
103 183  4.181282638504616e-02
104 176  2.472708851344081e-02
104 184  4.181282638504616e-02
105 185  1.664143548303972e-01
105 193  1.718234020094965e-01
106 186  1.664143548303972e-01
106 194  1.718234020094965e-01
107 187  1.664143548303972e-01
107 195  1.718234020094965e-01
108 188  1.664143548303972e-01
108 196  1.718234020094965e-01
109 189  1.664143548303972e-01
109 197  1.718234020094965e-01
110 190  1.664143548303972e-01
110 198  1.718234020094965e-01
111 191  1.664143548303972e-01
111 199  1.718234020094965e-01
112 192  1.664143548303972e-01
112 200  1.718234020094965e-01
113 185 -7.418126554032244e-02
113 193  6.933872827173523e-02
114 186 -7.418126554032244e-02
114 194  6.933872827173523e-02
115 187 -7.418126554032244e-02
115 195  6.933872827173523e-02
116 188 -7.418126554032244e-02
116 196  6.933872827173523e-02
117 189 -7.418126554032244e-02
117 197  6.933872827173523e-02
118 190 -7.418126554032244e-02
118 198  6.933872827173523e-02
119 191 -7.418126554032244e-02
119 199  6.933872827173523e-02
120 192 -7.418126554032244e-02
120 200  6.933872827173523e-02
121 201  1.948607461538608e-01
121 209  1.375952737205832e-01
122 202  1.948607461538608e-01
122 210  1.375952737205832e-01
123 203  1.948607461538608e-01
123 211  1.375952737205832e-01
124 204  1.948607461538608e-01
124 212  1.375952737205832e-01
125 205  1.948607461538608e-01
125 213  1.375952737205832e-01
126 206  1.948607461538608e-01
126 214  1.375952737205832e-01
127 207  1.948607461538608e-01
127 215  1.375952737205832e-01
128 208  1.948607461538608e-01
128 216  1.375952737205832e-01
129 201 -1.544206182726579e-01
129 209  7.279050157681946e-02
130 202 -1.544206182726579e-01
130 210  7.279050157681946e-02
131 203 -1.544206182726579e-01
131 211  7.279050157681946e-02
132 204 -1.544206182726579e-01
132 212  7.279050157681946e-02
133 205 -1.544206182726579e-01
133 213  7.279050157681946e-02
134 206 -1.544206182726579e-01
134 214  7.279050157681946e-02
135 207 -1.544206182726579e-01
135 215  7.279050157681946e-02
136 208 -1.544206182726579e-01
136 216  7.279050157681946e-02
137 217  1.732095521367652e-01
137 225  7.721030913632894e-02
138 218  1.732095521367652e-01
138 226  7.721030913632894e-02
139 219  1.732095521367652e-01
139 227  7.721030913632894e-02
140 220  1.732095521367652e-01
140 228  7.721030913632894e-02
141 221  1.732095521367652e-01
141 229  7.721030913632894e-02
142 222  1.732095521367652e-01
142 230  7.721030913632894e-02
143 223  1.732095521367652e-01
143 231  7.721030913632894e-02
144 224  1.732095521367652e-01
144 232  7.721030913632894e-02
145 217 -1.853353784061832e-01
145 225  5.050850407218366e-02
146 218 -1.853353784061832e-01
146 226  5.050850407218366e-02
147 219 -1.853353784061832e-01
147 227  5.050850407218366e-02
148 220 -1.853353784061832e-01
148 228  5.050850407218366e-02
149 221 -1.853353784061832e-01
149 229  5.050850407218366e-02
150 222 -1.853353784061832e-01
150 230  5.050850407218366e-02
151 223 -1.853353784061832e-01
151 231  5.050850407218366e-02
152 224 -1.853353784061832e-01
152 232  5.050850407218366e-02
153 233  1.082559700854783e-01
154 234  1.082559700854783e-01
155 235  1.082559700854783e-01
156 236  1.082559700854783e-01
157 237  1.082559700854783e-01
158 238  1.082559700854783e-01
159 239  1.082559700854783e-01
160 240  1.082559700854783e-01
161 233 -1.459137690179605e-01
162 234 -1.459137690179605e-01
163 235 -1.459137690179605e-01
164 236 -1.459137690179605e-01
165 237 -1.459137690179605e-01
166 238 -1.459137690179605e-01
167 239 -1.459137690179605e-01
168 240 -1.459137690179605e-01
1 89  4.841354161626261e-02
1 97  7.534954631852221e-02
2 90  4.841354161626261e-02
2 98  7.534954631852221e-02
3 91  4.841354161626261e-02
3 99  7.534954631852221e-02
4 92  4.841354161626261e-02
4 100  7.534954631852221e-02
5 93  4.841354161626261e-02
5 101  7.534954631852221e-02
6 94  4.841354161626261e-02
6 102  7.534954631852221e-02
7 95  4.841354161626261e-02
7 103  7.534954631852221e-02
8 96  4.841354161626261e-02
8 104  7.534954631852221e-02
9 105  9.921823546951583e-02
9 113  1.347893661135877e-01
10 106  9.921823546951583e-02
10 114  1.347893661135877e-01
11 107  9.921823546951583e-02
11 115  1.347893661135877e-01
12 108  9.921823546951583e-02
12 116  1.347893661135877e-01
13 109  9.921823546951583e-02
13 117  1.347893661135877e-01
14 110  9.921823546951583e-02
14 118  1.347893661135877e-01
15 111  9.921823546951583e-02
15 119  1.347893661135877e-01
16 112  9.921823546951583e-02
16 120  1.347893661135877e-01
17 105 -3.369734152839694e-02
17 113  2.525425203609183e-02
18 106 -3.369734152839694e-02
18 114  2.525425203609183e-02
19 107 -3.369734152839694e-02
19 115  2.525425203609183e-02
20 108 -3.369734152839694e-02
20 116  2.525425203609183e-02
21 109 -3.369734152839694e-02
21 117  2.525425203609183e-02
22 110 -3.369734152839694e-02
22 118  2.525425203609183e-02
23 111 -3.369734152839694e-02
23 119  2.525425203609183e-02
24 112 -3.369734152839694e-02
24 120  2.525425203609183e-02
25 121  1.500038723285639e-01
25 129  1.783095710562949e-01
26 122  1.500038723285639e-01
26 130  1.783095710562949e-01
27 123  1.500038723285639e-01
27 131  1.783095710562949e-01
28 124  1.500038723285639e-01
28 132  1.783095710562949e-01
29 125  1.500038723285639e-01
29 133  1.783095710562949e-01
30 126  1.500038723285639e-01
30 134  1.783095710562949e-01
31 127  1.500038723285639e-01
31 135  1.783095710562949e-01
32 128  1.500038723285639e-01
32 136  1.783095710562949e-01
33 121 -7.476768783228137e-02
33 129  4.902988495979536e-02
34 122 -7.476768783228137e-02
34 130  4.902988495979536e-02
35 123 -7.476768783228137e-02
35 131  4.902988495979536e-02
36 124 -7.476768783228137e-02
36 132  4.902988495979536e-02
37 125 -7.476768783228137e-02
37 133  4.902988495979536e-02
38 126 -7.476768783228137e-02
38 134  4.902988495979536e-02
39 127 -7.476768783228137e-02
39 135  4.902988495979536e-02
40 128 -7.476768783228137e-02
40 136  4.902988495979536e-02
41 137  1.906515944343838e-01
41 145  1.978167081075265e-01
42 138  1.906515944343838e-01
42 146  1.978167081075265e-01
43 139  1.906515944343838e-01
43 147  1.978167081075265e-01
44 140  1.906515944343838e-01
44 148  1.978167081075265e-01
45 141  1.906515944343838e-01
45 149  1.978167081075265e-01
46 142  1.906515944343838e-01
46 150  1.978167081075265e-01
47 143  1.906515944343838e-01
47 151  1.978167081075265e-01
48 144  1.906515944343838e-01
48 152  1.978167081075265e-01
49 137 -1.211374993651300e-01
49 145  6.933872827173523e-02
50 138 -1.211374993651300e-01
50 146  6.933872827173523e-02
51 139 -1.211374993651300e-01
51 147  6.933872827173523e-02
52 140 -1.211374993651300e-01
52 148  6.933872827173523e-02
53 141 -1.211374993651300e-01
53 149  6.933872827173523e-02
54 142 -1.211374993651300e-01
54 150  6.933872827173523e-02
55 143 -1.211374993651300e-01
55 151  6.933872827173523e-02
56 144 -1.211374993651300e-01
56 152  6.933872827173523e-02
57 153  2.131549625870014e-01
57 161  1.915352040255059e-01
58 154  2.131549625870014e-01
58 162  1.915352040255059e-01
59 155  2.131549625870014e-01
59 163  1.915352040255059e-01
60 156  2.131549625870014e-01
60 164  1.915352040255059e-01
61 157  2.131549625870014e-01
61 165  1.915352040255059e-01
62 158  2.131549625870014e-01
62 166  1.915352040255059e-01
63 159  2.131549625870014e-01
63 167  1.915352040255059e-01
64 160  2.131549625870014e-01
64 168  1.915352040255059e-01
65 153 -1.633417708222235e-01
65 161  8.097019012357293e-02
66 154 -1.633417708222235e-01
66 162  8.097019012357293e-02
67 155 -1.633417708222235e-01
67 163  8.097019012357293e-02
68 156 -1.633417708222235e-01
68 164  8.097019012357293e-02
69 157 -1.633417708222235e-01
69 165  8.097019012357293e-02
70 158 -1.633417708222235e-01
70 166  8.097019012357293e-02
71 159 -1.633417708222235e-01
71 167  8.097019012357293e-02
72 160 -1.633417708222235e-01
72 168  8.097019012357293e-02
73 169  2.131549625870014e-01
73 177  1.633417708222235e-01
74 170  2.131549625870014e-01
74 178  1.633417708222235e-01
75 171  2.131549625870014e-01
75 179  1.633417708222235e-01
76 172  2.131549625870014e-01
76 180  1.633417708222235e-01
77 173  2.131549625870014e-01
77 181  1.633417708222235e-01
78 174  2.131549625870014e-01
78 182  1.633417708222235e-01
79 175  2.131549625870014e-01
79 183  1.633417708222235e-01
80 176  2.131549625870014e-01
80 184  1.633417708222235e-01
81 169 -1.915352040255059e-01
81 177  8.097019012357293e-02
82 170 -1.915352040255059e-01
82 178  8.097019012357293e-02
83 171 -1.915352040255059e-01
83 179  8.097019012357293e-02
84 172 -1.915352040255059e-01
84 180  8.097019012357293e-02
85 173 -1.915352040255059e-01
85 181  8.097019012357293e-02
86 174 -1.915352040255059e-01
86 182  8.097019012357293e-02
87 175 -1.915352040255059e-01
87 183  8.097019012357293e-02
88 176 -1.915352040255059e-01
88 184  8.097019012357293e-02
89 185  1.906515944343838e-01
89 193  1.211374993651300e-01
90 186  1.906515944343838e-01
90 194  1.211374993651300e-01
91 187  1.906515944343838e-01
91 195  1.211374993651300e-01
92 188  1.906515944343838e-01
92 196  1.211374993651300e-01
93 189  1.906515944343838e-01
93 197  1.211374993651300e-01
94 190  1.906515944343838e-01
94 198  1.211374993651300e-01
95 191  1.906515944343838e-01
95 199  1.211374993651300e-01
96 192  1.906515944343838e-01
96 200  1.211374993651300e-01
97 185 -1.978167081075265e-01
97 193  6.933872827173523e-02
98 186 -1.978167081075265e-01
98 194  6.933872827173523e-02
99 187 -1.978167081075265e-01
99 195  6.933872827173523e-02
100 188 -1.978167081075265e-01
100 196  6.933872827173523e-02
101 189 -1.978167081075265e-01
101 197  6.933872827173523e-02
102 190 -1.978167081075265e-01
102 198  6.933872827173523e-02
103 191 -1.978167081075265e-01
103 199  6.933872827173523e-02
104 192 -1.978167081075265e-01
104 200  6.933872827173523e-02
105 201  1.500038723285639e-01
105 209  7.476768783228137e-02
106 202  1.500038723285639e-01
106 210  7.476768783228137e-02
107 203  1.500038723285639e-01
107 211  7.476768783228137e-02
108 204  1.500038723285639e-01
108 212  7.476768783228137e-02
109 205  1.500038723285639e-01
109 213  7.476768783228137e-02
110 206  1.500038723285639e-01
110 214  7.476768783228137e-02
111 207  1.500038723285639e-01
111 215  7.476768783228137e-02
112 208  1.500038723285639e-01
112 216  7.476768783228137e-02
113 201 -1.783095710562949e-01
113 209  4.902988495979536e-02
114 202 -1.783095710562949e-01
114 210  4.902988495979536e-02
115 203 -1.783095710562949e-01
115 211  4.902988495979536e-02
116 204 -1.783095710562949e-01
116 212  4.902988495979536e-02
117 205 -1.783095710562949e-01
117 213  4.902988495979536e-02
118 206 -1.783095710562949e-01
118 214  4.902988495979536e-02
119 207 -1.783095710562949e-01
119 215  4.902988495979536e-02
120 208 -1.783095710562949e-01
120 216  4.902988495979536e-02
121 217  9.921823546951583e-02
121 225  3.369734152839694e-02
122 218  9.921823546951583e-02
122 226  3.369734152839694e-02
123 219  9.921823546951583e-02
123 227  3.369734152839694e-02
124 220  9.921823546951583e-02
124 228  3.369734152839694e-02
125 221  9.921823546951583e-02
125 229  3.369734152839694e-02
126 222  9.921823546951583e-02
126 230  3.369734152839694e-02
127 223  9.921823546951583e-02
127 231  3.369734152839694e-02
128 224  9.921823546951583e-02
128 232  3.369734152839694e-02
129 217 -1.347893661135877e-01
129 225  2.525425203609183e-02
130 218 -1.347893661135877e-01
130 226  2.525425203609183e-02
131 219 -1.347893661135877e-01
131 227  2.525425203609183e-02
132 220 -1.347893661135877e-01
132 228  2.525425203609183e-02
133 221 -1.347893661135877e-01
133 229  2.525425203609183e-02
134 222 -1.347893661135877e-01
134 230  2.525425203609183e-02
135 223 -1.347893661135877e-01
135 231  2.525425203609183e-02
136 224 -1.347893661135877e-01
136 232  2.525425203609183e-02
137 233  4.841354161626261e-02
138 234  4.841354161626261e-02
139 235  4.841354161626261e-02
140 236  4.841354161626261e-02
141 237  4.841354161626261e-02
142 238  4.841354161626261e-02
143 239  4.841354161626261e-02
144 240  4.841354161626261e-02
145 233 -7.534954631852221e-02
146 234 -7.534954631852221e-02
147 235 -7.534954631852221e-02
148 236 -7.534954631852221e-02
149 237 -7.534954631852221e-02
150 238 -7.534954631852221e-02
151 239 -7.534954631852221e-02
152 240 -7.534954631852221e-02
1 1  8.973405340848821e+00
2 2  8.973405340848821e+00
3 3  8.973405340848821e+00
4 4  8.973405340848821e+00
5 5  8.973405340848821e+00
6 6  8.973405340848821e+00
7 7  8.973405340848821e+00
8 8  8.973405340848821e+00
9 9  7.776951295402311e+00
9 17  3.970019007049717e-01
10 10  7.776951295402311e+00
10 18  3.970019007049717e-01
11 11  7.776951295402311e+00
11 19  3.970019007049717e-01
12 12  7.776951295402311e+00
12 20  3.970019007049717e-01
13 13  7.776951295402311e+00
13 21  3.970019007049717e-01
14 14  7.776951295402311e+00
14 22  3.970019007049717e-01
15 15  7.776951295402311e+00
15 23  3.970019007049717e-01
16 16  7.776951295402311e+00
16 24  3.970019007049717e-01
17 17  7.192151426987926e+00
18 18  7.192151426987926e+00
19 19  7.192151426987926e+00
20 20  7.192151426987926e+00
21 21  7.192151426987926e+00
22 22  7.192151426987926e+00
23 23  7.192151426987926e+00
24 24  7.192151426987926e+00
25 25  6.580497249955802e+00
25 33  5.410223944564432e-01
26 26  6.580497249955802e+00
26 34  5.410223944564432e-01
27 27  6.580497249955802e+00
27 35  5.410223944564432e-01
28 28  6.580497249955802e+00
28 36  5.410223944564432e-01
29 29  6.580497249955802e+00
29 37  5.410223944564432e-01
30 30  6.580497249955802e+00
30 38  5.410223944564432e-01
31 31  6.580497249955802e+00
31 39  5.410223944564432e-01
32 32  6.580497249955802e+00
32 40  5.410223944564432e-01
33 33  6.085666592066706e+00
34 34  6.085666592066706e+00
35 35  6.085666592066706e+00
36 36  6.085666592066706e+00
37 37  6.085666592066706e+00
38 38  6.085666592066706e+00
39 39  6.085666592066706e+00
40 40  6.085666592066706e+00
41 41  5.384043204509292e+00
41 49  6.366193261440224e-01
42 42  5.384043204509292e+00
42 50  6.366193261440224e-01
43 43  5.384043204509292e+00
43 51  6.366193261440224e-01
44 44  5.384043204509292e+00
44 52  6.366193261440224e-01
45 45  5.384043204509292e+00
45 53  6.366193261440224e-01
46 46  5.384043204509292e+00
46 54  6.366193261440224e-01
47 47  5.384043204509292e+00
47 55  6.366193261440224e-01
48 48  5.384043204509292e+00
48 56  6.366193261440224e-01
49 49  4.979181757145486e+00
50 50  4.979181757145486e+00
51 51  4.979181757145486e+00
52 52  4.979181757145486e+00
53 53  4.979181757145486e+00
54 54  4.979181757145486e+00
55 55  4.979181757145486e+00
56 56  4.979181757145486e+00
57 57  4.187589159062783e+00
57 65  7.038091463695381e-01
58 58  4.187589159062783e+00
58 66  7.038091463695381e-01
59 59  4.187589159062783e+00
59 67  7.038091463695381e-01
60 60  4.187589159062783e+00
60 68  7.038091463695381e-01
61 61  4.187589159062783e+00
61 69  7.038091463695381e-01
62 62  4.187589159062783e+00
62 70  7.038091463695381e-01
63 63  4.187589159062783e+00
63 71  7.038091463695381e-01
64 64  4.187589159062783e+00
64 72  7.038091463695381e-01
65 65  3.872696922224268e+00
66 66  3.872696922224268e+00
67 67  3.872696922224268e+00
68 68  3.872696922224268e+00
69 69  3.872696922224268e+00
70 70  3.872696922224268e+00
71 71  3.872696922224268e+00
72 72  3.872696922224268e+00
73 73  2.991135113616274e+00
73 81  7.502630709180810e-01
74 74  2.991135113616274e+00
74 82  7.502630709180810e-01
75 75  2.991135113616274e+00
75 83  7.502630709180810e-01
76 76  2.991135113616274e+00
76 84  7.502630709180810e-01
77 77  2.991135113616274e+00
77 85  7.502630709180810e-01
78 78  2.991135113616274e+00
78 86  7.502630709180810e-01
79 79  2.991135113616274e+00
79 87  7.502630709180810e-01
80 80  2.991135113616274e+00
80 88  7.502630709180810e-01
81 81  2.766212087303048e+00
82 82  2.766212087303048e+00
83 83  2.766212087303048e+00
84 84  2.766212087303048e+00
85 85  2.766212087303048e+00
86 86  2.766212087303048e+00
87 87  2.766212087303048e+00
88 88  2.766212087303048e+00
89 89  1.794681068169764e+00
89 97  7.796962547236608e-01
90 90  1.794681068169764e+00
90 98  7.796962547236608e-01
91 91  1.794681068169764e+00
91 99  7.796962547236608e-01
92 92  1.794681068169764e+00
92 100  7.796962547236608e-01
93 93  1.794681068169764e+00
93 101  7.796962547236608e-01
94 94  1.794681068169764e+00
94 102  7.796962547236608e-01
95 95  1.794681068169764e+00
95 103  7.796962547236608e-01
96 96  1.794681068169764e+00
96 104  7.796962547236608e-01
97 97  1.659727252381829e+00
98 98  1.659727252381829e+00
99 99  1.659727252381829e+00
100 100  1.659727252381829e+00
101 101  1.659727252381829e+00
102 102  1.659727252381829e+00
103 103  1.659727252381829e+00
104 104  1.659727252381829e+00
105 105  5.982270227232547e-01
105 113  7.940038014099434e-01
106 106  5.982270227232547e-01
106 114  7.940038014099434e-01
107 107  5.982270227232547e-01
107 115  7.940038014099434e-01
108 108  5.982270227232547e-01
108 116  7.940038014099434e-01
109 109  5.982270227232547e-01
109 117  7.940038014099434e-01
110 110  5.982270227232547e-01
110 118  7.940038014099434e-01
111 111  5.982270227232547e-01
111 119  7.940038014099434e-01
112 112  5.982270227232547e-01
112 120  7.940038014099434e-01
113 113  5.532424174606096e-01
114 114  5.532424174606096e-01
115 115  5.532424174606096e-01
116 116  5.532424174606096e-01
117 117  5.532424174606096e-01
118 118  5.532424174606096e-01
119 119  5.532424174606096e-01
120 120  5.532424174606096e-01
121 121 -5.982270227232547e-01
121 129  7.940038014099434e-01
122 122 -5.982270227232547e-01
122 130  7.940038014099434e-01
123 123 -5.982270227232547e-01
123 131  7.940038014099434e-01
124 124 -5.982270227232547e-01
124 132  7.940038014099434e-01
125 125 -5.982270227232547e-01
125 133  7.940038014099434e-01
126 126 -5.982270227232547e-01
126 134  7.940038014099434e-01
127 127 -5.982270227232547e-01
127 135  7.940038014099434e-01
128 128 -5.982270227232547e-01
128 136  7.940038014099434e-01
129 129 -5.532424174606096e-01
130 130 -5.532424174606096e-01
131 131 -5.532424174606096e-01
132 132 -5.532424174606096e-01
133 133 -5.532424174606096e-01
134 134 -5.532424174606096e-01
135 135 -5.532424174606096e-01
136 136 -5.532424174606096e-01
137 137 -1.794681068169764e+00
137 145  7.796962547236608e-01
138 138 -1.794681068169764e+00
138 146  7.796962547236608e-01
139 139 -1.794681068169764e+00
139 147  7.796962547236608e-01
140 140 -1.794681068169764e+00
140 148  7.796962547236608e-01
141 141 -1.794681068169764e+00
141 149  7.796962547236608e-01
142 142 -1.794681068169764e+00
142 150  7.796962547236608e-01
143 143 -1.794681068169764e+00
143 151  7.796962547236608e-01
144 144 -1.794681068169764e+00
144 152  7.796962547236608e-01
145 145 -1.659727252381829e+00
146 146 -1.659727252381829e+00
147 147 -1.659727252381829e+00
148 148 -1.659727252381829e+00
149 149 -1.659727252381829e+00
150 150 -1.659727252381829e+00
151 151 -1.659727252381829e+00
152 152 -1.659727252381829e+00
153 153 -2.991135113616274e+00
153 161  7.502630709180810e-01
154 154 -2.991135113616274e+00
154 162  7.502630709180810e-01
155 155 -2.991135113616274e+00
155 163  7.502630709180810e-01
156 156 -2.991135113616274e+00
156 164  7.502630709180810e-01
157 157 -2.991135113616274e+00
157 165  7.502630709180810e-01
158 158 -2.991135113616274e+00
158 166  7.502630709180810e-01
159 159 -2.991135113616274e+00
159 167  7.502630709180810e-01
160 160 -2.991135113616274e+00
160 168  7.502630709180810e-01
161 161 -2.766212087303048e+00
162 162 -2.766212087303048e+00
163 163 -2.766212087303048e+00
164 164 -2.766212087303048e+00
165 165 -2.766212087303048e+00
166 166 -2.766212087303048e+00
167 167 -2.766212087303048e+00
168 168 -2.766212087303048e+00
169 169 -4.187589159062783e+00
169 177  7.038091463695381e-01
170 170 -4.187589159062783e+00
170 178  7.038091463695381e-01
171 171 -4.187589159062783e+00
171 179  7.038091463695381e-01
172 172 -4.187589159062783e+00
172 180  7.038091463695381e-01
173 173 -4.187589159062783e+00
173 181  7.038091463695381e-01
174 174 -4.187589159062783e+00
174 182  7.038091463695381e-01
175 175 -4.187589159062783e+00
175 183  7.038091463695381e-01
176 176 -4.187589159062783e+00
176 184  7.038091463695381e-01
177 177 -3.872696922224268e+00
178 178 -3.872696922224268e+00
179 179 -3.872696922224268e+00
180 180 -3.872696922224268e+00
181 181 -3.872696922224268e+00
182 182 -3.872696922224268e+00
183 183 -3.872696922224268e+00
184 184 -3.872696922224268e+00
185 185 -5.384043204509292e+00
185 193  6.366193261440224e-01
186 186 -5.384043204509292e+00
186 194  6.366193261440224e-01
187 187 -5.384043204509292e+00
187 195  6.366193261440224e-01
188 188 -5.384043204509292e+00
188 196  6.366193261440224e-01
189 189 -5.384043204509292e+00
189 197  6.366193261440224e-01
190 190 -5.384043204509292e+00
190 198  6.366193261440224e-01
191 191 -5.384043204509292e+00
191 199  6.366193261440224e-01
192 192 -5.384043204509292e+00
192 200  6.366193261440224e-01
193 193 -4.979181757145486e+00
194 194 -4.979181757145486e+00
195 195 -4.979181757145486e+00
196 196 -4.979181757145486e+00
197 197 -4.979181757145486e+00
198 198 -4.979181757145486e+00
199 199 -4.979181757145486e+00
200 200 -4.979181757145486e+00
201 201 -6.580497249955802e+00
201 209  5.410223944564432e-01
202 202 -6.580497249955802e+00
202 210  5.410223944564432e-01
203 203 -6.580497249955802e+00
203 211  5.410223944564432e-01
204 204 -6.580497249955802e+00
204 212  5.410223944564432e-01
205 205 -6.580497249955802e+00
205 213  5.410223944564432e-01
206 206 -6.580497249955802e+00
206 214  5.410223944564432e-01
207 207 -6.580497249955802e+00
207 215  5.410223944564432e-01
208 208 -6.580497249955802e+00
208 216  5.410223944564432e-01
209 209 -6.085666592066706e+00
210 210 -6.085666592066706e+00
211 211 -6.085666592066706e+00
212 212 -6.085666592066706e+00
213 213 -6.085666592066706e+00
214 214 -6.085666592066706e+00
215 215 -6.085666592066706e+00
216 216 -6.085666592066706e+00
217 217 -7.776951295402311e+00
217 225  3.970019007049717e-01
218 218 -7.776951295402311e+00
218 226  3.970019007049717e-01
219 219 -7.776951295402311e+00
219 227  3.970019007049717e-01
220 220 -7.776951295402311e+00
220 228  3.970019007049717e-01
221 221 -7.776951295402311e+00
221 229  3.970019007049717e-01
222 222 -7.776951295402311e+00
222 230  3.970019007049717e-01
223 223 -7.776951295402311e+00
223 231  3.970019007049717e-01
224 224 -7.776951295402311e+00
224 232  3.970019007049717e-01
225 225 -7.192151426987926e+00
226 226 -7.192151426987926e+00
227 227 -7.192151426987926e+00
228 228 -7.192151426987926e+00
229 229 -7.192151426987926e+00
230 230 -7.192151426987926e+00
231 231 -7.192151426987926e+00
232 232 -7.192151426987926e+00
233 233 -8.973405340848821e+00
234 234 -8.973405340848821e+00
235 235 -8.973405340848821e+00
236 236 -8.973405340848821e+00
237 237 -8.973405340848821e+00
238 238 -8.973405340848821e+00
239 239 -8.973405340848821e+00
240 240 -8.973405340848821e+00
1 9 -3.276624348546822e+00
1 17  1.087234481942696e+00
2 10 -3.276624348546822e+00
2 18  1.087234481942696e+00
3 11 -3.276624348546822e+00
3 19  1.087234481942696e+00
4 12 -3.276624348546822e+00
4 20  1.087234481942696e+00
5 13 -3.276624348546822e+00
5 21  1.087234481942696e+00
6 14 -3.276624348546822e+00
6 22  1.087234481942696e+00
7 15 -3.276624348546822e+00
7 23  1.087234481942696e+00
8 16 -3.276624348546822e+00
8 24  1.087234481942696e+00
9 25 -4.476721117080497e+00
9 33  1.012160219314038e+00
10 26 -4.476721117080497e+00
10 34  1.012160219314038e+00
11 27 -4.476721117080497e+00
11 35  1.012160219314038e+00
12 28 -4.476721117080497e+00
12 36  1.012160219314038e+00
13 29 -4.476721117080497e+00
13 37  1.012160219314038e+00
14 30 -4.476721117080497e+00
14 38  1.012160219314038e+00
15 31 -4.476721117080497e+00
15 39  1.012160219314038e+00
16 32 -4.476721117080497e+00
16 40  1.012160219314038e+00
17 25 -1.061032210240037e-01
17 33 -2.820993882378894e+00
18 26 -1.061032210240037e-01
18 34 -2.820993882378894e+00
19 27 -1.061032210240037e-01
19 35 -2.820993882378894e+00
20 28 -1.061032210240037e-01
20 36 -2.820993882378894e+00
21 29 -1.061032210240037e-01
21 37 -2.820993882378894e+00
22 30 -1.061032210240037e-01
22 38 -2.820993882378894e+00
23 31 -1.061032210240037e-01
23 39 -2.820993882378894e+00
24 32 -1.061032210240037e-01
24 40 -2.820993882378894e+00
25 41 -5.283398008467061e+00
25 49  9.370782752311302e-01
26 42 -5.283398008467061e+00
26 50  9.370782752311302e-01
27 43 -5.283398008467061e+00
27 51  9.370782752311302e-01
28 44 -5.283398008467061e+00
28 52  9.370782752311302e-01
29 45 -5.283398008467061e+00
29 53  9.370782752311302e-01
30 46 -5.283398008467061e+00
30 54  9.370782752311302e-01
31 47 -5.283398008467061e+00
31 55  9.370782752311302e-01
32 48 -5.283398008467061e+00
32 56  9.370782752311302e-01
33 41 -1.837761696602847e-01
33 49 -3.832975903776028e+00
34 42 -1.837761696602847e-01
34 50 -3.832975903776028e+00
35 43 -1.837761696602847e-01
35 51 -3.832975903776028e+00
36 44 -1.837761696602847e-01
36 52 -3.832975903776028e+00
37 45 -1.837761696602847e-01
37 53 -3.832975903776028e+00
38 46 -1.837761696602847e-01
38 54 -3.832975903776028e+00
39 47 -1.837761696602847e-01
39 55 -3.832975903776028e+00
40 48 -1.837761696602847e-01
40 56 -3.832975903776028e+00
41 57 -5.861403824065327e+00
41 65  8.619866424545839e-01
42 58 -5.861403824065327e+00
42 66  8.619866424545839e-01
43 59 -5.861403824065327e+00
43 67  8.619866424545839e-01
44 60 -5.861403824065327e+00
44 68  8.619866424545839e-01
45 61 -5.861403824065327e+00
45 69  8.619866424545839e-01
46 62 -5.861403824065327e+00
46 70  8.619866424545839e-01
47 63 -5.861403824065327e+00
47 71  8.619866424545839e-01
48 64 -5.861403824065327e+00
48 72  8.619866424545839e-01
49 57 -2.598987515745536e-01
49 65 -4.494562646523633e+00
50 58 -2.598987515745536e-01
50 66 -4.494562646523633e+00
51 59 -2.598987515745536e-01
51 67 -4.494562646523633e+00
52 60 -2.598987515745536e-01
52 68 -4.494562646523633e+00
53 61 -2.598987515745536e-01
53 69 -4.494562646523633e+00
54 62 -2.598987515745536e-01
54 70 -4.494562646523633e+00
55 63 -2.598987515745536e-01
55 71 -4.494562646523633e+00
56 64 -2.598987515745536e-01
56 72 -4.494562646523633e+00
57 73 -6.274257946466358e+00
57 81  7.868825472341932e-01
58 74 -6.274257946466358e+00
58 82  7.868825472341932e-01
59 75 -6.274257946466358e+00
59 83  7.868825472341932e-01
60 76 -6.274257946466358e+00
60 84  7.868825472341932e-01
61 77 -6.274257946466358e+00
61 85  7.868825472341932e-01
62 78 -6.274257946466358e+00
62 86  7.868825472341932e-01
63 79 -6.274257946466358e+00
63 87  7.868825472341932e-01
64 80 -6.274257946466358e+00
64 88  7.868825472341932e-01
65 73 -3.355278455161149e-01
65 81 -4.948350613912959e+00
66 74 -3.355278455161149e-01
66 82 -4.948350613912959e+00
67 75 -3.355278455161149e-01
67 83 -4.948350613912959e+00
68 76 -3.355278455161149e-01
68 84 -4.948350613912959e+00
69 77 -3.355278455161149e-01
69 85 -4.948350613912959e+00
70 78 -3.355278455161149e-01
70 86 -4.948350613912959e+00
71 79 -3.355278455161149e-01
71 87 -4.948350613912959e+00
72 80 -3.355278455161149e-01
72 88 -4.948350613912959e+00
73 89 -6.553248697093644e+00
73 97  7.117620445240715e-01
74 90 -6.553248697093644e+00
74 98  7.117620445240715e-01
75 91 -6.553248697093644e+00
75 99  7.117620445240715e-01
76 92 -6.553248697093644e+00
76 100  7.117620445240715e-01
77 93 -6.553248697093644e+00
77 101  7.117620445240715e-01
78 94 -6.553248697093644e+00
78 102  7.117620445240715e-01
79 95 -6.553248697093644e+00
79 103  7.117620445240715e-01
80 96 -6.553248697093644e+00
80 104  7.117620445240715e-01
81 89 -4.109360080049311e-01
81 97 -5.248518412179703e+00
82 90 -4.109360080049311e-01
82 98 -5.248518412179703e+00
83 91 -4.109360080049311e-01
83 99 -5.248518412179703e+00
84 92 -4.109360080049311e-01
84 100 -5.248518412179703e+00
85 93 -4.109360080049311e-01
85 101 -5.248518412179703e+00
86 94 -4.109360080049311e-01
86 102 -5.248518412179703e+00
87 95 -4.109360080049311e-01
87 103 -5.248518412179703e+00
88 96 -4.109360080049311e-01
88 104 -5.248518412179703e+00
89 105 -6.715081675620746e+00
89 113  6.366193261440224e-01
90 106 -6.715081675620746e+00
90 114  6.366193261440224e-01
91 107 -6.715081675620746e+00
91 115  6.366193261440224e-01
92 108 -6.715081675620746e+00
92 116  6.366193261440224e-01
93 109 -6.715081675620746e+00
93 117  6.366193261440224e-01
94 110 -6.715081675620746e+00
94 118  6.366193261440224e-01
95 111 -6.715081675620746e+00
95 119  6.366193261440224e-01
96 112 -6.715081675620746e+00
96 120  6.366193261440224e-01
97 105 -4.862260418211270e-01
97 113 -5.420646507369329e+00
98 106 -4.862260418211270e-01
98 114 -5.420646507369329e+00
99 107 -4.862260418211270e-01
99 115 -5.420646507369329e+00
100 108 -4.862260418211270e-01
100 116 -5.420646507369329e+00
101 109 -4.862260418211270e-01
101 117 -5.420646507369329e+00
102 110 -4.862260418211270e-01
102 118 -5.420646507369329e+00
103 111 -4.862260418211270e-01
103 119 -5.420646507369329e+00
104 112 -4.862260418211270e-01
104 120 -5.420646507369329e+00
105 121 -6.768166151306436e+00
105 129  5.614454722648677e-01
106 122 -6.768166151306436e+00
106 130  5.614454722648677e-01
107 123 -6.768166151306436e+00
107 131  5.614454722648677e-01
108 124 -6.768166151306436e+00
108 132  5.614454722648677e-01
109 125 -6.768166151306436e+00
109 133  5.614454722648677e-01
110 126 -6.768166151306436e+00
110 134  5.614454722648677e-01
111 127 -6.768166151306436e+00
111 135  5.614454722648677e-01
112 128 -6.768166151306436e+00
112 136  5.614454722648677e-01
113 121 -5.614454722648677e-01
113 129 -5.476820510370102e+00
114 122 -5.614454722648677e-01
114 130 -5.476820510370102e+00
115 123 -5.614454722648677e-01
115 131 -5.476820510370102e+00
116 124 -5.614454722648677e-01
116 132 -5.476820510370102e+00
117 125 -5.614454722648677e-01
117 133 -5.476820510370102e+00
118 126 -5.614454722648677e-01
118 134 -5.476820510370102e+00
119 127 -5.614454722648677e-01
119 135 -5.476820510370102e+00
120 128 -5.614454722648677e-01
120 136 -5.476820510370102e+00
121 137 -6.715081675620746e+00
121 145  4.862260418211270e-01
122 138 -6.715081675620746e+00
122 146  4.862260418211270e-01
123 139 -6.715081675620746e+00
123 147  4.862260418211270e-01
124 140 -6.715081675620746e+00
124 148  4.862260418211270e-01
125 141 -6.715081675620746e+00
125 149  4.862260418211270e-01
126 142 -6.715081675620746e+00
126 150  4.862260418211270e-01
127 143 -6.715081675620746e+00
127 151  4.862260418211270e-01
128 144 -6.715081675620746e+00
128 152  4.862260418211270e-01
129 137 -6.366193261440224e-01
129 145 -5.420646507369329e+00
130 138 -6.366193261440224e-01
130 146 -5.420646507369329e+00
131 139 -6.366193261440224e-01
131 147 -5.420646507369329e+00
132 140 -6.366193261440224e-01
132 148 -5.420646507369329e+00
133 141 -6.366193261440224e-01
133 149 -5.420646507369329e+00
134 142 -6.366193261440224e-01
134 150 -5.420646507369329e+00
135 143 -6.366193261440224e-01
135 151 -5.420646507369329e+00
136 144 -6.366193261440224e-01
136 152 -5.420646507369329e+00
137 153 -6.553248697093644e+00
137 161  4.109360080049311e-01
138 154 -6.553248697093644e+00
138 162  4.109360080049311e-01
139 155 -6.553248697093644e+00
139 163  4.109360080049311e-01
140 156 -6.553248697093644e+00
140 164  4.109360080049311e-01
141 157 -6.553248697093644e+00
141 165  4.109360080049311e-01
142 158 -6.553248697093644e+00
142 166  4.109360080049311e-01
143 159 -6.553248697093644e+00
143 167  4.109360080049311e-01
144 160 -6.553248697093644e+00
144 168  4.109360080049311e-01
145 153 -7.117620445240715e-01
145 161 -5.248518412179703e+00
146 154 -7.117620445240715e-01
146 162 -5.248518412179703e+00
147 155 -7.117620445240715e-01
147 163 -5.248518412179703e+00
148 156 -7.117620445240715e-01
148 164 -5.248518412179703e+00
149 157 -7.117620445240715e-01
149 165 -5.248518412179703e+00
150 158 -7.117620445240715e-01
150 166 -5.248518412179703e+00
151 159 -7.117620445240715e-01
151 167 -5.248518412179703e+00
152 160 -7.117620445240715e-01
152 168 -5.248518412179703e+00
153 169 -6.274257946466358e+00
153 177  3.355278455161149e-01
154 170 -6.274257946466358e+00
154 178  3.355278455161149e-01
155 171 -6.274257946466358e+00
155 179  3.355278455161149e-01
156 172 -6.274257946466358e+00
156 180  3.355278455161149e-01
157 173 -6.274257946466358e+00
157 181  3.355278455161149e-01
158 174 -6.274257946466358e+00
158 182  3.355278455161149e-01
159 175 -6.274257946466358e+00
159 183  3.355278455161149e-01
160 176 -6.274257946466358e+00
160 184  3.355278455161149e-01
161 169 -7.868825472341932e-01
161 177 -4.948350613912959e+00
162 170 -7.868825472341932e-01
162 178 -4.948350613912959e+00
163 171 -7.868825472341932e-01
163 179 -4.948350613912959e+00
164 172 -7.868825472341932e-01
164 180 -4.948350613912959e+00
165 173 -7.868825472341932e-01
165 181 -4.948350613912959e+00
166 174 -7.868825472341932e-01
166 182 -4.948350613912959e+00
167 175 -7.868825472341932e-01
167 183 -4.948350613912959e+00
168 176 -7.868825472341932e-01
168 184 -4.948350613912959e+00
169 185 -5.861403824065327e+00
169 193  2.598987515745536e-01
170 186 -5.861403824065327e+00
170 194  2.598987515745536e-01
171 187 -5.861403824065327e+00
171 195  2.598987515745536e-01
172 188 -5.861403824065327e+00
172 196  2.598987515745536e-01
173 189 -5.861403824065327e+00
173 197  2.598987515745536e-01
174 190 -5.861403824065327e+00
174 198  2.598987515745536e-01
175 191 -5.861403824065327e+00
175 199  2.598987515745536e-01
176 192 -5.861403824065327e+00
176 200  2.598987515745536e-01
177 185 -8.619866424545839e-01
177 193 -4.494562646523633e+00
178 186 -8.619866424545839e-01
178 194 -4.494562646523633e+00
179 187 -8.619866424545839e-01
179 195 -4.494562646523633e+00
180 188 -8.619866424545839e-01
180 196 -4.494562646523633e+00
181 189 -8.619866424545839e-01
181 197 -4.494562646523633e+00
182 190 -8.619866424545839e-01
182 198 -4.494562646523633e+00
183 191 -8.619866424545839e-01
183 199 -4.494562646523633e+00
184 192 -8.619866424545839e-01
184 200 -4.494562646523633e+00
185 201 -5.283398008467061e+00
185 209  1.837761696602847e-01
186 202 -5.283398008467061e+00
186 210  1.837761696602847e-01
187 203 -5.283398008467061e+00
187 211  1.837761696602847e-01
188 204 -5.283398008467061e+00
188 212  1.837761696602847e-01
189 205 -5.283398008467061e+00
189 213  1.837761696602847e-01
190 206 -5.283398008467061e+00
190 214  1.837761696602847e-01
191 207 -5.283398008467061e+00
191 215  1.837761696602847e-01
192 208 -5.283398008467061e+00
192 216  1.837761696602847e-01
193 201 -9.370782752311302e-01
193 209 -3.832975903776028e+00
194 202 -9.370782752311302e-01
194 210 -3.832975903776028e+00
195 203 -9.370782752311302e-01
195 211 -3.832975903776028e+00
196 204 -9.370782752311302e-01
196 212 -3.832975903776028e+00
197 205 -9.370782752311302e-01
197 213 -3.832975903776028e+00
198 206 -9.370782752311302e-01
198 214 -3.832975903776028e+00
199 207 -9.370782752311302e-01
199 215 -3.832975903776028e+00
200 208 -9.370782752311302e-01
200 216 -3.832975903776028e+00
201 217 -4.476721117080497e+00
201 225  1.061032210240037e-01
202 218 -4.476721117080497e+00
202 226  1.061032210240037e-01
203 219 -4.476721117080497e+00
203 227  1.061032210240037e-01
204 220 -4.476721117080497e+00
204 228  1.061032210240037e-01
205 221 -4.476721117080497e+00
205 229  1.061032210240037e-01
206 222 -4.476721117080497e+00
206 230  1.061032210240037e-01
207 223 -4.476721117080497e+00
207 231  1.061032210240037e-01
208 224 -4.476721117080497e+00
208 232  1.061032210240037e-01
209 217 -1.012160219314038e+00
209 225 -2.820993882378894e+00
210 218 -1.012160219314038e+00
210 226 -2.820993882378894e+00
211 219 -1.012160219314038e+00
211 227 -2.820993882378894e+00
212 220 -1.012160219314038e+00
212 228 -2.820993882378894e+00
213 221 -1.012160219314038e+00
213 229 -2.820993882378894e+00
214 222 -1.012160219314038e+00
214 230 -2.820993882378894e+00
215 223 -1.012160219314038e+00
215 231 -2.820993882378894e+00
216 224 -1.012160219314038e+00
216 232 -2.820993882378894e+00
217 233 -3.276624348546822e+00
218 234 -3.276624348546822e+00
219 235 -3.276624348546822e+00
220 236 -3.276624348546822e+00
221 237 -3.276624348546822e+00
222 238 -3.276624348546822e+00
223 239 -3.276624348546822e+00
224 240 -3.276624348546822e+00
225 233 -1.087234481942696e+00
226 234 -1.087234481942696e+00
227 235 -1.087234481942696e+00
228 236 -1.087234481942696e+00
229 237 -1.087234481942696e+00
230 238 -1.087234481942696e+00
231 239 -1.087234481942696e+00
232 240 -1.087234481942696e+00
1 1  2.110501968772793e+01
2 2  1.507501406266281e+01
2 9  4.119278050566782e+00
2 17  2.029321633400689e+00
3 3  9.045008437597684e+00
3 10  5.393400992940689e+00
3 18  2.657005712705737e+00
4 4  3.015002812532561e+00
4 11  6.030005625065121e+00
4 19  2.970622695107653e+00
5 5 -3.015002812532561e+00
5 12  6.227763030243803e+00
5 20  3.068045926938062e+00
6 6 -9.045008437597684e+00
6 13  6.030005625065121e+00
6 21  2.970622695107653e+00
7 7 -1.507501406266281e+01
7 14  5.393400992940689e+00
7 22  2.657005712705737e+00
8 8 -2.110501968772793e+01
8 15  4.119278050566782e+00
8 23  2.029321633400689e+00
9 9  1.829101706269754e+01
9 17 -1.386290591050238e+00
10 10  1.306501218764110e+01
10 18 -9.902075650358844e-01
10 25  5.628005250060780e+00
10 33  1.889195627654700e+00
11 11  7.839007312584659e+00
11 19 -5.941245390215306e-01
11 26  7.368788591432113e+00
11 34  2.473537704659220e+00
12 12  2.613002437528220e+00
12 20 -1.980415130071769e-01
12 27  8.238556101133565e+00
12 35  2.765499226263407e+00
13 13 -2.613002437528220e+00
13 21  1.980415130071769e-01
13 28  8.508744153729548e+00
13 36  2.856195319271379e+00
14 14 -7.839007312584659e+00
14 22  5.941245390215306e-01
14 29  8.238556101133565e+00
14 37  2.765499226263407e+00
15 15 -1.306501218764110e+01
15 23  9.902075650358844e-01
15 30  7.368788591432113e+00
15 38  2.473537704659220e+00
16 16 -1.829101706269754e+01
16 24  1.386290591050238e+00
16 31  5.628005250060780e+00
16 39  1.889195627654700e+00
17 17  2.033307920891275e+01
18 18  1.452362800636625e+01
18 25 -1.980415130071768e-01
18 33  4.262971723713787e+00
19 19  8.714176803819750e+00
19 26 -2.592972068854199e-01
19 34  5.581540174107086e+00
20 20  2.904725601273250e+00
20 27 -2.899030904858126e-01
20 35  6.240351624224728e+00
21 21 -2.904725601273250e+00
21 28 -2.994106243908305e-01
21 36  6.445007444026874e+00
22 22 -8.714176803819750e+00
22 29 -2.899030904858126e-01
22 37  6.240351624224728e+00
23 23 -1.452362800636625e+01
23 30 -2.592972068854199e-01
23 38  5.581540174107086e+00
24 24 -2.033307920891275e+01
24 31 -1.980415130071768e-01
24 39  4.262971723713787e+00
25 25  1.547701443766715e+01
25 33 -1.889195627654700e+00
26 26  1.105501031261939e+01
26 34 -1.349425448324785e+00
26 41  6.642136276115638e+00
26 49  1.749055284485142e+00
27 27  6.633006187571635e+00
27 35 -8.096552689948712e-01
27 42  8.696597789003432e+00
27 50  2.290050924518766e+00
28 28  2.211002062523878e+00
28 36 -2.698850896649571e-01
28 43  9.723091914593024e+00
28 51  2.560354769580101e+00
29 29 -2.211002062523878e+00
29 37  2.698850896649571e-01
29 44  1.004196614903007e+01
29 52  2.644323035457723e+00
30 30 -6.633006187571635e+00
30 38  8.096552689948712e-01
30 45  9.723091914593024e+00
30 53  2.560354769580101e+00
31 31 -1.105501031261939e+01
31 39  1.349425448324785e+00
31 46  8.696597789003432e+00
31 54  2.290050924518766e+00
32 32 -1.547701443766715e+01
32 40  1.889195627654700e+00
32 47  6.642136276115638e+00
32 55  1.749055284485142e+00
33 33  1.720491317677233e+01
34 34  1.228922369769452e+01
34 41 -3.430179625362430e-01
34 49  5.792237975962706e+00
35 35  7.373534218616712e+00
35 42 -4.491159365862457e-01
35 50  7.583819705156259e+00
36 36  2.457844739538904e+00
36 43 -5.021268819926651e-01
36 51  8.478968194915904e+00
37 37 -2.457844739538904e+00
37 44 -5.185944137708397e-01
37 52  8.757040696515109e+00
38 38 -7.373534218616712e+00
38 45 -5.021268819926651e-01
38 53  8.478968194915904e+00
39 39 -1.228922369769452e+01
39 46 -4.491159365862457e-01
39 54  7.583819705156259e+00
40 40 -1.720491317677233e+01
40 47 -3.430179625362430e-01
40 55  5.792237975962706e+00
41 41  1.266301181263676e+01
41 49 -2.223010470093572e+00
42 42  9.045008437597684e+00
42 50 -1.587864621495409e+00
42 57  7.368788591432113e+00
42 65  1.608896857382517e+00
43 43  5.427005062558610e+00
43 51 -9.527187728972455e-01
43 58  9.648009000104196e+00
43 66  2.106540466951987e+00
44 44  1.809001687519537e+00
44 52 -3.175729242990818e-01
44 59  1.078680198588138e+01
44 67  2.355183840729396e+00
45 45 -1.809001687519537e+00
45 53  3.175729242990818e-01
45 60  1.114056118670818e+01
45 68  2.432423411307139e+00
46 46 -5.427005062558610e+00
46 54  9.527187728972455e-01
46 61  1.078680198588138e+01
46 69  2.355183840729396e+00
47 47 -9.045008437597684e+00
47 55  1.587864621495409e+00
47 62  9.648009000104196e+00
47 70  2.106540466951987e+00
48 48 -1.266301181263676e+01
48 56  2.223010470093572e+00
48 63  7.368788591432113e+00
48 71  1.608896857382517e+00
49 49  1.407674714463190e+01
50 50  1.005481938902279e+01
50 57 -4.851006547563411e-01
50 65  6.792001071775810e+00
51 51  6.032891633413674e+00
51 58 -6.351458485981636e-01
51 66  8.892816866181098e+00
52 52  2.010963877804558e+00
52 59 -7.101146465461416e-01
52 67  9.942471512118793e+00
53 53 -2.010963877804558e+00
53 60 -7.334032533256462e-01
53 68  1.026854042308740e+01
54 54 -6.032891633413674e+00
54 61 -7.101146465461416e-01
54 69  9.942471512118793e+00
55 55 -1.005481938902279e+01
55 62 -6.351458485981636e-01
55 70  8.892816866181098e+00
56 56 -1.407674714463190e+01
56 63 -4.851006547563411e-01
56 71  6.792001071775810e+00
57 57  9.849009187606365e+00
57 65 -2.457630544777318e+00
58 58  7.035006562575976e+00
58 66 -1.755450389126656e+00
58 73  7.887816939996642e+00
58 81  1.468715169145961e+00
59 59  4.221003937545586e+00
59 67 -1.053270233475994e+00
59 74  1.032757662728273e+01
59 82  1.922999553411782e+00
60 60  1.407001312515195e+00
60 68 -3.510900778253312e-01
60 75  1.154658169072110e+01
60 83  2.149978861065241e+00
61 61 -1.407001312515195e+00
61 69  3.510900778253312e-01
61 76  1.192525829167634e+01
61 84  2.220488619627645e+00
62 62 -4.221003937545586e+00
62 70  1.053270233475994e+00
62 77  1.154658169072110e+01
62 85  2.149978861065241e+00
63 63 -7.035006562575976e+00
63 71  1.755450389126656e+00
63 78  1.032757662728273e+01
63 86  1.922999553411782e+00
64 64 -9.849009187606365e+00
64 72  2.457630544777318e+00
64 79  7.887816939996642e+00
64 87  1.468715169145961e+00
65 65  1.094858111249148e+01
66 66  7.820415080351059e+00
66 73 -6.262622523685409e-01
66 81  7.477747072724573e+00
67 67  4.692249048210635e+00
67 74 -8.199697646778217e-01
67 82  9.790669139569944e+00
68 68  1.564083016070212e+00
68 75 -9.167540666570576e-01
68 83  1.094630087064389e+01
69 69 -1.564083016070212e+00
69 76 -9.468195287281890e-01
69 84  1.130529092655454e+01
70 70 -4.692249048210635e+00
70 77 -9.167540666570576e-01
70 85  1.094630087064389e+01
71 71 -7.820415080351059e+00
71 78 -8.199697646778217e-01
71 86  9.790669139569944e+00
72 72 -1.094858111249148e+01
72 79 -6.262622523685409e-01
72 87  7.477747072724573e+00
73 73  7.035006562575975e+00
73 81 -2.619842963419767e+00
74 74  5.025004687554269e+00
74 82 -1.871316402442690e+00
74 89  8.238556101133565e+00
74 97  1.328502856352869e+00
75 75  3.015002812532561e+00
75 83 -1.122789841465614e+00
75 90  1.078680198588138e+01
75 98  1.739418542914876e+00
76 76  1.005000937510854e+00
76 84 -3.742632804885381e-01
76 91  1.206001125013024e+01
76 99  1.944729051640649e+00
77 77 -1.005000937510854e+00
77 85  3.742632804885381e-01
77 92  1.245552606048761e+01
77 100  2.008507527970661e+00
78 78 -3.015002812532561e+00
78 86  1.122789841465614e+00
78 93  1.206001125013024e+01
78 101  1.944729051640649e+00
79 79 -5.025004687554269e+00
79 87  1.871316402442690e+00
79 94  1.078680198588138e+01
79 102  1.739418542914876e+00
80 80 -7.035006562575975e+00
80 88  2.619842963419767e+00
80 95  8.238556101133565e+00
80 103  1.328502856352869e+00
81 81  7.820415080351058e+00
82 82  5.586010771679327e+00
82 89 -7.670114817345155e-01
82 97  7.931348494682100e+00
83 83  3.351606463007596e+00
83 90 -1.004253763985330e+00
83 98  1.038457281141565e+01
84 84  1.117202154335865e+00
84 91 -1.122789841465614e+00
84 99  1.161030536181075e+01
85 85 -1.117202154335865e+00
85 92 -1.159612361943251e+00
85 100  1.199107181618019e+01
86 86 -3.351606463007596e+00
86 93 -1.122789841465614e+00
86 101  1.161030536181075e+01
87 87 -5.586010771679327e+00
87 94 -1.004253763985330e+00
87 102  1.038457281141565e+01
88 88 -7.820415080351058e+00
88 95 -7.670114817345155e-01
88 103  7.931348494682100e+00
89 89  4.221003937545585e+00
89 97 -2.722620672296908e+00
90 90  3.015002812532561e+00
90 98 -1.944729051640649e+00
90 105  8.442007875091171e+00
90 113  1.188249078043061e+00
91 91  1.809001687519536e+00
91 99 -1.166837430984389e+00
91 106  1.105318288714817e+01
91 114  1.555783241312519e+00
92 92  6.030005625065122e-01
92 100 -3.889458103281298e-01
92 107  1.235783415170035e+01
92 115  1.739418542914876e+00
93 93 -6.030005625065122e-01
93 101  3.889458103281298e-01
93 108  1.276311623059432e+01
93 116  1.796463746344983e+00
94 94 -1.809001687519536e+00
94 102  1.166837430984389e+00
94 109  1.235783415170035e+01
94 117  1.739418542914876e+00
95 95 -3.015002812532561e+00
95 103  1.944729051640649e+00
95 110  1.105318288714817e+01
95 118  1.555783241312519e+00
96 96 -4.221003937545585e+00
96 104  2.722620672296908e+00
96 111  8.442007875091171e+00
96 119  1.188249078043061e+00
97 97  4.692249048210635e+00
98 98  3.351606463007597e+00
98 105 -9.075402240989695e-01
98 113  8.191461502098944e+00
99 99  2.010963877804558e+00
99 106 -1.188249078043061e+00
99 114  1.072514068162431e+01
100 100  6.703212926015193e-01
100 107 -1.328502856352869e+00
100 115  1.199107181618019e+01
101 101 -6.703212926015193e-01
101 108 -1.372071850144972e+00
101 116  1.238432571926480e+01
102 102 -2.010963877804558e+00
102 109 -1.328502856352869e+00
102 117  1.199107181618019e+01
103 103 -3.351606463007597e+00
103 110 -1.188249078043061e+00
103 118  1.072514068162431e+01
104 104 -4.692249048210635e+00
104 111 -9.075402240989695e-01
104 119  8.191461502098944e+00
105 105  1.407001312515195e+00
105 113 -2.772581182100476e+00
106 106  1.005000937510854e+00
106 114 -1.980415130071769e+00
106 121  8.508744153729548e+00
106 129  1.047937185367907e+00
107 107  6.030005625065122e-01
107 115 -1.188249078043061e+00
107 122  1.114056118670818e+01
107 130  1.372071850144972e+00
108 108  2.010001875021707e-01
108 116 -3.960830260143537e-01
108 123  1.245552606048761e+01
108 131  1.534022963469031e+00
109 109 -2.010001875021707e-01
109 117  3.960830260143537e-01
109 124  1.286401200013893e+01
109 132  1.584332104057415e+00
110 110 -6.030005625065122e-01
110 118  1.188249078043061e+00
110 125  1.245552606048761e+01
110 133  1.534022963469031e+00
111 111 -1.005000937510854e+00
111 119  1.980415130071769e+00
111 126  1.114056118670818e+01
111 134  1.372071850144972e+00
112 112 -1.407001312515195e+00
112 120  2.772581182100476e+00
112 127  8.508744153729548e+00
112 135  1.047937185367907e+00
113 113  1.564083016070211e+00
114 114  1.117202154335865e+00
114 121 -1.047937185367907e+00
114 129  8.276349380763243e+00
115 115  6.703212926015193e-01
115 122 -1.372071850144972e+00
115 130  1.083628500435670e+01
116 116  2.234404308671731e-01
116 123 -1.534022963469031e+00
116 131  1.211533494665159e+01
117 117 -2.234404308671731e-01
117 124 -1.584332104057415e+00
117 132  1.251266412856169e+01
118 118 -6.703212926015193e-01
118 125 -1.534022963469031e+00
118 133  1.211533494665159e+01
119 119 -1.117202154335865e+00
119 126 -1.372071850144972e+00
119 134  1.083628500435670e+01
120 120 -1.564083016070211e+00
120 127 -1.047937185367907e+00
120 135  8.276349380763243e+00
121 121 -1.407001312515195e+00
121 129 -2.772581182100476e+00
122 122 -1.005000937510854e+00
122 130 -1.980415130071769e+00
122 137  8.442007875091171e+00
122 145  9.075402240989695e-01
123 123 -6.030005625065122e-01
123 131 -1.188249078043061e+00
123 138  1.105318288714817e+01
123 146  1.188249078043061e+00
124 124 -2.010001875021707e-01
124 132 -3.960830260143537e-01
124 139  1.235783415170035e+01
124 147  1.328502856352869e+00
125 125  2.010001875021707e-01
125 133  3.960830260143537e-01
125 140  1.276311623059432e+01
125 148  1.372071850144972e+00
126 126  6.030005625065122e-01
126 134  1.188249078043061e+00
126 141  1.235783415170035e+01
126 149  1.328502856352869e+00
127 127  1.005000937510854e+00
127 135  1.980415130071769e+00
127 142  1.105318288714817e+01
127 150  1.188249078043061e+00
128 128  1.407001312515195e+00
128 136  2.772581182100476e+00
128 143  8.442007875091171e+00
128 151  9.075402240989695e-01
129 129 -1.564083016070211e+00
130 130 -1.117202154335865e+00
130 137 -1.188249078043061e+00
130 145  8.191461502098944e+00
131 131 -6.703212926015193e-01
131 138 -1.555783241312519e+00
131 146  1.072514068162431e+01
132 132 -2.234404308671731e-01
132 139 -1.739418542914876e+00
132 147  1.199107181618019e+01
133 133  2.234404308671731e-01
133 140 -1.796463746344983e+00
133 148  1.238432571926480e+01
134 134  6.703212926015193e-01
134 141 -1.739418542914876e+00
134 149  1.199107181618019e+01
135 135  1.117202154335865e+00
135 142 -1.555783241312519e+00
135 150  1.072514068162431e+01
136 136  1.564083016070211e+00
136 143 -1.188249078043061e+00
136 151  8.191461502098944e+00
137 137 -4.221003937545585e+00
137 145 -2.722620672296908e+00
138 138 -3.015002812532561e+00
138 146 -1.944729051640649e+00
138 153  8.238556101133565e+00
138 161  7.670114817345155e-01
139 139 -1.809001687519536e+00
139 147 -1.166837430984389e+00
139 154  1.078680198588138e+01
139 162  1.004253763985330e+00
140 140 -6.030005625065122e-01
140 148 -3.889458103281298e-01
140 155  1.206001125013024e+01
140 163  1.122789841465614e+00
141 141  6.030005625065122e-01
141 149  3.889458103281298e-01
141 156  1.245552606048761e+01
141 164  1.159612361943251e+00
142 142  1.809001687519536e+00
142 150  1.166837430984389e+00
142 157  1.206001125013024e+01
142 165  1.122789841465614e+00
143 143  3.015002812532561e+00
143 151  1.944729051640649e+00
143 158  1.078680198588138e+01
143 166  1.004253763985330e+00
144 144  4.221003937545585e+00
144 152  2.722620672296908e+00
144 159  8.238556101133565e+00
144 167  7.670114817345155e-01
145 145 -4.692249048210635e+00
146 146 -3.351606463007597e+00
146 153 -1.328502856352869e+00
146 161  7.931348494682100e+00
147 147 -2.010963877804558e+00
147 154 -1.739418542914876e+00
147 162  1.038457281141565e+01
148 148 -6.703212926015193e-01
148 155 -1.944729051640649e+00
148 163  1.161030536181075e+01
149 149  6.703212926015193e-01
149 156 -2.008507527970661e+00
149 164  1.199107181618019e+01
150 150  2.010963877804558e+00
150 157 -1.944729051640649e+00
150 165  1.161030536181075e+01
151 151  3.351606463007597e+00
151 158 -1.739418542914876e+00
151 166  1.038457281141565e+01
152 152  4.692249048210635e+00
152 159 -1.328502856352869e+00
152 167  7.931348494682100e+00
153 153 -7.035006562575975e+00
153 161 -2.619842963419767e+00
154 154 -5.025004687554269e+00
154 162 -1.871316402442690e+00
154 169  7.887816939996642e+00
154 177  6.262622523685409e-01
155 155 -3.015002812532561e+00
155 163 -1.122789841465614e+00
155 170  1.032757662728273e+01
155 178  8.199697646778217e-01
156 156 -1.005000937510854e+00
156 164 -3.742632804885381e-01
156 171  1.154658169072110e+01
156 179  9.167540666570576e-01
157 157  1.005000937510854e+00
157 165  3.742632804885381e-01
157 172  1.192525829167634e+01
157 180  9.468195287281890e-01
158 158  3.015002812532561e+00
158 166  1.122789841465614e+00
158 173  1.154658169072110e+01
158 181  9.167540666570576e-01
159 159  5.025004687554269e+00
159 167  1.871316402442690e+00
159 174  1.032757662728273e+01
159 182  8.199697646778217e-01
160 160  7.035006562575975e+00
160 168  2.619842963419767e+00
160 175  7.887816939996642e+00
160 183  6.262622523685409e-01
161 161 -7.820415080351058e+00
162 162 -5.586010771679327e+00
162 169 -1.468715169145961e+00
162 177  7.477747072724573e+00
163 163 -3.351606463007596e+00
163 170 -1.922999553411782e+00
163 178  9.790669139569944e+00
164 164 -1.117202154335865e+00
164 171 -2.149978861065241e+00
164 179  1.094630087064389e+01
165 165  1.117202154335865e+00
165 172 -2.220488619627645e+00
165 180  1.130529092655454e+01
166 166  3.351606463007596e+00
166 173 -2.149978861065241e+00
166 181  1.094630087064389e+01
167 167  5.586010771679327e+00
167 174 -1.922999553411782e+00
167 182  9.790669139569944e+00
168 168  7.820415080351058e+00
168 175 -1.468715169145961e+00
168 183  7.477747072724573e+00
169 169 -9.849009187606365e+00
169 177 -2.457630544777318e+00
170 170 -7.035006562575976e+00
170 178 -1.755450389126656e+00
170 185  7.368788591432113e+00
170 193  4.851006547563411e-01
171 171 -4.221003937545586e+00
171 179 -1.053270233475994e+00
171 186  9.648009000104196e+00
171 194  6.351458485981636e-01
172 172 -1.407001312515195e+00
172 180 -3.510900778253312e-01
172 187  1.078680198588138e+01
172 195  7.101146465461416e-01
173 173  1.407001312515195e+00
173 181  3.510900778253312e-01
173 188  1.114056118670818e+01
173 196  7.334032533256462e-01
174 174  4.221003937545586e+00
174 182  1.053270233475994e+00
174 189  1.078680198588138e+01
174 197  7.101146465461416e-01
175 175  7.035006562575976e+00
175 183  1.755450389126656e+00
175 190  9.648009000104196e+00
175 198  6.351458485981636e-01
176 176  9.849009187606365e+00
176 184  2.457630544777318e+00
176 191  7.368788591432113e+00
176 199  4.851006547563411e-01
177 177 -1.094858111249148e+01
178 178 -7.820415080351059e+00
178 185 -1.608896857382517e+00
178 193  6.792001071775810e+00
179 179 -4.692249048210635e+00
179 186 -2.106540466951987e+00
179 194  8.892816866181098e+00
180 180 -1.564083016070212e+00
180 187 -2.355183840729396e+00
180 195  9.942471512118793e+00
181 181  1.564083016070212e+00
181 188 -2.432423411307139e+00
181 196  1.026854042308740e+01
182 182  4.692249048210635e+00
182 189 -2.355183840729396e+00
182 197  9.942471512118793e+00
183 183  7.820415080351059e+00
183 190 -2.106540466951987e+00
183 198  8.892816866181098e+00
184 184  1.094858111249148e+01
184 191 -1.608896857382517e+00
184 199  6.792001071775810e+00
185 185 -1.266301181263676e+01
185 193 -2.223010470093572e+00
186 186 -9.045008437597684e+00
186 194 -1.587864621495409e+00
186 201  6.642136276115638e+00
186 209  3.430179625362430e-01
187 187 -5.427005062558610e+00
187 195 -9.527187728972455e-01
187 202  8.696597789003432e+00
187 210  4.491159365862457e-01
188 188 -1.809001687519537e+00
188 196 -3.175729242990818e-01
188 203  9.723091914593024e+00
188 211  5.021268819926651e-01
189 189  1.809001687519537e+00
189 197  3.175729242990818e-01
189 204  1.004196614903007e+01
189 212  5.185944137708397e-01
190 190  5.427005062558610e+00
190 198  9.527187728972455e-01
190 205  9.723091914593024e+00
190 213  5.021268819926651e-01
191 191  9.045008437597684e+00
191 199  1.587864621495409e+00
191 206  8.696597789003432e+00
191 214  4.491159365862457e-01
192 192  1.266301181263676e+01
192 200  2.223010470093572e+00
192 207  6.642136276115638e+00
192 215  3.430179625362430e-01
193 193 -1.407674714463190e+01
194 194 -1.005481938902279e+01
194 201 -1.749055284485142e+00
194 209  5.792237975962706e+00
195 195 -6.032891633413674e+00
195 202 -2.290050924518766e+00
195 210  7.583819705156259e+00
196 196 -2.010963877804558e+00
196 203 -2.560354769580101e+00
196 211  8.478968194915904e+00
197 197  2.010963877804558e+00
197 204 -2.644323035457723e+00
197 212  8.757040696515109e+00
198 198  6.032891633413674e+00
198 205 -2.560354769580101e+00
198 213  8.478968194915904e+00
199 199  1.005481938902279e+01
199 206 -2.290050924518766e+00
199 214  7.583819705156259e+00
200 200  1.407674714463190e+01
200 207 -1.749055284485142e+00
200 215  5.792237975962706e+00
201 201 -1.547701443766715e+01
201 209 -1.889195627654700e+00
202 202 -1.105501031261939e+01
202 210 -1.349425448324785e+00
202 217  5.628005250060780e+00
202 225  1.980415130071768e-01
203 203 -6.633006187571635e+00
203 211 -8.096552689948712e-01
203 218  7.368788591432113e+00
203 226  2.592972068854199e-01
204 204 -2.211002062523878e+00
204 212 -2.698850896649571e-01
204 219  8.238556101133565e+00
204 227  2.899030904858126e-01
205 205  2.211002062523878e+00
205 213  2.698850896649571e-01
205 220  8.508744153729548e+00
205 228  2.994106243908305e-01
206 206  6.633006187571635e+00
206 214  8.096552689948712e-01
206 221  8.238556101133565e+00
206 229  2.899030904858126e-01
207 207  1.105501031261939e+01
207 215  1.349425448324785e+00
207 222  7.368788591432113e+00
207 230  2.592972068854199e-01
208 208  1.547701443766715e+01
208 216  1.889195627654700e+00
208 223  5.628005250060780e+00
208 231  1.980415130071768e-01
209 209 -1.720491317677233e+01
210 210 -1.228922369769452e+01
210 217 -1.889195627654700e+00
210 225  4.262971723713787e+00
211 211 -7.373534218616712e+00
211 218 -2.473537704659220e+00
211 226  5.581540174107086e+00
212 212 -2.457844739538904e+00
212 219 -2.765499226263407e+00
212 227  6.240351624224728e+00
213 213  2.457844739538904e+00
213 220 -2.856195319271379e+00
213 228  6.445007444026874e+00
214 214  7.373534218616712e+00
214 221 -2.765499226263407e+00
214 229  6.240351624224728e+00
215 215  1.228922369769452e+01
215 222 -2.473537704659220e+00
215 230  5.581540174107086e+00
216 216  1.720491317677233e+01
216 223 -1.889195627654700e+00
216 231  4.262971723713787e+00
217 217 -1.829101706269754e+01
217 225 -1.386290591050238e+00
218 218 -1.306501218764110e+01
218 226 -9.902075650358844e-01
218 233  4.119278050566782e+00
219 219 -7.839007312584659e+00
219 227 -5.941245390215306e-01
219 234  5.393400992940689e+00
220 220 -2.613002437528220e+00
220 228 -1.980415130071769e-01
220 235  6.030005625065121e+00
221 221  2.613002437528220e+00
221 229  1.980415130071769e-01
221 236  6.227763030243803e+00
222 222  7.839007312584659e+00
222 230  5.941245390215306e-01
222 237  6.030005625065121e+00
223 223  1.306501218764110e+01
223 231  9.902075650358844e-01
223 238  5.393400992940689e+00
224 224  1.829101706269754e+01
224 232  1.386290591050238e+00
224 239  4.119278050566782e+00
225 225 -2.033307920891275e+01
226 226 -1.452362800636625e+01
226 233 -2.029321633400689e+00
227 227 -8.714176803819750e+00
227 234 -2.657005712705737e+00
228 228 -2.904725601273250e+00
228 235 -2.970622695107653e+00
229 229  2.904725601273250e+00
229 236 -3.068045926938062e+00
230 230  8.714176803819750e+00
230 237 -2.970622695107653e+00
231 231  1.452362800636625e+01
231 238 -2.657005712705737e+00
232 232  2.033307920891275e+01
232 239 -2.029321633400689e+00
233 233 -2.110501968772793e+01
234 234 -1.507501406266281e+01
235 235 -9.045008437597684e+00
236 236 -3.015002812532561e+00
237 237  3.015002812532561e+00
238 238  9.045008437597684e+00
239 239  1.507501406266281e+01
240 240  2.110501968772793e+01
1 1  1.163002684191496e-01
2 2  8.307162029939257e-02
2 9  2.269948808683641e-02
2 17  3.719868955781498e-02
3 3  4.984297217963554e-02
3 10  2.972060639847891e-02
3 18  4.870451732910015e-02
4 4  1.661432405987852e-02
4 11  3.322864811975702e-02
4 19  5.445330577959222e-02
5 5 -1.661432405987852e-02
5 12  3.431840020928143e-02
5 20  5.623913238141353e-02
6 6 -4.984297217963554e-02
6 13  3.322864811975702e-02
6 21  5.445330577959222e-02
7 7 -8.307162029939257e-02
7 14  2.972060639847891e-02
7 22  4.870451732910015e-02
8 8 -1.163002684191496e-01
8 15  2.269948808683641e-02
8 23  3.719868955781498e-02
9 9  1.007935659632630e-01
9 17 -2.541154269714303e-02
10 10  7.199540425947355e-02
10 18 -1.815110192653074e-02
10 25  3.101340491177322e-02
10 33  3.463009535326463e-02
11 11  4.319724255568413e-02
11 19 -1.089066115591844e-02
11 26  4.060607873329029e-02
11 34  4.534143807996391e-02
12 12  1.439908085189471e-02
12 20 -3.630220385306148e-03
12 27  4.539897617367283e-02
12 35  5.069326887219842e-02
13 13 -1.439908085189471e-02
13 21  3.630220385306148e-03
13 28  4.688786097480058e-02
13 36  5.235578296182383e-02
14 14 -4.319724255568413e-02
14 22  1.089066115591844e-02
14 29  4.539897617367283e-02
14 37  5.069326887219842e-02
15 15 -7.199540425947355e-02
15 23  1.815110192653074e-02
15 30  4.060607873329029e-02
15 38  4.534143807996391e-02
16 16 -1.007935659632630e-01
16 24  2.541154269714303e-02
16 31  3.101340491177322e-02
16 39  3.463009535326463e-02
17 17  2.086503580489000e-02
18 18  1.490359700349285e-02
18 25 -3.630220385306148e-03
18 33  4.374500130385218e-03
19 19  8.942158202095712e-03
19 26 -4.753074201439193e-03
19 34  5.727565135738415e-03
20 20  2.980719400698571e-03
20 27 -5.314098508259282e-03
20 35  6.403612494534453e-03
21 21 -2.980719400698571e-03
21 28 -5.488377339358368e-03
21 36  6.613622545839378e-03
22 22 -8.942158202095712e-03
22 29 -5.314098508259282e-03
22 37  6.403612494534453e-03
23 23 -1.490359700349285e-02
23 30 -4.753074201439193e-03
23 38  5.727565135738415e-03
24 24 -2.086503580489000e-02
24 31 -3.630220385306148e-03
24 39  4.374500130385218e-03
25 25  8.528686350737637e-02
25 33 -3.463009535326463e-02
26 26  6.091918821955455e-02
26 34 -2.473578239518903e-02
26 41  3.660182474210150e-02
26 49  3.206123833509243e-02
27 27  3.655151293173273e-02
27 35 -1.484146943711341e-02
27 42  4.792303784405361e-02
27 50  4.197801472702315e-02
28 28  1.218383764391091e-02
28 36 -4.947156479037805e-03
28 43  5.357958515379942e-02
28 51  4.693284724505552e-02
29 29 -1.218383764391091e-02
29 37  4.947156479037805e-03
29 44  5.533675759929795e-02
29 52  4.847203620538578e-02
30 30 -3.655151293173273e-02
30 38  1.484146943711341e-02
30 45  5.357958515379942e-02
30 53  4.693284724505552e-02
31 31 -6.091918821955455e-02
31 39  2.473578239518903e-02
31 46  4.792303784405361e-02
31 54  4.197801472702315e-02
32 32 -8.528686350737637e-02
32 40  3.463009535326463e-02
32 47  3.660182474210150e-02
32 55  3.206123833509243e-02
33 33  1.765503029644538e-02
34 34  1.261073592603242e-02
34 41 -6.287726150022514e-03
34 49  5.943775240197267e-03
35 35  7.566441555619449e-03
35 42 -8.232566009037550e-03
35 50  7.782228557716658e-03
36 36  2.522147185206483e-03
36 43 -9.204288612731057e-03
36 51  8.700796035747296e-03
37 37 -2.522147185206483e-03
37 44 -9.506148402878388e-03
37 52  8.986143505385812e-03
38 38 -7.566441555619449e-03
38 45 -9.204288612731057e-03
38 53  8.700796035747296e-03
39 39 -1.261073592603242e-02
39 46 -8.232566009037550e-03
39 54  7.782228557716658e-03
40 40 -1.765503029644538e-02
40 47 -6.287726150022514e-03
40 55  5.943775240197267e-03
41 41  6.978016105148975e-02
41 49 -4.074912276089427e-02
42 42  4.984297217963554e-02
42 50 -2.910651625778162e-02
42 57  4.060607873329030e-02
42 65  2.949204982751950e-02
43 43  2.990578330778132e-02
43 51 -1.746390975466898e-02
43 58  5.316583699161124e-02
43 66  3.861415735257640e-02
44 44  9.968594435927108e-03
44 52 -5.821303251556325e-03
44 59  5.944121279695783e-02
44 67  4.317194036711708e-02
45 45 -9.968594435927108e-03
45 53  5.821303251556325e-03
45 60  6.139062059759703e-02
45 68  4.458778828408111e-02
46 46 -2.990578330778132e-02
46 54  1.746390975466898e-02
46 61  5.944121279695783e-02
46 69  4.317194036711708e-02
47 47 -4.984297217963554e-02
47 55  2.910651625778162e-02
47 62  5.316583699161124e-02
47 70  3.861415735257640e-02
48 48 -6.978016105148975e-02
48 56  4.074912276089427e-02
48 63  4.060607873329030e-02
48 71  2.949204982751950e-02
49 49  1.444502478800077e-02
50 50  1.031787484857198e-02
50 57 -8.892187597849805e-03
50 65  6.969694264867387e-03
51 51  6.190724909143186e-03
51 58 -1.164260650311265e-02
51 66  9.125471868415542e-03
52 52  2.063574969714395e-03
52 59 -1.301682978812050e-02
52 67  1.020258771226958e-02
53 53 -2.063574969714395e-03
53 60 -1.344372399728195e-02
53 68  1.053718727942414e-02
54 54 -6.190724909143186e-03
54 61 -1.301682978812050e-02
54 69  1.020258771226958e-02
55 55 -1.031787484857198e-02
55 62 -1.164260650311265e-02
55 70  9.125471868415542e-03
56 56 -1.444502478800077e-02
56 63 -8.892187597849805e-03
56 71  6.969694264867387e-03
57 57  5.427345859560314e-02
57 65 -4.504985024467247e-02
58 58  3.876675613971653e-02
58 66 -3.217846446048034e-02
58 73  4.346621045305848e-02
58 81  2.692243492933129e-02
59 59  2.326005368382992e-02
59 67 -1.930707867628820e-02
59 74  5.691062844972036e-02
59 82  3.524974170176677e-02
60 60  7.753351227943306e-03
60 68 -6.435692892096068e-03
60 75  6.362801692790410e-02
60 83  3.941040931722981e-02
61 61 -7.753351227943306e-03
61 69  6.435692892096068e-03
61 76  6.571473331039365e-02
61 84  4.070289572075965e-02
62 62 -2.326005368382992e-02
62 70  1.930707867628820e-02
62 77  6.362801692790410e-02
62 85  3.941040931722981e-02
63 63 -3.876675613971653e-02
63 71  3.217846446048034e-02
63 78  5.691062844972036e-02
63 86  3.524974170176677e-02
64 64 -5.427345859560314e-02
64 72  4.504985024467247e-02
64 79  4.346621045305848e-02
64 87  2.692243492933129e-02
65 65  1.123501927955615e-02
66 66  8.025013771111538e-03
66 73 -1.147976482594148e-02
66 81  7.673380839628000e-03
67 67  4.815008262666922e-03
67 74 -1.503054036433382e-02
67 82  1.004681386680546e-02
68 68  1.605002754222308e-03
68 75 -1.680465499660244e-02
68 83  1.123267938173226e-02
69 69 -1.605002754222308e-03
69 76 -1.735577305082733e-02
69 84  1.160106138099640e-02
70 70 -4.815008262666922e-03
70 77 -1.680465499660244e-02
70 85  1.123267938173226e-02
71 71 -8.025013771111538e-03
71 78 -1.503054036433382e-02
71 86  1.004681386680546e-02
72 72 -1.123501927955615e-02
72 79 -1.147976482594148e-02
72 87  7.673380839628000e-03
73 73  3.876675613971653e-02
73 81 -4.802330171938572e-02
74 74  2.769054009979752e-02
74 82 -3.430235837098980e-02
74 89  4.539897617367283e-02
74 97  2.435225866455008e-02
75 75  1.661432405987851e-02
75 83 -2.058141502259388e-02
75 90  5.944121279695782e-02
75 98  3.188459104955570e-02
76 76  5.538108019959504e-03
76 84 -6.860471674197960e-03
76 91  6.645729623951405e-02
76 99  3.564805651079395e-02
77 77 -5.538108019959504e-03
77 85  6.860471674197960e-03
77 92  6.863680041856286e-02
77 100  3.681715445092423e-02
78 78 -1.661432405987851e-02
78 86  2.058141502259388e-02
78 93  6.645729623951405e-02
78 101  3.564805651079395e-02
79 79 -2.769054009979752e-02
79 87  3.430235837098980e-02
79 94  5.944121279695782e-02
79 102  3.188459104955570e-02
80 80 -3.876675613971653e-02
80 88  4.802330171938572e-02
80 95  4.539897617367283e-02
80 103  2.435225866455008e-02
81 81  8.025013771111537e-03
82 82  5.732152693651098e-03
82 89 -1.405978309535338e-02
82 97  8.138849439491825e-03
83 83  3.439291616190659e-03
83 90 -1.840857722546211e-02
83 98  1.065625532180577e-02
84 84  1.146430538730220e-03
84 91 -2.058141502259388e-02
84 99  1.191405564257580e-02
85 85 -1.146430538730220e-03
85 92 -2.125639403303713e-02
85 100  1.230478375719589e-02
86 86 -3.439291616190659e-03
86 93 -2.058141502259388e-02
86 101  1.191405564257580e-02
87 87 -5.732152693651098e-03
87 94 -1.840857722546211e-02
87 102  1.065625532180577e-02
88 88 -8.025013771111537e-03
88 95 -1.405978309535338e-02
88 103  8.138849439491825e-03
89 89  2.326005368382992e-02
89 97 -4.990727911511153e-02
90 90  1.661432405987851e-02
90 98 -3.564805651079395e-02
90 105  4.652010736765984e-02
90 113  2.178132231183688e-02
91 91  9.968594435927108e-03
91 99 -2.138883390647637e-02
91 106  6.090911809993545e-02
91 114  2.851844520863516e-02
92 92  3.322864811975702e-03
92 100 -7.129611302158790e-03
92 107  6.809846426050924e-02
92 115  3.188459104955570e-02
93 93 -3.322864811975702e-03
93 101  7.129611302158790e-03
93 108  7.033179146220088e-02
93 116  3.293026403615021e-02
94 94 -9.968594435927108e-03
94 102  2.138883390647637e-02
94 109  6.809846426050924e-02
94 117  3.188459104955570e-02
95 95 -1.661432405987851e-02
95 103  3.564805651079395e-02
95 110  6.090911809993545e-02
95 118  2.851844520863516e-02
96 96 -2.326005368382992e-02
96 104  4.990727911511153e-02
96 111  4.652010736765984e-02
96 119  2.178132231183688e-02
97 97  4.815008262666922e-03
98 98  3.439291616190659e-03
98 105 -1.663575970503718e-02
98 113  8.405767556384374e-03
99 99  2.063574969714395e-03
99 106 -2.178132231183688e-02
99 114  1.100573317181011e-02
100 100  6.878583232381317e-04
100 107 -2.435225866455007e-02
100 115  1.230478375719589e-02
101 101 -6.878583232381317e-04
101 108 -2.515090460009006e-02
101 116  1.270832601874752e-02
102 102 -2.063574969714395e-03
102 109 -2.435225866455007e-02
102 117  1.230478375719589e-02
103 103 -3.439291616190659e-03
103 110 -2.178132231183688e-02
103 118  1.100573317181011e-02
104 104 -4.815008262666922e-03
104 111 -1.663575970503718e-02
104 119  8.405767556384374e-03
105 105  7.753351227943305e-03
105 113 -5.082308539428607e-02
106 106  5.538108019959504e-03
106 114 -3.630220385306148e-02
106 121  4.688786097480058e-02
106 129  1.920932068775429e-02
107 107  3.322864811975702e-03
107 115 -2.178132231183688e-02
107 122  6.139062059759702e-02
107 130  2.515090460009006e-02
108 108  1.107621603991901e-03
108 116 -7.260440770612295e-03
108 123  6.863680041856285e-02
108 131  2.811956619070676e-02
109 109 -1.107621603991901e-03
109 117  7.260440770612295e-03
109 124  7.088778265548165e-02
109 132  2.904176308244918e-02
110 110 -3.322864811975702e-03
110 118  2.178132231183688e-02
110 125  6.863680041856285e-02
110 133  2.811956619070676e-02
111 111 -5.538108019959504e-03
111 119  3.630220385306148e-02
111 126  6.139062059759702e-02
111 134  2.515090460009006e-02
112 112 -7.753351227943305e-03
112 120  5.082308539428607e-02
112 127  4.688786097480058e-02
112 135  1.920932068775429e-02
113 113  1.605002754222307e-03
114 114  1.146430538730220e-03
114 121 -1.920932068775429e-02
114 129  8.492876282491898e-03
115 115  6.878583232381317e-04
115 122 -2.515090460009006e-02
115 130  1.111978526640408e-02
116 116  2.292861077460439e-04
116 123 -2.811956619070676e-02
116 131  1.243229787544006e-02
117 117 -2.292861077460439e-04
117 124 -2.904176308244918e-02
117 132  1.284002203377846e-02
118 118 -6.878583232381317e-04
118 125 -2.811956619070676e-02
118 133  1.243229787544006e-02
119 119 -1.146430538730220e-03
119 126 -2.515090460009006e-02
119 134  1.111978526640408e-02
120 120 -1.605002754222307e-03
120 127 -1.920932068775429e-02
120 135  8.492876282491898e-03
121 121 -7.753351227943305e-03
121 129 -5.082308539428607e-02
122 122 -5.538108019959504e-03
122 130 -3.630220385306148e-02
122 137  4.652010736765984e-02
122 145  1.663575970503718e-02
123 123 -3.322864811975702e-03
123 131 -2.178132231183688e-02
123 138  6.090911809993545e-02
123 146  2.178132231183688e-02
124 124 -1.107621603991901e-03
124 132 -7.260440770612295e-03
124 139  6.809846426050924e-02
124 147  2.435225866455007e-02
125 125  1.107621603991901e-03
125 133  7.260440770612295e-03
125 140  7.033179146220088e-02
125 148  2.515090460009006e-02
126 126  3.322864811975702e-03
126 134  2.178132231183688e-02
126 141  6.809846426050924e-02
126 149  2.435225866455007e-02
127 127  5.538108019959504e-03
127 135  3.630220385306148e-02
127 142  6.090911809993545e-02
127 150  2.178132231183688e-02
128 128  7.753351227943305e-03
128 136  5.082308539428607e-02
128 143  4.652010736765984e-02
128 151  1.663575970503718e-02
129 129 -1.605002754222307e-03
130 130 -1.146430538730220e-03
130 137 -2.178132231183688e-02
130 145  8.405767556384374e-03
131 131 -6.878583232381317e-04
131 138 -2.851844520863516e-02
131 146  1.100573317181011e-02
132 132 -2.292861077460439e-04
132 139 -3.188459104955570e-02
132 147  1.230478375719589e-02
133 133  2.292861077460439e-04
133 140 -3.293026403615021e-02
133 148  1.270832601874752e-02
134 134  6.878583232381317e-04
134 141 -3.188459104955570e-02
134 149  1.230478375719589e-02
135 135  1.146430538730220e-03
135 142 -2.851844520863516e-02
135 150  1.100573317181011e-02
136 136  1.605002754222307e-03
136 143 -2.178132231183688e-02
136 151  8.405767556384374e-03
137 137 -2.326005368382992e-02
137 145 -4.990727911511153e-02
138 138 -1.661432405987851e-02
138 146 -3.564805651079395e-02
138 153  4.539897617367283e-02
138 161  1.405978309535338e-02
139 139 -9.968594435927108e-03
139 147 -2.138883390647637e-02
139 154  5.944121279695782e-02
139 162  1.840857722546211e-02
140 140 -3.322864811975702e-03
140 148 -7.129611302158790e-03
140 155  6.645729623951405e-02
140 163  2.058141502259388e-02
141 141  3.322864811975702e-03
141 149  7.129611302158790e-03
141 156  6.863680041856286e-02
141 164  2.125639403303713e-02
142 142  9.968594435927108e-03
142 150  2.138883390647637e-02
142 157  6.645729623951405e-02
142 165  2.058141502259388e-02
143 143  1.661432405987851e-02
143 151  3.564805651079395e-02
143 158  5.944121279695782e-02
143 166  1.840857722546211e-02
144 144  2.326005368382992e-02
144 152  4.990727911511153e-02
144 159  4.539897617367283e-02
144 167  1.405978309535338e-02
145 145 -4.815008262666922e-03
146 146 -3.439291616190659e-03
146 153 -2.435225866455008e-02
146 161  8.138849439491825e-03
147 147 -2.063574969714395e-03
147 154 -3.188459104955570e-02
147 162  1.065625532180577e-02
148 148 -6.878583232381317e-04
148 155 -3.564805651079395e-02
148 163  1.191405564257580e-02
149 149  6.878583232381317e-04
149 156 -3.681715445092423e-02
149 164  1.230478375719589e-02
150 150  2.063574969714395e-03
150 157 -3.564805651079395e-02
150 165  1.191405564257580e-02
151 151  3.439291616190659e-03
151 158 -3.188459104955570e-02
151 166  1.065625532180577e-02
152 152  4.815008262666922e-03
152 159 -2.435225866455008e-02
152 167  8.138849439491825e-03
153 153 -3.876675613971653e-02
153 161 -4.802330171938572e-02
154 154 -2.769054009979752e-02
154 162 -3.430235837098980e-02
154 169  4.346621045305848e-02
154 177  1.147976482594148e-02
155 155 -1.661432405987851e-02
155 163 -2.058141502259388e-02
155 170  5.691062844972036e-02
155 178  1.503054036433382e-02
156 156 -5.538108019959504e-03
156 164 -6.860471674197960e-03
156 171  6.362801692790410e-02
156 179  1.680465499660244e-02
157 157  5.538108019959504e-03
157 165  6.860471674197960e-03
157 172  6.571473331039365e-02
157 180  1.735577305082733e-02
158 158  1.661432405987851e-02
158 166  2.058141502259388e-02
158 173  6.362801692790410e-02
158 181  1.680465499660244e-02
159 159  2.769054009979752e-02
159 167  3.430235837098980e-02
159 174  5.691062844972036e-02
159 182  1.503054036433382e-02
160 160  3.876675613971653e-02
160 168  4.802330171938572e-02
160 175  4.346621045305848e-02
160 183  1.147976482594148e-02
161 161 -8.025013771111537e-03
162 162 -5.732152693651098e-03
162 169 -2.692243492933129e-02
162 177  7.673380839628000e-03
163 163 -3.439291616190659e-03
163 170 -3.524974170176677e-02
163 178  1.004681386680546e-02
164 164 -1.146430538730220e-03
164 171 -3.941040931722981e-02
164 179  1.123267938173226e-02
165 165  1.146430538730220e-03
165 172 -4.070289572075965e-02
165 180  1.160106138099640e-02
166 166  3.439291616190659e-03
166 173 -3.941040931722981e-02
166 181  1.123267938173226e-02
167 167  5.732152693651098e-03
167 174 -3.524974170176677e-02
167 182  1.004681386680546e-02
168 168  8.025013771111537e-03
168 175 -2.692243492933129e-02
168 183  7.673380839628000e-03
169 169 -5.427345859560314e-02
169 177 -4.504985024467247e-02
170 170 -3.876675613971653e-02
170 178 -3.217846446048034e-02
170 185  4.060607873329030e-02
170 193  8.892187597849805e-03
171 171 -2.326005368382992e-02
171 179 -1.930707867628820e-02
171 186  5.316583699161124e-02
171 194  1.164260650311265e-02
172 172 -7.753351227943306e-03
172 180 -6.435692892096068e-03
172 187  5.944121279695783e-02
172 195  1.301682978812050e-02
173 173  7.753351227943306e-03
173 181  6.435692892096068e-03
173 188  6.139062059759703e-02
173 196  1.344372399728195e-02
174 174  2.326005368382992e-02
174 182  1.930707867628820e-02
174 189  5.944121279695783e-02
174 197  1.301682978812050e-02
175 175  3.876675613971653e-02
175 183  3.217846446048034e-02
175 190  5.316583699161124e-02
175 198  1.164260650311265e-02
176 176  5.427345859560314e-02
176 184  4.504985024467247e-02
176 191  4.060607873329030e-02
176 199  8.892187597849805e-03
177 177 -1.123501927955615e-02
178 178 -8.025013771111538e-03
178 185 -2.949204982751950e-02
178 193  6.969694264867387e-03
179 179 -4.815008262666922e-03
179 186 -3.861415735257640e-02
179 194  9.125471868415542e-03
180 180 -1.605002754222308e-03
180 187 -4.317194036711708e-02
180 195  1.020258771226958e-02
181 181  1.605002754222308e-03
181 188 -4.458778828408111e-02
181 196  1.053718727942414e-02
182 182  4.815008262666922e-03
182 189 -4.317194036711708e-02
182 197  1.020258771226958e-02
183 183  8.025013771111538e-03
183 190 -3.861415735257640e-02
183 198  9.125471868415542e-03
184 184  1.123501927955615e-02
184 191 -2.949204982751950e-02
184 199  6.969694264867387e-03
185 185 -6.978016105148975e-02
185 193 -4.074912276089427e-02
186 186 -4.984297217963554e-02
186 194 -2.910651625778162e-02
186 201  3.660182474210150e-02
186 209  6.287726150022514e-03
187 187 -2.990578330778132e-02
187 195 -1.746390975466898e-02
187 202  4.792303784405361e-02
187 210  8.232566009037550e-03
188 188 -9.968594435927108e-03
188 196 -5.821303251556325e-03
188 203  5.357958515379942e-02
188 211  9.204288612731057e-03
189 189  9.968594435927108e-03
189 197  5.821303251556325e-03
189 204  5.533675759929795e-02
189 212  9.506148402878388e-03
190 190  2.990578330778132e-02
190 198  1.746390975466898e-02
190 205  5.357958515379942e-02
190 213  9.204288612731057e-03
191 191  4.984297217963554e-02
191 199  2.910651625778162e-02
191 206  4.792303784405361e-02
191 214  8.232566009037550e-03
192 192  6.978016105148975e-02
192 200  4.074912276089427e-02
192 207  3.660182474210150e-02
192 215  6.287726150022514e-03
193 193 -1.444502478800077e-02
194 194 -1.031787484857198e-02
194 201 -3.206123833509243e-02
194 209  5.943775240197267e-03
195 195 -6.190724909143186e-03
195 202 -4.197801472702315e-02
195 210  7.782228557716658e-03
196 196 -2.063574969714395e-03
196 203 -4.693284724505552e-02
196 211  8.700796035747296e-03
197 197  2.063574969714395e-03
197 204 -4.847203620538578e-02
197 212  8.986143505385812e-03
198 198  6.190724909143186e-03
198 205 -4.693284724505552e-02
198 213  8.700796035747296e-03
199 199  1.031787484857198e-02
199 206 -4.197801472702315e-02
199 214  7.782228557716658e-03
200 200  1.444502478800077e-02
200 207 -3.206123833509243e-02
200 215  5.943775240197267e-03
201 201 -8.528686350737637e-02
201 209 -3.463009535326463e-02
202 202 -6.091918821955455e-02
202 210 -2.473578239518903e-02
202 217  3.101340491177322e-02
202 225  3.630220385306148e-03
203 203 -3.655151293173273e-02
203 211 -1.484146943711341e-02
203 218  4.060607873329029e-02
203 226  4.753074201439193e-03
204 204 -1.218383764391091e-02
204 212 -4.947156479037805e-03
204 219  4.539897617367283e-02
204 227  5.314098508259282e-03
205 205  1.218383764391091e-02
205 213  4.947156479037805e-03
205 220  4.688786097480058e-02
205 228  5.488377339358368e-03
206 206  3.655151293173273e-02
206 214  1.484146943711341e-02
206 221  4.539897617367283e-02
206 229  5.314098508259282e-03
207 207  6.091918821955455e-02
207 215  2.473578239518903e-02
207 222  4.060607873329029e-02
207 230  4.753074201439193e-03
208 208  8.528686350737637e-02
208 216  3.463009535326463e-02
208 223  3.101340491177322e-02
208 231  3.630220385306148e-03
209 209 -1.765503029644538e-02
210 210 -1.261073592603242e-02
210 217 -3.463009535326463e-02
210 225  4.374500130385218e-03
211 211 -7.566441555619449e-03
211 218 -4.534143807996391e-02
211 226  5.727565135738415e-03
212 212 -2.522147185206483e-03
212 219 -5.069326887219842e-02
212 227  6.403612494534453e-03
213 213  2.522147185206483e-03
213 220 -5.235578296182383e-02
213 228  6.613622545839378e-03
214 214  7.566441555619449e-03
214 221 -5.069326887219842e-02
214 229  6.403612494534453e-03
215 215  1.261073592603242e-02
215 222 -4.534143807996391e-02
215 230  5.727565135738415e-03
216 216  1.765503029644538e-02
216 223 -3.463009535326463e-02
216 231  4.374500130385218e-03
217 217 -1.007935659632630e-01
217 225 -2.541154269714303e-02
218 218 -7.199540425947355e-02
218 226 -1.815110192653074e-02
218 233  2.269948808683641e-02
219 219 -4.319724255568413e-02
219 227 -1.089066115591844e-02
219 234  2.972060639847891e-02
220 220 -1.439908085189471e-02
220 228 -3.630220385306148e-03
220 235  3.322864811975702e-02
221 221  1.439908085189471e-02
221 229  3.630220385306148e-03
221 236  3.431840020928143e-02
222 222  4.319724255568413e-02
222 230  1.089066115591844e-02
222 237  3.322864811975702e-02
223 223  7.199540425947355e-02
223 231  1.815110192653074e-02
223 238  2.972060639847891e-02
224 224  1.007935659632630e-01
224 232  2.541154269714303e-02
224 239  2.269948808683641e-02
225 225 -2.086503580489000e-02
226 226 -1.490359700349285e-02
226 233 -3.719868955781498e-02
227 227 -8.942158202095712e-03
227 234 -4.870451732910015e-02
228 228 -2.980719400698571e-03
228 235 -5.445330577959222e-02
229 229  2.980719400698571e-03
229 236 -5.623913238141353e-02
230 230  8.942158202095712e-03
230 237 -5.445330577959222e-02
231 231  1.490359700349285e-02
231 238 -4.870451732910015e-02
232 232  2.086503580489000e-02
232 239 -3.719868955781498e-02
233 233 -1.163002684191496e-01
234 234 -8.307162029939257e-02
235 235 -4.984297217963554e-02
236 236 -1.661432405987852e-02
237 237  1.661432405987852e-02
238 238  4.984297217963554e-02
239 239  8.307162029939257e-02
240 240  1.163002684191496e-01
1 1 -1.066359434608526e-01
2 2 -1.523370620869323e-02
2 9 -6.243961500142902e-02
2 17 -2.928126729231566e-02
3 3  4.570111862607968e-02
3 10 -5.450176421103784e-02
3 18 -2.555878548786117e-02
3 25 -1.362544105275946e-02
3 33 -9.377510545183579e-03
4 4  7.616853104346613e-02
4 11 -3.046741241738645e-02
4 19 -1.428779544329818e-02
4 26 -1.994560337601585e-02
4 34 -1.372726983768044e-02
5 5  7.616853104346613e-02
5 27 -2.303119895658451e-02
5 35 -1.585088587204687e-02
6 6  4.570111862607968e-02
6 13  3.046741241738645e-02
6 21  1.428779544329818e-02
6 28 -2.303119895658451e-02
6 36 -1.585088587204687e-02
7 7 -1.523370620869323e-02
7 14  5.450176421103784e-02
7 22  2.555878548786117e-02
7 29 -1.994560337601585e-02
7 37 -1.372726983768044e-02
8 8 -1.066359434608526e-01
8 15  6.243961500142902e-02
8 23  2.928126729231566e-02
8 30 -1.362544105275946e-02
8 38 -9.377510545183579e-03
9 9 -6.398156607651155e-02
9 17  2.000291362061745e-02
10 10 -9.140223725215935e-03
10 18  2.857559088659636e-03
10 25 -7.312178980172748e-02
10 33 -1.887187593487644e-02
11 11  2.742067117564781e-02
11 19 -8.572677265978906e-03
11 26 -6.382593080325071e-02
11 34 -1.647272380521653e-02
11 41 -2.197036354031902e-02
11 49 -1.186171684201097e-02
12 12  4.570111862607968e-02
12 20 -1.428779544329818e-02
12 27 -3.567978000081658e-02
12 35 -9.208532550760791e-03
12 42 -3.216131907255469e-02
12 50 -1.736377549712003e-02
13 13  4.570111862607968e-02
13 21 -1.428779544329818e-02
13 43 -3.713669244806579e-02
13 51 -2.004996091482095e-02
14 14  2.742067117564781e-02
14 22 -8.572677265978906e-03
14 29  3.567978000081658e-02
14 37  9.208532550760791e-03
14 44 -3.713669244806579e-02
14 52 -2.004996091482095e-02
15 15 -9.140223725215935e-03
15 23  2.857559088659636e-03
15 30  6.382593080325071e-02
15 38  1.647272380521653e-02
15 45 -3.216131907255469e-02
15 53 -1.736377549712003e-02
16 16 -6.398156607651155e-02
16 24  2.000291362061745e-02
16 31  7.312178980172748e-02
16 39  1.887187593487644e-02
16 46 -2.197036354031902e-02
16 54 -1.186171684201097e-02
17 17 -9.267243302737992e-02
18 18 -1.323891900391142e-02
18 25  8.572677265978906e-03
18 33 -5.828826379483792e-02
19 19  3.971675701173425e-02
19 26  7.482846186623889e-03
19 34 -5.087816780331404e-02
19 41  1.585088587204687e-03
19 49 -1.373867553097340e-02
20 20  6.619459501955709e-02
20 27  4.183038184616523e-03
20 35 -2.844176044471283e-02
20 42  2.320332101824412e-03
20 50 -2.011136167933976e-02
21 21  6.619459501955709e-02
21 43  2.679288727195308e-03
21 51 -2.322260015867347e-02
22 22  3.971675701173425e-02
22 29 -4.183038184616523e-03
22 37  2.844176044471283e-02
22 44  2.679288727195308e-03
22 52 -2.322260015867347e-02
23 23 -1.323891900391142e-02
23 30 -7.482846186623889e-03
23 38  5.087816780331404e-02
23 45  2.320332101824412e-03
23 53 -2.011136167933976e-02
24 24 -9.267243302737992e-02
24 31 -8.572677265978906e-03
24 39  5.828826379483792e-02
24 46  1.585088587204687e-03
24 54 -1.373867553097340e-02
25 25 -2.742067117564781e-02
25 33  2.306562614262676e-02
26 26 -3.917238739378258e-03
26 34  3.295089448946679e-03
26 41 -7.191489569229279e-02
26 49 -9.706645589401397e-03
27 27  1.175171621813477e-02
27 35 -9.885268346840038e-03
27 42 -6.277246725805435e-02
27 50 -8.472654887150695e-03
27 57 -2.876595827691711e-02
27 65 -1.287732055720103e-02
28 28  1.958619369689129e-02
28 36 -1.647544724473340e-02
28 43 -3.509087597609734e-02
28 51 -4.736358069391191e-03
28 58 -4.210905117131681e-02
28 66 -1.885046710673120e-02
29 29  1.958619369689129e-02
29 37 -1.647544724473340e-02
29 59 -4.862334405815897e-02
29 67 -2.176664451684289e-02
30 30  1.175171621813477e-02
30 38 -9.885268346840038e-03
30 45  3.509087597609734e-02
30 53  4.736358069391191e-03
30 60 -4.862334405815897e-02
30 68 -2.176664451684289e-02
31 31 -3.917238739378258e-03
31 39  3.295089448946679e-03
31 46  6.277246725805435e-02
31 54  8.472654887150695e-03
31 61 -4.210905117131681e-02
31 69 -1.885046710673120e-02
32 32 -2.742067117564781e-02
32 40  2.306562614262676e-02
32 47  7.191489569229279e-02
32 55  9.706645589401397e-03
32 62 -2.876595827691711e-02
32 70 -1.287732055720103e-02
33 33 -4.990054086089688e-02
34 34 -7.128648694413839e-03
34 41  1.332540872704652e-02
34 49 -6.599846245505690e-02
35 35  2.138594608324152e-02
35 42  1.163137031579349e-02
35 50 -5.760818094304748e-02
35 57  3.045807709039204e-03
35 65 -2.188921367037818e-02
36 36  3.564324347206920e-02
36 43  6.502133674396859e-03
36 51 -3.220395216219053e-02
36 58  4.458605948157846e-03
36 66 -3.204252782656215e-02
37 37  3.564324347206920e-02
37 59  5.148354688758797e-03
37 67 -3.699952413236345e-02
38 38  2.138594608324152e-02
38 45 -6.502133674396859e-03
38 53  3.220395216219053e-02
38 60  5.148354688758797e-03
38 68 -3.699952413236345e-02
39 39 -7.128648694413839e-03
39 46 -1.163137031579349e-02
39 54  5.760818094304748e-02
39 61  4.458605948157846e-03
39 69 -3.204252782656215e-02
40 40 -4.990054086089688e-02
40 47 -1.332540872704652e-02
40 55  6.599846245505690e-02
40 62  3.045807709039204e-03
40 70 -2.188921367037818e-02
41 41  3.046741241738646e-03
41 49  2.220647622693162e-02
42 42  4.352487488198065e-04
42 50  3.172353746704517e-03
42 57 -6.382593080325071e-02
42 65 -1.785763059983647e-03
43 43 -1.305746246459419e-03
43 51 -9.517061240113553e-03
43 58 -5.571183984893523e-02
43 66 -1.558741789644006e-03
43 73 -3.416078857156426e-02
43 81 -1.304136947083326e-02
44 44 -2.176243744099032e-03
44 52 -1.586176873352259e-02
44 59 -3.114386526345020e-02
44 67 -8.713631502534185e-04
44 74 -5.000627408845346e-02
44 82 -1.909061012690243e-02
45 45 -2.176243744099032e-03
45 53 -1.586176873352259e-02
45 75 -5.774227161227763e-02
45 83 -2.204393779152262e-02
46 46 -1.305746246459419e-03
46 54 -9.517061240113553e-03
46 61  3.114386526345020e-02
46 69  8.713631502534185e-04
46 76 -5.774227161227763e-02
46 84 -2.204393779152262e-02
47 47  4.352487488198065e-04
47 55  3.172353746704517e-03
47 62  5.571183984893523e-02
47 70  1.558741789644006e-03
47 77 -5.000627408845346e-02
47 85 -1.909061012690243e-02
48 48  3.046741241738646e-03
48 56  2.220647622693162e-02
48 63  6.382593080325071e-02
48 71  1.785763059983647e-03
48 78 -3.416078857156426e-02
48 86 -1.304136947083326e-02
49 49 -1.425729738882768e-02
50 50 -2.036756769832526e-03
50 57  1.669126246070210e-02
50 65 -6.191204568466276e-02
51 51  6.110270309497577e-03
51 58  1.456932831819852e-02
51 66 -5.404126395800594e-02
51 73  4.610820394392708e-03
51 81 -2.825885333565014e-02
52 52  1.018378384916263e-02
52 59  8.144502126501148e-03
52 67 -3.020998495002765e-02
52 74  6.749549938860643e-03
52 82 -4.136672554755431e-02
53 53  1.018378384916263e-02
53 75  7.793708948220028e-03
53 83 -4.776618026074769e-02
54 54  6.110270309497577e-03
54 61 -8.144502126501148e-03
54 69  3.020998495002765e-02
54 76  7.793708948220028e-03
54 84 -4.776618026074769e-02
55 55 -2.036756769832526e-03
55 62 -1.456932831819852e-02
55 70  5.404126395800594e-02
55 77  6.749549938860643e-03
55 85 -4.136672554755431e-02
56 56 -1.425729738882768e-02
56 63 -1.669126246070210e-02
56 71  6.191204568466276e-02
56 78  4.610820394392708e-03
56 86 -2.825885333565014e-02
57 57  2.742067117564781e-02
57 65  1.909458692313907e-02
58 58  3.917238739378258e-03
58 66  2.727798131877010e-03
58 73 -5.124118285734638e-02
58 81  4.890513551562473e-03
59 59 -1.175171621813477e-02
59 67 -8.183394395631030e-03
59 74 -4.472697126530731e-02
59 82  4.268790197569972e-03
59 89 -3.819292270550781e-02
59 97 -1.262725169306876e-02
60 60 -1.958619369689129e-02
60 68 -1.363899065938505e-02
60 75 -2.500313704422673e-02
60 83  2.386326265862804e-03
60 90 -5.590871408163414e-02
60 98 -1.848440377260794e-02
61 61 -1.958619369689129e-02
61 69 -1.363899065938505e-02
61 91 -6.455782225015458e-02
61 99 -2.134395098784986e-02
62 62 -1.175171621813477e-02
62 70 -8.183394395631030e-03
62 77  2.500313704422673e-02
62 85 -2.386326265862804e-03
62 92 -6.455782225015458e-02
62 100 -2.134395098784986e-02
63 63  3.917238739378258e-03
63 71  2.727798131877010e-03
63 78  4.472697126530731e-02
63 86 -4.268790197569972e-03
63 93 -5.590871408163414e-02
63 101 -1.848440377260794e-02
64 64  2.742067117564781e-02
64 72  1.909458692313907e-02
64 79  5.124118285734638e-02
64 87 -4.890513551562473e-03
64 94 -3.819292270550781e-02
64 102 -1.262725169306876e-02
65 65  1.425729738882768e-02
66 66  2.036756769832526e-03
66 73  1.876789786571892e-02
66 81 -5.112218919274617e-02
67 67 -6.110270309497577e-03
67 74  1.638196430568706e-02
67 82 -4.462310507954528e-02
67 89  6.217228951484551e-03
67 97 -3.299923122752844e-02
68 68 -1.018378384916263e-02
68 75  9.157796448122856e-03
68 83 -2.494507408124485e-02
68 90  9.101091280937258e-03
68 98 -4.830592824328579e-02
69 69 -1.018378384916263e-02
69 91  1.050903500193696e-02
69 99 -5.577888134943159e-02
70 70 -6.110270309497577e-03
70 77 -9.157796448122856e-03
70 85  2.494507408124485e-02
70 92  1.050903500193696e-02
70 100 -5.577888134943159e-02
71 71  2.036756769832526e-03
71 78 -1.638196430568706e-02
71 86  4.462310507954528e-02
71 93  9.101091280937258e-03
71 101 -4.830592824328579e-02
72 72  1.425729738882768e-02
72 79 -1.876789786571892e-02
72 87  5.112218919274617e-02
72 94  6.217228951484551e-03
72 102 -3.299923122752844e-02
73 73  4.570111862607968e-02
73 81  1.453921289474186e-02
74 74  6.528731232297097e-03
74 82  2.077030413534551e-03
74 89 -3.567978000081658e-02
74 97  1.032181721625163e-02
75 75 -1.958619369689129e-02
75 83 -6.231091240603654e-03
75 90 -3.114386526345020e-02
75 98  9.009620705327896e-03
75 105 -4.087632315827838e-02
75 113 -1.179636253285900e-02
76 76 -3.264365616148548e-02
76 84 -1.038515206767276e-02
76 91 -1.740994995279226e-02
76 99  5.036531087150694e-03
76 106 -5.983681012804754e-02
76 114 -1.726810658451667e-02
77 77 -3.264365616148548e-02
77 85 -1.038515206767276e-02
77 107 -6.909359686975354e-02
77 115 -1.993949196993169e-02
78 78 -1.958619369689129e-02
78 86 -6.231091240603654e-03
78 93  1.740994995279226e-02
78 101 -5.036531087150694e-03
78 108 -6.909359686975354e-02
78 116 -1.993949196993169e-02
79 79  6.528731232297097e-03
79 87  2.077030413534551e-03
79 94  3.114386526345020e-02
79 102 -9.009620705327896e-03
79 109 -5.983681012804754e-02
79 117 -1.726810658451667e-02
80 80  4.570111862607968e-02
80 88  1.453921289474186e-02
80 95  3.567978000081658e-02
80 103 -1.032181721625163e-02
80 110 -4.087632315827838e-02
80 118 -1.179636253285900e-02
81 81  3.564324347206920e-02
82 82  5.091891924581314e-03
82 89  1.958057011593811e-02
82 97 -3.614884664729245e-02
83 83 -1.527567577374394e-02
83 90  1.709132280127174e-02
83 98 -3.155330019934634e-02
83 105  7.802560409276230e-03
83 113 -3.614884664729245e-02
84 84 -2.545945962290657e-02
84 91  9.554339902258936e-03
84 99 -1.763883104004902e-02
84 106  1.142177890889702e-02
84 114 -5.291649312014706e-02
85 85 -2.545945962290657e-02
85 107  1.318873425535216e-02
85 115 -6.110270309497576e-02
86 86 -1.527567577374394e-02
86 93 -9.554339902258936e-03
86 101  1.763883104004902e-02
86 108  1.318873425535216e-02
86 116 -6.110270309497576e-02
87 87  5.091891924581314e-03
87 94 -1.709132280127174e-02
87 102  3.155330019934634e-02
87 109  1.142177890889702e-02
87 117 -5.291649312014706e-02
88 88  3.564324347206920e-02
88 95 -1.958057011593811e-02
88 103  3.614884664729245e-02
88 110  7.802560409276230e-03
88 118 -3.614884664729245e-02
89 89  5.788808359303426e-02
89 97  9.065755956871251e-03
90 90  8.269726227576322e-03
90 98  1.295107993838750e-03
90 105 -1.828044745043187e-02
90 113  1.450760768088738e-02
91 91 -2.480917868272897e-02
91 99 -3.885323981516250e-03
91 106 -1.595648270081268e-02
91 114  1.266327816197889e-02
91 121 -4.221688502565460e-02
91 129 -1.066032698163721e-02
92 92 -4.134863113788161e-02
92 100 -6.475539969193750e-03
92 107 -8.919945000204144e-03
92 115  7.078987697043347e-03
92 122 -6.179919176429424e-02
92 130 -1.560512081855246e-02
93 93 -4.134863113788161e-02
93 101 -6.475539969193750e-03
93 123 -7.135956000163315e-02
93 131 -1.801924141065579e-02
94 94 -2.480917868272897e-02
94 102 -3.885323981516250e-03
94 109  8.919945000204144e-03
94 117 -7.078987697043347e-03
94 124 -7.135956000163315e-02
94 132 -1.801924141065579e-02
95 95  8.269726227576322e-03
95 103  1.295107993838750e-03
95 110  1.595648270081268e-02
95 118 -1.266327816197889e-02
95 125 -6.179919176429424e-02
95 133 -1.560512081855246e-02
96 96  5.788808359303426e-02
96 104  9.065755956871251e-03
96 111  1.828044745043187e-02
96 119 -1.450760768088738e-02
96 126 -4.221688502565460e-02
96 134 -1.066032698163721e-02
97 97  4.990054086089688e-02
98 98  7.128648694413839e-03
98 105  1.913881813117264e-02
98 113 -1.866718413994260e-02
99 99 -2.138594608324152e-02
99 106  1.670573005677941e-02
99 114 -1.629405415866021e-02
99 121  9.305096252634790e-03
99 129 -3.772126325872860e-02
100 100 -3.564324347206920e-02
100 107  9.338787005180043e-03
100 115 -9.108653181956840e-03
100 122  1.362126616760912e-02
100 130 -5.521827534885609e-02
101 101 -3.564324347206920e-02
101 123  1.572848337714534e-02
101 131 -6.376057227369789e-02
102 102 -2.138594608324152e-02
102 109 -9.338787005180043e-03
102 117  9.108653181956840e-03
102 124  1.572848337714534e-02
102 132 -6.376057227369789e-02
103 103  7.128648694413839e-03
103 110 -1.670573005677941e-02
103 118  1.629405415866021e-02
103 125  1.362126616760912e-02
103 133 -5.521827534885609e-02
104 104  4.990054086089688e-02
104 111 -1.913881813117264e-02
104 119  1.866718413994260e-02
104 126  9.305096252634790e-03
104 134 -3.772126325872860e-02
105 105  6.398156607651155e-02
105 113  3.077371326248838e-03
106 106  9.140223725215937e-03
106 114  4.396244751784055e-04
106 129  1.744705547369023e-02
107 107 -2.742067117564781e-02
107 115 -1.318873425535216e-03
107 130  1.522903854519602e-02
107 137 -4.221688502565460e-02
107 145 -9.305096252634790e-03
108 108 -4.570111862607968e-02
108 116 -2.198122375892027e-03
108 131  8.513291354755701e-03
108 138 -6.179919176429424e-02
108 146 -1.362126616760912e-02
109 109 -4.570111862607968e-02
109 117 -2.198122375892027e-03
109 139 -7.135956000163315e-02
109 147 -1.572848337714534e-02
110 110 -2.742067117564781e-02
110 118 -1.318873425535216e-03
110 133 -8.513291354755701e-03
110 140 -7.135956000163315e-02
110 148 -1.572848337714534e-02
111 111  9.140223725215937e-03
111 119  4.396244751784055e-04
111 134 -1.522903854519602e-02
111 141 -6.179919176429424e-02
111 149 -1.362126616760912e-02
112 112  6.398156607651155e-02
112 120  3.077371326248838e-03
112 135 -1.744705547369023e-02
112 142 -4.221688502565460e-02
112 150 -9.305096252634790e-03
113 113  5.702918955531072e-02
114 114  8.147027079330103e-03
114 121  1.744705547369023e-02
115 115 -2.444108123799031e-02
115 122  1.522903854519602e-02
115 137  1.066032698163721e-02
115 145 -3.772126325872860e-02
116 116 -4.073513539665052e-02
116 123  8.513291354755701e-03
116 138  1.560512081855246e-02
116 146 -5.521827534885609e-02
117 117 -4.073513539665052e-02
117 139  1.801924141065579e-02
117 147 -6.376057227369789e-02
118 118 -2.444108123799031e-02
118 125 -8.513291354755701e-03
118 140  1.801924141065579e-02
118 148 -6.376057227369789e-02
119 119  8.147027079330103e-03
119 126 -1.522903854519602e-02
119 141  1.560512081855246e-02
119 149 -5.521827534885609e-02
120 120  5.702918955531072e-02
120 127 -1.744705547369023e-02
120 142  1.066032698163721e-02
120 150 -3.772126325872860e-02
121 121  6.398156607651155e-02
121 129 -3.077371326248838e-03
122 122  9.140223725215937e-03
122 130 -4.396244751784055e-04
122 137  1.828044745043187e-02
122 145  1.913881813117264e-02
123 123 -2.742067117564781e-02
123 131  1.318873425535216e-03
123 138  1.595648270081268e-02
123 146  1.670573005677941e-02
123 153 -4.087632315827838e-02
123 161 -7.802560409276230e-03
124 124 -4.570111862607968e-02
124 132  2.198122375892027e-03
124 139  8.919945000204144e-03
124 147  9.338787005180043e-03
124 154 -5.983681012804754e-02
124 162 -1.142177890889702e-02
125 125 -4.570111862607968e-02
125 133  2.198122375892027e-03
125 155 -6.909359686975354e-02
125 163 -1.318873425535216e-02
126 126 -2.742067117564781e-02
126 134  1.318873425535216e-03
126 141 -8.919945000204144e-03
126 149 -9.338787005180043e-03
126 156 -6.909359686975354e-02
126 164 -1.318873425535216e-02
127 127  9.140223725215937e-03
127 135 -4.396244751784055e-04
127 142 -1.595648270081268e-02
127 150 -1.670573005677941e-02
127 157 -5.983681012804754e-02
127 165 -1.142177890889702e-02
128 128  6.398156607651155e-02
128 136 -3.077371326248838e-03
128 143 -1.828044745043187e-02
128 151 -1.913881813117264e-02
128 158 -4.087632315827838e-02
128 166 -7.802560409276230e-03
129 129  5.702918955531072e-02
130 130  8.147027079330103e-03
130 137  1.450760768088738e-02
130 145  1.866718413994260e-02
131 131 -2.444108123799031e-02
131 138  1.266327816197889e-02
131 146  1.629405415866021e-02
131 153  1.179636253285900e-02
131 161 -3.614884664729245e-02
132 132 -4.073513539665052e-02
132 139  7.078987697043347e-03
132 147  9.108653181956840e-03
132 154  1.726810658451667e-02
132 162 -5.291649312014706e-02
133 133 -4.073513539665052e-02
133 155  1.993949196993169e-02
133 163 -6.110270309497576e-02
134 134 -2.444108123799031e-02
134 141 -7.078987697043347e-03
134 149 -9.108653181956840e-03
134 156  1.993949196993169e-02
134 164 -6.110270309497576e-02
135 135  8.147027079330103e-03
135 142 -1.266327816197889e-02
135 150 -1.629405415866021e-02
135 157  1.726810658451667e-02
135 165 -5.291649312014706e-02
136 136  5.702918955531072e-02
136 143 -1.450760768088738e-02
136 151 -1.866718413994260e-02
136 158  1.179636253285900e-02
136 166 -3.614884664729245e-02
137 137  5.788808359303426e-02
137 145 -9.065755956871251e-03
138 138  8.269726227576322e-03
138 146 -1.295107993838750e-03
138 153  3.567978000081658e-02
138 161  1.958057011593811e-02
139 139 -2.480917868272897e-02
139 147  3.885323981516250e-03
139 154  3.114386526345020e-02
139 162  1.709132280127174e-02
139 169 -3.819292270550781e-02
139 177 -6.217228951484551e-03
140 140 -4.134863113788161e-02
140 148  6.475539969193750e-03
140 155  1.740994995279226e-02
140 163  9.554339902258936e-03
140 170 -5.590871408163414e-02
140 178 -9.101091280937258e-03
141 141 -4.134863113788161e-02
141 149  6.475539969193750e-03
141 171 -6.455782225015458e-02
141 179 -1.050903500193696e-02
142 142 -2.480917868272897e-02
142 150  3.885323981516250e-03
142 157 -1.740994995279226e-02
142 165 -9.554339902258936e-03
142 172 -6.455782225015458e-02
142 180 -1.050903500193696e-02
143 143  8.269726227576322e-03
143 151 -1.295107993838750e-03
143 158 -3.114386526345020e-02
143 166 -1.709132280127174e-02
143 173 -5.590871408163414e-02
143 181 -9.101091280937258e-03
144 144  5.788808359303426e-02
144 152 -9.065755956871251e-03
144 159 -3.567978000081658e-02
144 167 -1.958057011593811e-02
144 174 -3.819292270550781e-02
144 182 -6.217228951484551e-03
145 145  4.990054086089688e-02
146 146  7.128648694413839e-03
146 153  1.032181721625163e-02
146 161  3.614884664729245e-02
147 147 -2.138594608324152e-02
147 154  9.009620705327896e-03
147 162  3.155330019934634e-02
147 169  1.262725169306876e-02
147 177 -3.299923122752844e-02
148 148 -3.564324347206920e-02
148 155  5.036531087150694e-03
148 163  1.763883104004902e-02
148 170  1.848440377260794e-02
148 178 -4.830592824328579e-02
149 149 -3.564324347206920e-02
149 171  2.134395098784986e-02
149 179 -5.577888134943159e-02
150 150 -2.138594608324152e-02
150 157 -5.036531087150694e-03
150 165 -1.763883104004902e-02
150 172  2.134395098784986e-02
150 180 -5.577888134943159e-02
151 151  7.128648694413839e-03
151 158 -9.009620705327896e-03
151 166 -3.155330019934634e-02
151 173  1.848440377260794e-02
151 181 -4.830592824328579e-02
152 152  4.990054086089688e-02
152 159 -1.032181721625163e-02
152 167 -3.614884664729245e-02
152 174  1.262725169306876e-02
152 182 -3.299923122752844e-02
153 153  4.570111862607968e-02
153 161 -1.453921289474186e-02
154 154  6.528731232297097e-03
154 162 -2.077030413534551e-03
154 169  5.124118285734638e-02
154 177  1.876789786571892e-02
155 155 -1.958619369689129e-02
155 163  6.231091240603654e-03
155 170  4.472697126530731e-02
155 178  1.638196430568706e-02
155 185 -3.416078857156426e-02
155 193 -4.610820394392708e-03
156 156 -3.264365616148548e-02
156 164  1.038515206767276e-02
156 171  2.500313704422673e-02
156 179  9.157796448122856e-03
156 186 -5.000627408845346e-02
156 194 -6.749549938860643e-03
157 157 -3.264365616148548e-02
157 165  1.038515206767276e-02
157 187 -5.774227161227763e-02
157 195 -7.793708948220028e-03
158 158 -1.958619369689129e-02
158 166  6.231091240603654e-03
158 173 -2.500313704422673e-02
158 181 -9.157796448122856e-03
158 188 -5.774227161227763e-02
158 196 -7.793708948220028e-03
159 159  6.528731232297097e-03
159 167 -2.077030413534551e-03
159 174 -4.472697126530731e-02
159 182 -1.638196430568706e-02
159 189 -5.000627408845346e-02
159 197 -6.749549938860643e-03
160 160  4.570111862607968e-02
160 168 -1.453921289474186e-02
160 175 -5.124118285734638e-02
160 183 -1.876789786571892e-02
160 190 -3.416078857156426e-02
160 198 -4.610820394392708e-03
161 161  3.564324347206920e-02
162 162  5.091891924581314e-03
162 169  4.890513551562473e-03
162 177  5.112218919274617e-02
163 163 -1.527567577374394e-02
163 170  4.268790197569972e-03
163 178  4.462310507954528e-02
163 185  1.304136947083326e-02
163 193 -2.825885333565014e-02
164 164 -2.545945962290657e-02
164 171  2.386326265862804e-03
164 179  2.494507408124485e-02
164 186  1.909061012690243e-02
164 194 -4.136672554755431e-02
165 165 -2.545945962290657e-02
165 187  2.204393779152262e-02
165 195 -4.776618026074769e-02
166 166 -1.527567577374394e-02
166 173 -2.386326265862804e-03
166 181 -2.494507408124485e-02
166 188  2.204393779152262e-02
166 196 -4.776618026074769e-02
167 167  5.091891924581314e-03
167 174 -4.268790197569972e-03
167 182 -4.462310507954528e-02
167 189  1.909061012690243e-02
167 197 -4.136672554755431e-02
168 168  3.564324347206920e-02
168 175 -4.890513551562473e-03
168 183 -5.112218919274617e-02
168 190  1.304136947083326e-02
168 198 -2.825885333565014e-02
169 169  2.742067117564781e-02
169 177 -1.909458692313907e-02
170 170  3.917238739378258e-03
170 178 -2.727798131877010e-03
170 185  6.382593080325071e-02
170 193  1.669126246070210e-02
171 171 -1.175171621813477e-02
171 179  8.183394395631030e-03
171 186  5.571183984893523e-02
171 194  1.456932831819852e-02
171 201 -2.876595827691711e-02
171 209 -3.045807709039204e-03
172 172 -1.958619369689129e-02
172 180  1.363899065938505e-02
172 187  3.114386526345020e-02
172 195  8.144502126501148e-03
172 202 -4.210905117131681e-02
172 210 -4.458605948157846e-03
173 173 -1.958619369689129e-02
173 181  1.363899065938505e-02
173 203 -4.862334405815897e-02
173 211 -5.148354688758797e-03
174 174 -1.175171621813477e-02
174 182  8.183394395631030e-03
174 189 -3.114386526345020e-02
174 197 -8.144502126501148e-03
174 204 -4.862334405815897e-02
174 212 -5.148354688758797e-03
175 175  3.917238739378258e-03
175 183 -2.727798131877010e-03
175 190 -5.571183984893523e-02
175 198 -1.456932831819852e-02
175 205 -4.210905117131681e-02
175 213 -4.458605948157846e-03
176 176  2.742067117564781e-02
176 184 -1.909458692313907e-02
176 191 -6.382593080325071e-02
176 199 -1.669126246070210e-02
176 206 -2.876595827691711e-02
176 214 -3.045807709039204e-03
177 177  1.425729738882768e-02
178 178  2.036756769832526e-03
178 185 -1.785763059983647e-03
178 193  6.191204568466276e-02
179 179 -6.110270309497577e-03
179 186 -1.558741789644006e-03
179 194  5.404126395800594e-02
179 201  1.287732055720103e-02
179 209 -2.188921367037818e-02
180 180 -1.018378384916263e-02
180 187 -8.713631502534185e-04
180 195  3.020998495002765e-02
180 202  1.885046710673120e-02
180 210 -3.204252782656215e-02
181 181 -1.018378384916263e-02
181 203  2.176664451684289e-02
181 211 -3.699952413236345e-02
182 182 -6.110270309497577e-03
182 189  8.713631502534185e-04
182 197 -3.020998495002765e-02
182 204  2.176664451684289e-02
182 212 -3.699952413236345e-02
183 183  2.036756769832526e-03
183 190  1.558741789644006e-03
183 198 -5.404126395800594e-02
183 205  1.885046710673120e-02
183 213 -3.204252782656215e-02
184 184  1.425729738882768e-02
184 191  1.785763059983647e-03
184 199 -6.191204568466276e-02
184 206  1.287732055720103e-02
184 214 -2.188921367037818e-02
185 185  3.046741241738646e-03
185 193 -2.220647622693162e-02
186 186  4.352487488198065e-04
186 194 -3.172353746704517e-03
186 201  7.191489569229279e-02
186 209  1.332540872704652e-02
187 187 -1.305746246459419e-03
187 195  9.517061240113553e-03
187 202  6.277246725805435e-02
187 210  1.163137031579349e-02
187 217 -2.197036354031902e-02
187 225 -1.585088587204687e-03
188 188 -2.176243744099032e-03
188 196  1.586176873352259e-02
188 203  3.509087597609734e-02
188 211  6.502133674396859e-03
188 218 -3.216131907255469e-02
188 226 -2.320332101824412e-03
189 189 -2.176243744099032e-03
189 197  1.586176873352259e-02
189 219 -3.713669244806579e-02
189 227 -2.679288727195308e-03
190 190 -1.305746246459419e-03
190 198  9.517061240113553e-03
190 205 -3.509087597609734e-02
190 213 -6.502133674396859e-03
190 220 -3.713669244806579e-02
190 228 -2.679288727195308e-03
191 191  4.352487488198065e-04
191 199 -3.172353746704517e-03
191 206 -6.277246725805435e-02
191 214 -1.163137031579349e-02
191 221 -3.216131907255469e-02
191 229 -2.320332101824412e-03
192 192  3.046741241738646e-03
192 200 -2.220647622693162e-02
192 207 -7.191489569229279e-02
192 215 -1.332540872704652e-02
192 222 -2.197036354031902e-02
192 230 -1.585088587204687e-03
193 193 -1.425729738882768e-02
194 194 -2.036756769832526e-03
194 201 -9.706645589401397e-03
194 209  6.599846245505690e-02
195 195  6.110270309497577e-03
195 202 -8.472654887150695e-03
195 210  5.760818094304748e-02
195 217  1.186171684201097e-02
195 225 -1.373867553097340e-02
196 196  1.018378384916263e-02
196 203 -4.736358069391191e-03
196 211  3.220395216219053e-02
196 218  1.736377549712003e-02
196 226 -2.011136167933976e-02
197 197  1.018378384916263e-02
197 219  2.004996091482095e-02
197 227 -2.322260015867347e-02
198 198  6.110270309497577e-03
198 205  4.736358069391191e-03
198 213 -3.220395216219053e-02
198 220  2.004996091482095e-02
198 228 -2.322260015867347e-02
199 199 -2.036756769832526e-03
199 206  8.472654887150695e-03
199 214 -5.760818094304748e-02
199 221  1.736377549712003e-02
199 229 -2.011136167933976e-02
200 200 -1.425729738882768e-02
200 207  9.706645589401397e-03
200 215 -6.599846245505690e-02
200 222  1.186171684201097e-02
200 230 -1.373867553097340e-02
201 201 -2.742067117564781e-02
201 209 -2.306562614262676e-02
202 202 -3.917238739378258e-03
202 210 -3.295089448946679e-03
202 217  7.312178980172748e-02
202 225  8.572677265978906e-03
203 203  1.175171621813477e-02
203 211  9.885268346840038e-03
203 218  6.382593080325071e-02
203 226  7.482846186623889e-03
203 233 -1.362544105275946e-02
204 204  1.958619369689129e-02
204 212  1.647544724473340e-02
204 219  3.567978000081658e-02
204 227  4.183038184616523e-03
204 234 -1.994560337601585e-02
205 205  1.958619369689129e-02
205 213  1.647544724473340e-02
205 235 -2.303119895658451e-02
206 206  1.175171621813477e-02
206 214  9.885268346840038e-03
206 221 -3.567978000081658e-02
206 229 -4.183038184616523e-03
206 236 -2.303119895658451e-02
207 207 -3.917238739378258e-03
207 215 -3.295089448946679e-03
207 222 -6.382593080325071e-02
207 230 -7.482846186623889e-03
207 237 -1.994560337601585e-02
208 208 -2.742067117564781e-02
208 216 -2.306562614262676e-02
208 223 -7.312178980172748e-02
208 231 -8.572677265978906e-03
208 238 -1.362544105275946e-02
209 209 -4.990054086089688e-02
210 210 -7.128648694413839e-03
210 217 -1.887187593487644e-02
210 225  5.828826379483792e-02
211 211  2.138594608324152e-02
211 218 -1.647272380521653e-02
211 226  5.087816780331404e-02
211 233  9.377510545183579e-03
212 212  3.564324347206920e-02
212 219 -9.208532550760791e-03
212 227  2.844176044471283e-02
212 234  1.372726983768044e-02
213 213  3.564324347206920e-02
213 235  1.585088587204687e-02
214 214  2.138594608324152e-02
214 221  9.208532550760791e-03
214 229 -2.844176044471283e-02
214 236  1.585088587204687e-02
215 215 -7.128648694413839e-03
215 222  1.647272380521653e-02
215 230 -5.087816780331404e-02
215 237  1.372726983768044e-02
216 216 -4.990054086089688e-02
216 223  1.887187593487644e-02
216 231 -5.828826379483792e-02
216 238  9.377510545183579e-03
217 217 -6.398156607651155e-02
217 225 -2.000291362061745e-02
218 218 -9.140223725215935e-03
218 226 -2.857559088659636e-03
218 233  6.243961500142902e-02
219 219  2.742067117564781e-02
219 227  8.572677265978906e-03
219 234  5.450176421103784e-02
220 220  4.570111862607968e-02
220 228  1.428779544329818e-02
220 235  3.046741241738645e-02
221 221  4.570111862607968e-02
221 229  1.428779544329818e-02
222 222  2.742067117564781e-02
222 230  8.572677265978906e-03
222 237 -3.046741241738645e-02
223 223 -9.140223725215935e-03
223 231 -2.857559088659636e-03
223 238 -5.450176421103784e-02
224 224 -6.398156607651155e-02
224 232 -2.000291362061745e-02
224 239 -6.243961500142902e-02
225 225 -9.267243302737992e-02
226 226 -1.323891900391142e-02
226 233 -2.928126729231566e-02
227 227  3.971675701173425e-02
227 234 -2.555878548786117e-02
228 228  6.619459501955709e-02
228 235 -1.428779544329818e-02
229 229  6.619459501955709e-02
230 230  3.971675701173425e-02
230 237  1.428779544329818e-02
231 231 -1.323891900391142e-02
231 238  2.555878548786117e-02
232 232 -9.267243302737992e-02
232 239  2.928126729231566e-02
233 233 -1.066359434608526e-01
234 234 -1.523370620869323e-02
235 235  4.570111862607968e-02
236 236  7.616853104346613e-02
237 237  7.616853104346613e-02
238 238  4.570111862607968e-02
239 239 -1.523370620869323e-02
240 240 -1.066359434608526e-01
